Workbook

Sheet ItemData
A2: string | B2: int | C2: string | D2: int | E2: int | F2: int | G2: List<int> | H2: List<int> | I2: bool | J2: bool | K2: int | L2: int | M2: int | N2: int | O2: int | P2: int | Q2: int2 | R2: List<int> | S2: List<int> | T2: int | U2: int | V2: int | W2: List<int> | X2: bool | Y2: int | Z2: int | AA2: int | AB2: int | AC2: int | AD2: int | AE2: int | AF2: int | AG2: int | AH2: int | AI2: int | AJ2: string | AK2: string
A3: itemName | B3: id | C3: iconName | D3: type | E3: typeValue | F3: otherType | G3: manufacture | H3: tag | I3: isFresh | J3: itemValue | K3: attributeType | L3: equipLevel | M3: groupCount | N3: shopMoneyType | O3: shopPrice | P3: sellPrice | Q3: range | R3: dropEventId | S3: checkEventId | T3: sceneType | U3: useEventId | V3: fightUseSkill | W3: equipEventId | X3: showProperty | Y3: HP | Z3: MP | AA3: Power | AB3: MaxHP | AC3: MaxMP | AD3: MaxPower | AE3: AT | AF3: DF | AG3: Lucky | AH3: Speed | AI3: Other | AJ3: info | AK3: useInfo
A4: 未知的物品 | B4: 1 | C4: default | D4: -1 | E4: 0 | F4: 0 | H4: 0 | I4: 0 | J4: 0 | K4: 0 | L4: 0 | M4: 0 | N4: 1 | O4: 0 | P4: 10 | T4: 0 | U4: 0 | V4: 0 | X4: false | Y4: 0 | Z4: 0 | AA4: 0 | AB4: 0 | AC4: 0 | AD4: 0 | AE4: 0 | AF4: 0 | AG4: 0 | AH4: 0 | AI4: 0 | AJ4: ????????
A5: 失败的徒手 | B5: 20 | C5: 失败的徒手 | D5: 4 | E5: 0 | F5: 0 | H5: 0 | I5: 0 | J5: 0 | K5: 0 | L5: 0 | M5: 0 | N5: 1 | O5: 0 | P5: 10 | T5: 0 | U5: 0 | V5: 0 | X5: false | Y5: 0 | Z5: 0 | AA5: 0 | AB5: 0 | AC5: 0 | AD5: 0 | AE5: 0 | AF5: 0 | AG5: 0 | AH5: 0 | AI5: 0 | AJ5: 看起来不像是能吃的样子
A6: 失败的搅拌 | B6: 21 | C6: 失败的搅拌 | D6: 4 | E6: 0 | F6: 0 | H6: 0 | I6: 0 | J6: 0 | K6: 0 | L6: 0 | M6: 0 | N6: 1 | O6: 0 | P6: 10 | T6: 0 | U6: 0 | V6: 0 | X6: false | Y6: 0 | Z6: 0 | AA6: 0 | AB6: 0 | AC6: 0 | AD6: 0 | AE6: 0 | AF6: 0 | AG6: 0 | AH6: 0 | AI6: 0 | AJ6: 看起来不像是能吃的样子
A7: 失败的烘烤 | B7: 22 | C7: 失败的烘烤 | D7: 4 | E7: 0 | F7: 0 | H7: 0 | I7: 0 | J7: 0 | K7: 0 | L7: 0 | M7: 0 | N7: 1 | O7: 0 | P7: 10 | T7: 0 | U7: 0 | V7: 0 | X7: false | Y7: 0 | Z7: 0 | AA7: 0 | AB7: 0 | AC7: 0 | AD7: 0 | AE7: 0 | AF7: 0 | AG7: 0 | AH7: 0 | AI7: 0 | AJ7: 看起来不像是能吃的样子
A8: 失败的蒸煮 | B8: 23 | C8: 失败的蒸煮 | D8: 4 | E8: 0 | F8: 0 | H8: 0 | I8: 0 | J8: 0 | K8: 0 | L8: 0 | M8: 0 | N8: 1 | O8: 0 | P8: 10 | T8: 0 | U8: 0 | V8: 0 | X8: false | Y8: 0 | Z8: 0 | AA8: 0 | AB8: 0 | AC8: 0 | AD8: 0 | AE8: 0 | AF8: 0 | AG8: 0 | AH8: 0 | AI8: 0 | AJ8: 看起来不像是能吃的样子
A9: 失败的酿造 | B9: 24 | C9: 失败的酿造 | D9: 4 | E9: 0 | F9: 0 | H9: 0 | I9: 0 | J9: 0 | K9: 0 | L9: 0 | M9: 0 | N9: 1 | O9: 0 | P9: 10 | T9: 0 | U9: 0 | V9: 0 | X9: false | Y9: 0 | Z9: 0 | AA9: 0 | AB9: 0 | AC9: 0 | AD9: 0 | AE9: 0 | AF9: 0 | AG9: 0 | AH9: 0 | AI9: 0 | AJ9: 看起来不像是能吃的样子
A10: 失败的铸造 | B10: 25 | C10: 失败的铸造 | D10: 4 | E10: 0 | F10: 0 | H10: 0 | I10: 0 | J10: 0 | K10: 0 | L10: 0 | M10: 0 | N10: 1 | O10: 0 | P10: 10 | T10: 0 | U10: 0 | V10: 0 | X10: false | Y10: 0 | Z10: 0 | AA10: 0 | AB10: 0 | AC10: 0 | AD10: 0 | AE10: 0 | AF10: 0 | AG10: 0 | AH10: 0 | AI10: 0 | AJ10: 一团杂乱的物体
A11: 失败的缝纫 | B11: 26 | C11: 失败的缝纫 | D11: 4 | E11: 0 | F11: 0 | H11: 0 | I11: 0 | J11: 0 | K11: 0 | L11: 0 | M11: 0 | N11: 1 | O11: 0 | P11: 10 | T11: 0 | U11: 0 | V11: 0 | X11: false | Y11: 0 | Z11: 0 | AA11: 0 | AB11: 0 | AC11: 0 | AD11: 0 | AE11: 0 | AF11: 0 | AG11: 0 | AH11: 0 | AI11: 0 | AJ11: 一团杂乱的物体
A12: 失败的绘写 | B12: 27 | C12: 失败的绘写 | D12: 4 | E12: 0 | F12: 0 | H12: 0 | I12: 0 | J12: 0 | K12: 0 | L12: 0 | M12: 0 | N12: 1 | O12: 0 | P12: 10 | T12: 0 | U12: 0 | V12: 0 | X12: false | Y12: 0 | Z12: 0 | AA12: 0 | AB12: 0 | AC12: 0 | AD12: 0 | AE12: 0 | AF12: 0 | AG12: 0 | AH12: 0 | AI12: 0 | AJ12: 一团杂乱的物体
A13: 传送卷轴 | B13: 11 | C13: 卷轴 | D13: 5 | E13: 0 | F13: 0 | H13: 0 | I13: 0 | J13: 0 | K13: 0 | L13: 0 | M13: 9 | N13: 1 | O13: 1000 | P13: =O13/2 -> 500 | T13: 2 | U13: 7000 | V13: 0 | X13: false | Y13: 0 | Z13: 0 | AA13: 0 | AB13: 0 | AC13: 0 | AD13: 0 | AE13: 0 | AF13: 0 | AG13: 0 | AH13: 0 | AI13: 0 | AJ13: 快速在城镇中移动
A14: 鱼饵 | B14: 12 | C14: 鱼饵 | D14: 5 | E14: 0 | F14: 0 | H14: 0 | I14: 0 | J14: 0 | K14: 0 | L14: 0 | M14: 19 | N14: 1 | O14: 52 | P14: =O14/2 -> 26 | T14: 2 | U14: 0 | V14: 0 | X14: false | Y14: 0 | Z14: 0 | AA14: 0 | AB14: 0 | AC14: 0 | AD14: 0 | AE14: 0 | AF14: 0 | AG14: 0 | AH14: 0 | AI14: 0 | AJ14: 用来引诱鱼类的饵料
A15: 食物配方 | B15: 20 | C15: 食物配方 | D15: 5 | E15: 1000 | F15: 0 | H15: 0 | I15: 0 | J15: 0 | K15: 0 | L15: 0 | M15: 9 | N15: 1 | O15: 500 | P15: =O15/2 -> 250 | T15: 2 | U15: 50 | V15: 0 | X15: false | Y15: 0 | Z15: 0 | AA15: 0 | AB15: 0 | AC15: 0 | AD15: 0 | AE15: 0 | AF15: 0 | AG15: 0 | AH15: 0 | AI15: 0 | AJ15: 未知的食物配方
A16: 酒水配方 | B16: 21 | C16: 酒水配方 | D16: 5 | E16: 1001 | F16: 0 | H16: 0 | I16: 0 | J16: 0 | K16: 0 | L16: 0 | M16: 9 | N16: 1 | O16: 500 | P16: =O16/2 -> 250 | T16: 2 | U16: 50 | V16: 0 | X16: false | Y16: 0 | Z16: 0 | AA16: 0 | AB16: 0 | AC16: 0 | AD16: 0 | AE16: 0 | AF16: 0 | AG16: 0 | AH16: 0 | AI16: 0 | AJ16: 未知的酒水配方
A17: 铸造配方 | B17: 22 | C17: 铸造配方 | D17: 5 | E17: 1002 | F17: 0 | H17: 0 | I17: 0 | J17: 0 | K17: 0 | L17: 0 | M17: 9 | N17: 1 | O17: 500 | P17: =O17/2 -> 250 | T17: 2 | U17: 50 | V17: 0 | X17: false | Y17: 0 | Z17: 0 | AA17: 0 | AB17: 0 | AC17: 0 | AD17: 0 | AE17: 0 | AF17: 0 | AG17: 0 | AH17: 0 | AI17: 0 | AJ17: 未知的铸造配方
A18: 缝纫配方 | B18: 23 | C18: 缝纫配方 | D18: 5 | E18: 1003 | F18: 0 | H18: 0 | I18: 0 | J18: 0 | K18: 0 | L18: 0 | M18: 9 | N18: 1 | O18: 500 | P18: =O18/2 -> 250 | T18: 2 | U18: 50 | V18: 0 | X18: false | Y18: 0 | Z18: 0 | AA18: 0 | AB18: 0 | AC18: 0 | AD18: 0 | AE18: 0 | AF18: 0 | AG18: 0 | AH18: 0 | AI18: 0 | AJ18: 未知的缝纫配方
A19: 书写配方 | B19: 24 | C19: 书写配方 | D19: 5 | E19: 1004 | F19: 0 | H19: 0 | I19: 0 | J19: 0 | K19: 0 | L19: 0 | M19: 9 | N19: 1 | O19: 500 | P19: =O19/2 -> 250 | T19: 2 | U19: 50 | V19: 0 | X19: false | Y19: 0 | Z19: 0 | AA19: 0 | AB19: 0 | AC19: 0 | AD19: 0 | AE19: 0 | AF19: 0 | AG19: 0 | AH19: 0 | AI19: 0 | AJ19: 未知的书写配方
A20: 牧草 | B20: 100 | C20: 牧草 | D20: -1 | E20: 0 | F20: 0 | H20: 10,11,2 | I20: 0 | J20: 0 | K20: 0 | L20: 0 | M20: 29 | N20: 1 | O20: =P20*3 -> 180 | P20: 60 | T20: 0 | U20: 0 | V20: 0 | X20: false | Y20: 0 | Z20: 0 | AA20: 0 | AB20: 0 | AC20: 0 | AD20: 0 | AE20: 0 | AF20: 0 | AG20: 0 | AH20: 0 | AI20: 0 | AJ20: 未成熟的植物制成的鲜嫩可口的饲料
A21: 木材 | B21: 101 | C21: 木材 | D21: 5 | E21: 0 | F21: 0 | G21: 5010 | H21: 10,14,9 | I21: 0 | J21: 0 | K21: 0 | L21: 0 | M21: 29 | N21: 1 | O21: =P21*3 -> 201 | P21: 67 | T21: 0 | U21: 0 | V21: 0 | X21: false | Y21: 0 | Z21: 0 | AA21: 0 | AB21: 0 | AC21: 0 | AD21: 0 | AE21: 0 | AF21: 0 | AG21: 0 | AH21: 0 | AI21: 0 | AJ21: 常见的建造材料
A22: 原木 | B22: 102 | C22: 原木 | D22: 5 | E22: 0 | F22: 0 | G22: 5010 | H22: 10,14,9 | I22: 0 | J22: 0 | K22: 0 | L22: 0 | M22: 9 | N22: 1 | O22: =P22*3 -> 267 | P22: =VLOOKUP(A22,材料!$P$4:$R$85,3,FALSE) -> 89 | T22: 0 | U22: 0 | V22: 0 | X22: false | Y22: 0 | Z22: 0 | AA22: 0 | AB22: 0 | AC22: 0 | AD22: 0 | AE22: 0 | AF22: 0 | AG22: 0 | AH22: 0 | AI22: 0 | AJ22: 未加工过的原始木料
A23: 木柴 | B23: 103 | C23: 木柴 | D23: 5 | E23: 0 | F23: 0 | H23: 10,15 | I23: 0 | J23: 0 | K23: 0 | L23: 0 | M23: 49 | N23: 1 | O23: =P23*3 -> 147 | P23: 49 | T23: 0 | U23: 0 | V23: 0 | X23: false | Y23: 0 | Z23: 0 | AA23: 0 | AB23: 0 | AC23: 0 | AD23: 0 | AE23: 0 | AF23: 0 | AG23: 0 | AH23: 0 | AI23: 0 | AJ23: 细小的碎木条,除了做燃料似乎没有什么用处
A24: 木棒 | B24: 104 | C24: 木棒 | D24: 5 | E24: 0 | F24: 0 | G24: 5008,5010 | H24: 10,9,4 | I24: 0 | J24: 0 | K24: 0 | L24: 0 | M24: 39 | N24: 1 | O24: =P24*3 -> 147 | P24: =VLOOKUP(A24,材料!$P$4:$R$85,3,FALSE) -> 49 | T24: 0 | U24: 0 | V24: 0 | X24: false | Y24: 0 | Z24: 0 | AA24: 0 | AB24: 0 | AC24: 0 | AD24: 0 | AE24: 0 | AF24: 0 | AG24: 0 | AH24: 0 | AI24: 0 | AJ24: 细长结实的木制棍棒,很适合握持
A25: 干草 | B25: 105 | C25: 干草 | D25: 5 | E25: 0 | F25: 0 | G25: 5007 | H25: 10,11,2 | I25: 0 | J25: 0 | K25: 0 | L25: 0 | M25: 39 | N25: 1 | O25: =P25*3 -> 105 | P25: =VLOOKUP(A25,材料!$P$4:$R$85,3,FALSE) -> 35 | T25: 0 | U25: 0 | V25: 0 | X25: false | Y25: 0 | Z25: 0 | AA25: 0 | AB25: 0 | AC25: 0 | AD25: 0 | AE25: 0 | AF25: 0 | AG25: 0 | AH25: 0 | AI25: 0 | AJ25: 廉价的建筑材料
A26: 纯净水 | B26: 200 | C26: 纯净水 | D26: 5 | E26: 0 | F26: 0 | G26: 5002 | H26: 2,9 | I26: 0 | J26: 0 | K26: 0 | L26: 0 | M26: 49 | N26: 1 | O26: =P26*3 -> 75 | P26: 25 | T26: 0 | U26: 0 | V26: 0 | X26: false | Y26: 0 | Z26: 0 | AA26: 0 | AB26: 0 | AC26: 0 | AD26: 0 | AE26: 0 | AF26: 0 | AG26: 0 | AH26: 0 | AI26: 0 | AJ26: 不含杂质的水,用来煮汤最合适了
A27: 石块 | B27: 201 | C27: 石块 | D27: 5 | E27: 0 | F27: 0 | H27: 10,14,9 | I27: 0 | J27: 0 | K27: 0 | L27: 0 | M27: 49 | N27: 1 | O27: =P27*3 -> 75 | P27: =VLOOKUP(A27,材料!$P$4:$R$85,3,FALSE) -> 25 | T27: 0 | U27: 0 | V27: 0 | X27: false | Y27: 0 | Z27: 0 | AA27: 0 | AB27: 0 | AC27: 0 | AD27: 0 | AE27: 0 | AF27: 0 | AG27: 0 | AH27: 0 | AI27: 0 | AJ27: 一个平平无奇的石块.可以用来垒墙
A28: 龟壳 | B28: 202 | C28: 龟壳 | D28: 5 | E28: 0 | F28: 0 | G28: 5008 | H28: 11,9,18 | I28: 0 | J28: 0 | K28: 0 | L28: 0 | M28: 49 | N28: 1 | O28: =P28*3 -> 105 | P28: =VLOOKUP(A28,材料!$P$4:$R$85,3,FALSE) -> 35 | T28: 0 | U28: 0 | V28: 0 | X28: false | Y28: 0 | Z28: 0 | AA28: 0 | AB28: 0 | AC28: 0 | AD28: 0 | AE28: 0 | AF28: 0 | AG28: 0 | AH28: 0 | AI28: 0 | AJ28: 坚固的龟类甲壳,很好的防御材料
A29: 兽皮 | B29: 203 | C29: 兽皮 | D29: 5 | E29: 0 | F29: 0 | G29: 5013,5014 | H29: 11,12,6 | I29: 0 | J29: 0 | K29: 0 | L29: 0 | M29: 49 | N29: 1 | O29: =P29*3 -> 147 | P29: =VLOOKUP(A29,材料!$P$4:$R$85,3,FALSE) -> 49 | T29: 0 | U29: 0 | V29: 0 | X29: false | Y29: 0 | Z29: 0 | AA29: 0 | AB29: 0 | AC29: 0 | AD29: 0 | AE29: 0 | AF29: 0 | AG29: 0 | AH29: 0 | AI29: 0 | AJ29: =VLOOKUP(ItemData!A29,Sheet8!N:O,2,FALSE) -> #N/A
A30: 布片 | B30: 204 | C30: 布片 | D30: 5 | E30: 0 | F30: 0 | G30: 5007 | H30: 12,9,18 | I30: 0 | J30: 0 | K30: 0 | L30: 0 | M30: 49 | N30: 1 | O30: =P30*3 -> 147 | P30: =VLOOKUP(A30,材料!$P$4:$R$85,3,FALSE) -> 49 | T30: 0 | U30: 0 | V30: 0 | X30: false | Y30: 0 | Z30: 0 | AA30: 0 | AB30: 0 | AC30: 0 | AD30: 0 | AE30: 0 | AF30: 0 | AG30: 0 | AH30: 0 | AI30: 0 | AJ30: =VLOOKUP(ItemData!A30,Sheet8!N:O,2,FALSE) -> #N/A
A31: 石英砂 | B31: 205 | C31: 石英砂 | D31: 5 | E31: 0 | F31: 0 | G31: 5008 | H31: 10,13,15 | I31: 0 | J31: 0 | K31: 0 | L31: 0 | M31: 49 | N31: 1 | O31: =P31*3 -> 1065 | P31: =VLOOKUP(A31,材料!$P$4:$R$85,3,FALSE) -> 355 | T31: 0 | U31: 0 | V31: 0 | X31: false | Y31: 0 | Z31: 0 | AA31: 0 | AB31: 0 | AC31: 0 | AD31: 0 | AE31: 0 | AF31: 0 | AG31: 0 | AH31: 0 | AI31: 0 | AJ31: 纯净的碎砂,有很多用处
A32: 草药茶 | B32: 207 | C32: 草药茶 | D32: 5 | E32: 0 | F32: 0 | G32: 5002,5006 | H32: 10,15,26 | I32: 0 | J32: 0 | K32: 0 | L32: 0 | M32: 49 | N32: 1 | O32: =P32*3 -> 537 | P32: =VLOOKUP(A32,材料!$P$4:$R$85,3,FALSE) -> 179 | T32: 0 | U32: 0 | V32: 0 | X32: false | Y32: 0 | Z32: 0 | AA32: 0 | AB32: 0 | AC32: 0 | AD32: 0 | AE32: 0 | AF32: 0 | AG32: 0 | AH32: 0 | AI32: 0 | AJ32: 常见的野生植物,对身体有很多好处
A33: 风晶石 | B33: 208 | C33: 风晶石 | D33: 5 | E33: 0 | F33: 0 | G33: 5007,5008 | H33: 13,17,29 | I33: 0 | J33: 0 | K33: 0 | L33: 0 | M33: 49 | N33: 1 | O33: =P33*3 -> 537 | P33: =VLOOKUP(A33,材料!$P$4:$R$85,3,FALSE) -> 179 | T33: 0 | U33: 0 | V33: 0 | X33: false | Y33: 0 | Z33: 0 | AA33: 0 | AB33: 0 | AC33: 0 | AD33: 0 | AE33: 0 | AF33: 0 | AG33: 0 | AH33: 0 | AI33: 0 | AJ33: 风元素聚焦的晶石
A34: 琥珀 | B34: 210 | C34: 琥珀 | D34: 5 | E34: 0 | F34: 0 | G34: 5008,5006 | H34: 13,18,10 | I34: 0 | J34: 0 | K34: 0 | L34: 0 | M34: 49 | N34: 1 | O34: =P34*3 -> 651 | P34: =VLOOKUP(A34,材料!$P$4:$R$85,3,FALSE) -> 217 | T34: 0 | U34: 0 | V34: 0 | X34: false | Y34: 0 | Z34: 0 | AA34: 0 | AB34: 0 | AC34: 0 | AD34: 0 | AE34: 0 | AF34: 0 | AG34: 0 | AH34: 0 | AI34: 0 | AJ34: 蕴含着奇怪能量的宝石
A35: 狼牙 | B35: 211 | C35: 狼牙 | D35: 5 | E35: 0 | F35: 0 | G35: 5007,5008 | H35: 11,4,18 | I35: 0 | J35: 0 | K35: 0 | L35: 0 | M35: 49 | N35: 1 | O35: =P35*3 -> 777 | P35: =VLOOKUP(A35,材料!$P$4:$R$85,3,FALSE) -> 259 | T35: 0 | U35: 0 | V35: 0 | X35: false | Y35: 0 | Z35: 0 | AA35: 0 | AB35: 0 | AC35: 0 | AD35: 0 | AE35: 0 | AF35: 0 | AG35: 0 | AH35: 0 | AI35: 0 | AJ35: =VLOOKUP(ItemData!A35,Sheet8!N:O,2,FALSE) -> #N/A
A36: 粘土 | B36: 212 | C36: 粘土 | D36: 5 | E36: 0 | F36: 0 | G36: 5008 | H36: 10,14,15 | I36: 0 | J36: 0 | K36: 0 | L36: 0 | M36: 49 | N36: 1 | O36: =P36*3 -> 1995 | P36: =VLOOKUP(A36,材料!$P$4:$R$85,3,FALSE) -> 665 | T36: 0 | U36: 0 | V36: 0 | X36: false | Y36: 0 | Z36: 0 | AA36: 0 | AB36: 0 | AC36: 0 | AD36: 0 | AE36: 0 | AF36: 0 | AG36: 0 | AH36: 0 | AI36: 0 | AJ36: 常见的材料,一些武器的制作却离不开它
A37: 尖刺 | B37: 213 | C37: 尖刺 | D37: 5 | E37: 0 | F37: 0 | G37: 5007,5008 | H37: 4,10,6 | I37: 0 | J37: 0 | K37: 0 | L37: 0 | M37: 49 | N37: 1 | O37: =P37*3 -> 777 | P37: =VLOOKUP(A37,材料!$P$4:$R$85,3,FALSE) -> 259 | T37: 0 | U37: 0 | V37: 0 | X37: false | Y37: 0 | Z37: 0 | AA37: 0 | AB37: 0 | AC37: 0 | AD37: 0 | AE37: 0 | AF37: 0 | AG37: 0 | AH37: 0 | AI37: 0 | AJ37: 刺猬身上的尖利的刺,小心扎破你的手
A38: 蛛丝 | B38: 214 | C38: 蛛丝 | D38: 5 | E38: 0 | F38: 0 | G38: 5007 | H38: 10,11,12 | I38: 0 | J38: 0 | K38: 0 | L38: 0 | M38: 49 | N38: 1 | O38: =P38*3 -> 915 | P38: =VLOOKUP(A38,材料!$P$4:$R$85,3,FALSE) -> 305 | T38: 0 | U38: 0 | V38: 0 | X38: false | Y38: 0 | Z38: 0 | AA38: 0 | AB38: 0 | AC38: 0 | AD38: 0 | AE38: 0 | AF38: 0 | AG38: 0 | AH38: 0 | AI38: 0 | AJ38: =VLOOKUP(ItemData!A38,Sheet8!N:O,2,FALSE) -> #N/A
A39: 铁矿 | B39: 215 | C39: 铁矿 | D39: 5 | E39: 0 | F39: 0 | H39: 14,10,9 | I39: 0 | J39: 0 | K39: 0 | L39: 0 | M39: 49 | N39: 1 | O39: =P39*3 -> 105 | P39: 35 | T39: 0 | U39: 0 | V39: 0 | X39: false | Y39: 0 | Z39: 0 | AA39: 0 | AB39: 0 | AC39: 0 | AD39: 0 | AE39: 0 | AF39: 0 | AG39: 0 | AH39: 0 | AI39: 0 | AJ39: 富含铁元素的矿石
A40: 盐矿 | B40: 216 | C40: 盐矿 | D40: 5 | E40: 0 | F40: 0 | G40: 5009 | H40: 10,15, | I40: 0 | J40: 0 | K40: 0 | L40: 0 | M40: 49 | N40: 1 | O40: =P40*3 -> 1065 | P40: =VLOOKUP(A40,材料!$P$4:$R$85,3,FALSE) -> 355 | T40: 0 | U40: 0 | V40: 0 | X40: false | Y40: 0 | Z40: 0 | AA40: 0 | AB40: 0 | AC40: 0 | AD40: 0 | AE40: 0 | AF40: 0 | AG40: 0 | AH40: 0 | AI40: 0 | AJ40: 富含食盐的结晶体
A41: 肥皂 | B41: 217 | C41: 肥皂 | D41: 5 | E41: 0 | F41: 0 | H41: 15,26,17 | I41: 0 | J41: 0 | K41: 0 | L41: 0 | M41: 49 | N41: 1 | O41: =P41*3 -> 1065 | P41: 355 | T41: 0 | U41: 0 | V41: 0 | X41: false | Y41: 0 | Z41: 0 | AA41: 0 | AB41: 0 | AC41: 0 | AD41: 0 | AE41: 0 | AF41: 0 | AG41: 0 | AH41: 0 | AI41: 0 | AJ41: 放在水里会生出很多泡沫
A42: 土晶石 | B42: 218 | C42: 土晶石 | D42: 5 | E42: 0 | F42: 0 | G42: 5008 | H42: 13,17,29 | I42: 0 | J42: 0 | K42: 0 | L42: 0 | M42: 49 | N42: 1 | O42: =P42*3 -> 1785 | P42: =VLOOKUP(A42,材料!$P$4:$R$85,3,FALSE) -> 595 | T42: 0 | U42: 0 | V42: 0 | X42: false | Y42: 0 | Z42: 0 | AA42: 0 | AB42: 0 | AC42: 0 | AD42: 0 | AE42: 0 | AF42: 0 | AG42: 0 | AH42: 0 | AI42: 0 | AJ42: 富含土元素的矿石
A43: 迷幻菇 | B43: 219 | C43: 迷幻菇 | D43: 5 | E43: 0 | F43: 0 | H43: 16,10,15 | I43: 0 | J43: 0 | K43: 0 | L43: 0 | M43: 49 | N43: 1 | O43: =P43*3 -> 267 | P43: 89 | T43: 0 | U43: 0 | V43: 0 | X43: false | Y43: 0 | Z43: 0 | AA43: 0 | AB43: 0 | AC43: 0 | AD43: 0 | AE43: 0 | AF43: 0 | AG43: 0 | AH43: 0 | AI43: 0 | AJ43: 会让人产生幻觉的蘑菇
A44: 眼球 | B44: 220 | C44: 眼球 | D44: 5 | E44: 0 | F44: 0 | G44: 5008 | H44: 11,16,18 | I44: 0 | J44: 0 | K44: 0 | L44: 0 | M44: 49 | N44: 1 | O44: =P44*3 -> 345 | P44: =VLOOKUP(A44,材料!$P$4:$R$85,3,FALSE) -> 115 | T44: 0 | U44: 0 | V44: 0 | X44: false | Y44: 0 | Z44: 0 | AA44: 0 | AB44: 0 | AC44: 0 | AD44: 0 | AE44: 0 | AF44: 0 | AG44: 0 | AH44: 0 | AI44: 0 | AJ44: =VLOOKUP(ItemData!A44,Sheet8!N:O,2,FALSE) -> #N/A
A45: 植物的藤 | B45: 221 | C45: 植物的藤 | D45: 5 | E45: 0 | F45: 0 | G45: 5007 | H45: 10,12,9 | I45: 0 | J45: 0 | K45: 0 | L45: 0 | M45: 49 | N45: 1 | O45: =P45*3 -> 435 | P45: =VLOOKUP(A45,材料!$P$4:$R$85,3,FALSE) -> 145 | T45: 0 | U45: 0 | V45: 0 | X45: false | Y45: 0 | Z45: 0 | AA45: 0 | AB45: 0 | AC45: 0 | AD45: 0 | AE45: 0 | AF45: 0 | AG45: 0 | AH45: 0 | AI45: 0 | AJ45: 藤蔓植物坚韧的茎。
A46: 鹿角 | B46: 222 | C46: 鹿角 | D46: 5 | E46: 0 | F46: 0 | G46: 5007,5008 | H46: 11,18,4 | I46: 0 | J46: 0 | K46: 0 | L46: 0 | M46: 49 | N46: 1 | O46: =P46*3 -> 435 | P46: =VLOOKUP(A46,材料!$P$4:$R$85,3,FALSE) -> 145 | T46: 0 | U46: 0 | V46: 0 | X46: false | Y46: 0 | Z46: 0 | AA46: 0 | AB46: 0 | AC46: 0 | AD46: 0 | AE46: 0 | AF46: 0 | AG46: 0 | AH46: 0 | AI46: 0 | AJ46: 鹿类动物脱落的角
A47: 魔兽皮毛 | B47: 223 | C47: 魔兽皮毛 | D47: 5 | E47: 0 | F47: 0 | G47: 5007 | H47: 11,12,18 | I47: 0 | J47: 0 | K47: 0 | L47: 0 | M47: 49 | N47: 1 | O47: =P47*3 -> 537 | P47: =VLOOKUP(A47,材料!$P$4:$R$85,3,FALSE) -> 179 | T47: 0 | U47: 0 | V47: 0 | X47: false | Y47: 0 | Z47: 0 | AA47: 0 | AB47: 0 | AC47: 0 | AD47: 0 | AE47: 0 | AF47: 0 | AG47: 0 | AH47: 0 | AI47: 0 | AJ47: =VLOOKUP(ItemData!A47,Sheet8!N:O,2,FALSE) -> #N/A
A48: 奇美拉之翼 | B48: 224 | C48: 奇美拉之翼 | D48: 5 | E48: 0 | F48: 0 | G48: 5006,5007 | H48: 11,4,17 | I48: 0 | J48: 0 | K48: 0 | L48: 0 | M48: 49 | N48: 1 | O48: =P48*3 -> 1065 | P48: =VLOOKUP(A48,材料!$P$4:$R$85,3,FALSE) -> 355 | T48: 0 | U48: 0 | V48: 0 | X48: false | Y48: 0 | Z48: 0 | AA48: 0 | AB48: 0 | AC48: 0 | AD48: 0 | AE48: 0 | AF48: 0 | AG48: 0 | AH48: 0 | AI48: 0 | AJ48: =VLOOKUP(ItemData!A48,Sheet8!N:O,2,FALSE) -> #N/A
A49: 电偶瓶 | B49: 225 | C49: 电偶瓶 | D49: 5 | E49: 0 | F49: 0 | G49: 5006,5008 | H49: 17,9,16 | I49: 0 | J49: 0 | K49: 0 | L49: 0 | M49: 49 | N49: 1 | O49: =P49*3 -> 1227 | P49: =VLOOKUP(A49,材料!$P$4:$R$85,3,FALSE) -> 409 | T49: 0 | U49: 0 | V49: 0 | X49: false | Y49: 0 | Z49: 0 | AA49: 0 | AB49: 0 | AC49: 0 | AD49: 0 | AE49: 0 | AF49: 0 | AG49: 0 | AH49: 0 | AI49: 0 | AJ49: 内壁吸附大量电荷的玻璃瓶
A50: 海胆 | B50: 226 | C50: 海胆 | D50: 5 | E50: 0 | F50: 0 | H50: 1,10,18 | I50: 0 | J50: 0 | K50: 0 | L50: 0 | M50: 49 | N50: 1 | O50: =P50*3 -> 1227 | P50: 409 | T50: 0 | U50: 0 | V50: 0 | X50: false | Y50: 0 | Z50: 0 | AA50: 0 | AB50: 0 | AC50: 0 | AD50: 0 | AE50: 0 | AF50: 0 | AG50: 0 | AH50: 0 | AI50: 0 | AJ50: 外壳有很多坚硬的刺
A51: 珊瑚 | B51: 227 | C51: 珊瑚 | D51: 5 | E51: 0 | F51: 0 | G51: 5007,5008 | H51: 18,10, | I51: 0 | J51: 0 | K51: 0 | L51: 0 | M51: 49 | N51: 1 | O51: =P51*3 -> 1401 | P51: =VLOOKUP(A51,材料!$P$4:$R$85,3,FALSE) -> 467 | T51: 0 | U51: 0 | V51: 0 | X51: false | Y51: 0 | Z51: 0 | AA51: 0 | AB51: 0 | AC51: 0 | AD51: 0 | AE51: 0 | AF51: 0 | AG51: 0 | AH51: 0 | AI51: 0 | AJ51: =VLOOKUP(ItemData!A51,Sheet8!N:O,2,FALSE) -> #N/A
A52: 彩色羽毛 | B52: 228 | C52: 彩色羽毛 | D52: 5 | E52: 0 | F52: 0 | G52: 5007 | H52: 11,18,10 | I52: 0 | J52: 0 | K52: 0 | L52: 0 | M52: 49 | N52: 1 | O52: =P52*3 -> 345 | P52: =VLOOKUP(A52,材料!$P$4:$R$85,3,FALSE) -> 115 | T52: 0 | U52: 0 | V52: 0 | X52: false | Y52: 0 | Z52: 0 | AA52: 0 | AB52: 0 | AC52: 0 | AD52: 0 | AE52: 0 | AF52: 0 | AG52: 0 | AH52: 0 | AI52: 0 | AJ52: =VLOOKUP(ItemData!A52,Sheet8!N:O,2,FALSE) -> #N/A
A53: 火晶石 | B53: 229 | C53: 火晶石 | D53: 5 | E53: 0 | F53: 0 | G53: 5008 | H53: 13,17,29 | I53: 0 | J53: 0 | K53: 0 | L53: 0 | M53: 49 | N53: 1 | O53: =P53*3 -> 1587 | P53: =VLOOKUP(A53,材料!$P$4:$R$85,3,FALSE) -> 529 | T53: 0 | U53: 0 | V53: 0 | X53: false | Y53: 0 | Z53: 0 | AA53: 0 | AB53: 0 | AC53: 0 | AD53: 0 | AE53: 0 | AF53: 0 | AG53: 0 | AH53: 0 | AI53: 0 | AJ53: 富含火元素的矿石
A54: 玻璃瓶 | B54: 230 | C54: 玻璃瓶 | D54: 5 | E54: 0 | F54: 0 | H54: 9,18,27 | I54: 0 | J54: 0 | K54: 0 | L54: 0 | M54: 49 | N54: 1 | O54: =P54*3 -> 1587 | P54: =VLOOKUP(A54,材料!$P$4:$R$85,3,FALSE) -> 529 | T54: 0 | U54: 0 | V54: 0 | X54: false | Y54: 0 | Z54: 0 | AA54: 0 | AB54: 0 | AC54: 0 | AD54: 0 | AE54: 0 | AF54: 0 | AG54: 0 | AH54: 0 | AI54: 0 | AJ54: 普通的空玻璃瓶
A55: 水晶石 | B55: 232 | C55: 水晶石 | D55: 5 | E55: 0 | F55: 0 | G55: 5007,5008 | H55: 13,17,29 | I55: 0 | J55: 0 | K55: 0 | L55: 0 | M55: 49 | N55: 1 | O55: =P55*3 -> 1785 | P55: =VLOOKUP(A55,材料!$P$4:$R$85,3,FALSE) -> 595 | T55: 0 | U55: 0 | V55: 0 | X55: false | Y55: 0 | Z55: 0 | AA55: 0 | AB55: 0 | AC55: 0 | AD55: 0 | AE55: 0 | AF55: 0 | AG55: 0 | AH55: 0 | AI55: 0 | AJ55: 纯净的晶石,可以被灌输其他元素
A56: 珍珠 | B56: 234 | C56: 珍珠 | D56: 5 | E56: 0 | F56: 0 | G56: 5007 | H56: 13,10,18 | I56: 0 | J56: 0 | K56: 0 | L56: 0 | M56: 49 | N56: 1 | O56: =P56*3 -> 1065 | P56: =VLOOKUP(A56,材料!$P$4:$R$85,3,FALSE) -> 355 | T56: 0 | U56: 0 | V56: 0 | X56: false | Y56: 0 | Z56: 0 | AA56: 0 | AB56: 0 | AC56: 0 | AD56: 0 | AE56: 0 | AF56: 0 | AG56: 0 | AH56: 0 | AI56: 0 | AJ56: 水生贝类生产的珍贵物品
A57: 松果 | B57: 235 | C57: 松果 | D57: 5 | E57: 0 | F57: 0 | H57: 10,18,2 | I57: 0 | J57: 0 | K57: 0 | L57: 0 | M57: 49 | N57: 1 | O57: =P57*3 -> 1080 | P57: 360 | T57: 0 | U57: 0 | V57: 0 | X57: false | Y57: 0 | Z57: 0 | AA57: 0 | AB57: 0 | AC57: 0 | AD57: 0 | AE57: 0 | AF57: 0 | AG57: 0 | AH57: 0 | AI57: 0 | AJ57: 具有奇特香味的松树果实
A58: 神奇泥浆 | B58: 236 | C58: 神奇泥浆 | D58: 5 | E58: 0 | F58: 0 | G58: 5006 | H58: 16,10,17 | I58: 0 | J58: 0 | K58: 0 | L58: 0 | M58: 49 | N58: 1 | O58: =P58*3 -> 1995 | P58: =VLOOKUP(A58,材料!$P$4:$R$85,3,FALSE) -> 665 | T58: 0 | U58: 0 | V58: 0 | X58: false | Y58: 0 | Z58: 0 | AA58: 0 | AB58: 0 | AC58: 0 | AD58: 0 | AE58: 0 | AF58: 0 | AG58: 0 | AH58: 0 | AI58: 0 | AJ58: 拥有奇特力量的泥浆
A59: 银块 | B59: 237 | C59: 银块 | D59: 5 | E59: 0 | F59: 0 | G59: 5008 | H59: 19,14,18 | I59: 0 | J59: 0 | K59: 0 | L59: 0 | M59: 49 | N59: 1 | O59: =P59*3 -> 2217 | P59: =VLOOKUP(A59,材料!$P$4:$R$85,3,FALSE) -> 739 | T59: 0 | U59: 0 | V59: 0 | X59: false | Y59: 0 | Z59: 0 | AA59: 0 | AB59: 0 | AC59: 0 | AD59: 0 | AE59: 0 | AF59: 0 | AG59: 0 | AH59: 0 | AI59: 0 | AJ59: =VLOOKUP(ItemData!A59,Sheet8!N:O,2,FALSE) -> #N/A
A60: 蛇皮 | B60: 238 | C60: 蛇皮 | D60: 5 | E60: 0 | F60: 0 | G60: 5007 | H60: 11,12,18 | I60: 0 | J60: 0 | K60: 0 | L60: 0 | M60: 49 | N60: 1 | O60: =P60*3 -> 1065 | P60: =VLOOKUP(A60,材料!$P$4:$R$85,3,FALSE) -> 355 | T60: 0 | U60: 0 | V60: 0 | X60: false | Y60: 0 | Z60: 0 | AA60: 0 | AB60: 0 | AC60: 0 | AD60: 0 | AE60: 0 | AF60: 0 | AG60: 0 | AH60: 0 | AI60: 0 | AJ60: =VLOOKUP(ItemData!A60,Sheet8!N:O,2,FALSE) -> #N/A
A61: 蜂刺 | B61: 239 | C61: 蜂刺 | D61: 5 | E61: 0 | F61: 0 | G61: 5008 | H61: 11,4,16 | I61: 0 | J61: 0 | K61: 0 | L61: 0 | M61: 49 | N61: 1 | O61: =P61*3 -> 537 | P61: =VLOOKUP(A61,材料!$P$4:$R$85,3,FALSE) -> 179 | T61: 0 | U61: 0 | V61: 0 | X61: false | Y61: 0 | Z61: 0 | AA61: 0 | AB61: 0 | AC61: 0 | AD61: 0 | AE61: 0 | AF61: 0 | AG61: 0 | AH61: 0 | AI61: 0 | AJ61: =VLOOKUP(ItemData!A61,Sheet8!N:O,2,FALSE) -> #N/A
A62: 象牙 | B62: 240 | C62: 象牙 | D62: 5 | E62: 0 | F62: 0 | G62: 5006,5008 | H62: 11,18,9 | I62: 0 | J62: 0 | K62: 0 | L62: 0 | M62: 49 | N62: 1 | O62: =P62*3 -> 2697 | P62: =VLOOKUP(A62,材料!$P$4:$R$85,3,FALSE) -> 899 | T62: 0 | U62: 0 | V62: 0 | X62: false | Y62: 0 | Z62: 0 | AA62: 0 | AB62: 0 | AC62: 0 | AD62: 0 | AE62: 0 | AF62: 0 | AG62: 0 | AH62: 0 | AI62: 0 | AJ62: 大象脱落的长牙
A63: 兽角 | B63: 241 | C63: 兽角 | D63: 5 | E63: 0 | F63: 0 | G63: 5008,5007 | H63: 11,18,4 | I63: 0 | J63: 0 | K63: 0 | L63: 0 | M63: 49 | N63: 1 | O63: =P63*3 -> 105 | P63: =VLOOKUP(A63,材料!$P$4:$R$85,3,FALSE) -> 35 | T63: 0 | U63: 0 | V63: 0 | X63: false | Y63: 0 | Z63: 0 | AA63: 0 | AB63: 0 | AC63: 0 | AD63: 0 | AE63: 0 | AF63: 0 | AG63: 0 | AH63: 0 | AI63: 0 | AJ63: =VLOOKUP(ItemData!A63,Sheet8!N:O,2,FALSE) -> #N/A
A64: 水晶球 | B64: 242 | C64: 水晶球 | D64: 5 | E64: 0 | F64: 0 | G64: 5007 | H64: 20,18,13 | I64: 0 | J64: 0 | K64: 0 | L64: 0 | M64: 49 | N64: 1 | O64: =P64*3 -> 1785 | P64: 595 | T64: 0 | U64: 0 | V64: 0 | X64: false | Y64: 0 | Z64: 0 | AA64: 0 | AB64: 0 | AC64: 0 | AD64: 0 | AE64: 0 | AF64: 0 | AG64: 0 | AH64: 0 | AI64: 0 | AJ64: =VLOOKUP(ItemData!A64,Sheet8!N:O,2,FALSE) -> #N/A
A65: 蝎尾 | B65: 243 | C65: 蝎尾 | D65: 5 | E65: 0 | F65: 0 | H65: 11,4,18 | I65: 0 | J65: 0 | K65: 0 | L65: 0 | M65: 49 | N65: 1 | O65: =P65*3 -> 1785 | P65: 595 | T65: 0 | U65: 0 | V65: 0 | X65: false | Y65: 0 | Z65: 0 | AA65: 0 | AB65: 0 | AC65: 0 | AD65: 0 | AE65: 0 | AF65: 0 | AG65: 0 | AH65: 0 | AI65: 0 | AJ65: =VLOOKUP(ItemData!A65,Sheet8!N:O,2,FALSE) -> #N/A
A66: 仙人掌 | B66: 244 | C66: 仙人掌 | D66: 5 | E66: 0 | F66: 0 | G66: 5006 | H66: 10,18,16 | I66: 0 | J66: 0 | K66: 0 | L66: 0 | M66: 49 | N66: 1 | O66: =P66*3 -> 4107 | P66: =VLOOKUP(A66,材料!$P$4:$R$85,3,FALSE) -> 1369 | T66: 0 | U66: 0 | V66: 0 | X66: false | Y66: 0 | Z66: 0 | AA66: 0 | AB66: 0 | AC66: 0 | AD66: 0 | AE66: 0 | AF66: 0 | AG66: 0 | AH66: 0 | AI66: 0 | AJ66: 沙漠地带常见的植物,表面有刺,不要用手触摸哟
A67: 脏绷带 | B67: 245 | C67: 脏绷带 | D67: 5 | E67: 0 | F67: 0 | G67: 5008,5007 | H67: 9,6,18 | I67: 0 | J67: 0 | K67: 0 | L67: 0 | M67: 49 | N67: 1 | O67: =P67*3 -> 4425 | P67: =VLOOKUP(A67,材料!$P$4:$R$85,3,FALSE) -> 1475 | T67: 0 | U67: 0 | V67: 0 | X67: false | Y67: 0 | Z67: 0 | AA67: 0 | AB67: 0 | AC67: 0 | AD67: 0 | AE67: 0 | AF67: 0 | AG67: 0 | AH67: 0 | AI67: 0 | AJ67: 亡者使用过的肮脏的绷带
A68: 幽魂 | B68: 246 | C68: 幽魂 | D68: 5 | E68: 0 | F68: 0 | G68: 5007 | H68: 21,17,18 | I68: 0 | J68: 0 | K68: 0 | L68: 0 | M68: 49 | N68: 1 | O68: =P68*3 -> 4425 | P68: =VLOOKUP(A68,材料!$P$4:$R$85,3,FALSE) -> 1475 | T68: 0 | U68: 0 | V68: 0 | X68: false | Y68: 0 | Z68: 0 | AA68: 0 | AB68: 0 | AC68: 0 | AD68: 0 | AE68: 0 | AF68: 0 | AG68: 0 | AH68: 0 | AI68: 0 | AJ68: =VLOOKUP(ItemData!A68,Sheet8!N:O,2,FALSE) -> #N/A
A69: 金块 | B69: 247 | C69: 金块 | D69: 5 | E69: 0 | F69: 0 | G69: 5007,5008 | H69: 19,14,18 | I69: 0 | J69: 0 | K69: 0 | L69: 0 | M69: 49 | N69: 1 | O69: =P69*3 -> 4755 | P69: =VLOOKUP(A69,材料!$P$4:$R$85,3,FALSE) -> 1585 | T69: 0 | U69: 0 | V69: 0 | X69: false | Y69: 0 | Z69: 0 | AA69: 0 | AB69: 0 | AC69: 0 | AD69: 0 | AE69: 0 | AF69: 0 | AG69: 0 | AH69: 0 | AI69: 0 | AJ69: =VLOOKUP(ItemData!A69,Sheet8!N:O,2,FALSE) -> #N/A
A70: 远古的硬币 | B70: 248 | C70: 远古的硬币 | D70: 5 | E70: 0 | F70: 0 | G70: 5007 | H70: 22,18,23 | I70: 0 | J70: 0 | K70: 0 | L70: 0 | M70: 49 | N70: 1 | O70: =P70*3 -> 5097 | P70: =VLOOKUP(A70,材料!$P$4:$R$85,3,FALSE) -> 1699 | T70: 0 | U70: 0 | V70: 0 | X70: false | Y70: 0 | Z70: 0 | AA70: 0 | AB70: 0 | AC70: 0 | AD70: 0 | AE70: 0 | AF70: 0 | AG70: 0 | AH70: 0 | AI70: 0 | AJ70: 不知名年代铸造的硬币
A71: 铁钉 | B71: 249 | C71: 铁钉 | D71: 5 | E71: 0 | F71: 0 | H71: 14,9,6 | I71: 0 | J71: 0 | K71: 0 | L71: 0 | M71: 49 | N71: 1 | O71: =P71*3 -> 2400 | P71: 800 | T71: 0 | U71: 0 | V71: 0 | X71: false | Y71: 0 | Z71: 0 | AA71: 0 | AB71: 0 | AC71: 0 | AD71: 0 | AE71: 0 | AF71: 0 | AG71: 0 | AH71: 0 | AI71: 0 | AJ71: 布满锈迹,似乎是从某块木板上拆下来的
A72: 遗骨 | B72: 250 | C72: 遗骨 | D72: 5 | E72: 0 | F72: 0 | G72: 5008,5006 | H72: 21,18,23 | I72: 0 | J72: 0 | K72: 0 | L72: 0 | M72: 49 | N72: 1 | O72: =P72*3 -> 6585 | P72: =VLOOKUP(A72,材料!$P$4:$R$85,3,FALSE) -> 2195 | T72: 0 | U72: 0 | V72: 0 | X72: false | Y72: 0 | Z72: 0 | AA72: 0 | AB72: 0 | AC72: 0 | AD72: 0 | AE72: 0 | AF72: 0 | AG72: 0 | AH72: 0 | AI72: 0 | AJ72: 亡者遗落的骨头
A73: 妖精粉 | B73: 251 | C73: 妖精粉 | D73: 5 | E73: 0 | F73: 0 | G73: 5006,5007 | H73: 17,16,18 | I73: 0 | J73: 0 | K73: 0 | L73: 0 | M73: 49 | N73: 1 | O73: =P73*3 -> 1065 | P73: =VLOOKUP(A73,材料!$P$4:$R$85,3,FALSE) -> 355 | T73: 0 | U73: 0 | V73: 0 | X73: false | Y73: 0 | Z73: 0 | AA73: 0 | AB73: 0 | AC73: 0 | AD73: 0 | AE73: 0 | AF73: 0 | AG73: 0 | AH73: 0 | AI73: 0 | AJ73: 森林妖精身上掉落的粉末,闪烁着奇怪的光
A74: 雪球 | B74: 253 | C74: 雪球 | D74: 5 | E74: 0 | F74: 0 | G74: 5008 | H74: 18,10, | I74: 0 | J74: 0 | K74: 0 | L74: 0 | M74: 49 | N74: 1 | O74: =P74*3 -> 3225 | P74: =VLOOKUP(A74,材料!$P$4:$R$85,3,FALSE) -> 1075 | T74: 0 | U74: 0 | V74: 0 | X74: false | Y74: 0 | Z74: 0 | AA74: 0 | AB74: 0 | AC74: 0 | AD74: 0 | AE74: 0 | AF74: 0 | AG74: 0 | AH74: 0 | AI74: 0 | AJ74: =VLOOKUP(ItemData!A74,Sheet8!N:O,2,FALSE) -> #N/A
A75: 毒淤泥 | B75: 254 | C75: 毒淤泥 | D75: 5 | E75: 0 | F75: 0 | G75: 5008,5006 | H75: 16,10,17 | I75: 0 | J75: 0 | K75: 0 | L75: 0 | M75: 49 | N75: 1 | O75: =P75*3 -> 2451 | P75: =VLOOKUP(A75,材料!$P$4:$R$85,3,FALSE) -> 817 | T75: 0 | U75: 0 | V75: 0 | X75: false | Y75: 0 | Z75: 0 | AA75: 0 | AB75: 0 | AC75: 0 | AD75: 0 | AE75: 0 | AF75: 0 | AG75: 0 | AH75: 0 | AI75: 0 | AJ75: 有毒沼泽中挖出的淤泥
A76: 亡者之土 | B76: 255 | C76: 亡者之土 | D76: 5 | E76: 0 | F76: 0 | G76: 5006,5008,5007 | H76: 21,16,17 | I76: 0 | J76: 0 | K76: 0 | L76: 0 | M76: 49 | N76: 1 | O76: =P76*3 -> 2697 | P76: =VLOOKUP(A76,材料!$P$4:$R$85,3,FALSE) -> 899 | T76: 0 | U76: 0 | V76: 0 | X76: false | Y76: 0 | Z76: 0 | AA76: 0 | AB76: 0 | AC76: 0 | AD76: 0 | AE76: 0 | AF76: 0 | AG76: 0 | AH76: 0 | AI76: 0 | AJ76: =VLOOKUP(ItemData!A76,Sheet8!N:O,2,FALSE) -> #N/A
A77: 咒术药水 | B77: 256 | C77: 咒术药水 | D77: 5 | E77: 0 | F77: 0 | G77: 5006,5007,5008 | H77: 20,16,21 | I77: 0 | J77: 0 | K77: 0 | L77: 0 | M77: 49 | N77: 1 | O77: =P77*3 -> 4755 | P77: =VLOOKUP(A77,材料!$P$4:$R$85,3,FALSE) -> 1585 | T77: 0 | U77: 0 | V77: 0 | X77: false | Y77: 0 | Z77: 0 | AA77: 0 | AB77: 0 | AC77: 0 | AD77: 0 | AE77: 0 | AF77: 0 | AG77: 0 | AH77: 0 | AI77: 0 | AJ77: 咒术法师制作的未知药水
A78: 诅咒宝珠 | B78: 257 | C78: 诅咒宝珠 | D78: 5 | E78: 0 | F78: 0 | G78: 5006,5008 | H78: 20,21,16 | I78: 0 | J78: 0 | K78: 0 | L78: 0 | M78: 49 | N78: 1 | O78: =P78*3 -> 3801 | P78: =VLOOKUP(A78,材料!$P$4:$R$85,3,FALSE) -> 1267 | T78: 0 | U78: 0 | V78: 0 | X78: false | Y78: 0 | Z78: 0 | AA78: 0 | AB78: 0 | AC78: 0 | AD78: 0 | AE78: 0 | AF78: 0 | AG78: 0 | AH78: 0 | AI78: 0 | AJ78: 据说拥有诅咒之力的宝珠
A79: 人狼之证 | B79: 258 | C79: 人狼之证 | D79: 5 | E79: 0 | F79: 0 | G79: 5008,5007 | H79: 21,23,18 | I79: 0 | J79: 0 | K79: 0 | L79: 0 | M79: 49 | N79: 1 | O79: =P79*3 -> 5097 | P79: =VLOOKUP(A79,材料!$P$4:$R$85,3,FALSE) -> 1699 | T79: 0 | U79: 0 | V79: 0 | X79: false | Y79: 0 | Z79: 0 | AA79: 0 | AB79: 0 | AC79: 0 | AD79: 0 | AE79: 0 | AF79: 0 | AG79: 0 | AH79: 0 | AI79: 0 | AJ79: 狼人身上的氏族徽章
A80: 魔族之血 | B80: 259 | C80: 魔族之血 | D80: 5 | E80: 0 | F80: 0 | G80: 5006,5008 | H80: 21,16,17 | I80: 0 | J80: 0 | K80: 0 | L80: 0 | M80: 49 | N80: 1 | O80: =P80*3 -> 3801 | P80: =VLOOKUP(A80,材料!$P$4:$R$85,3,FALSE) -> 1267 | T80: 0 | U80: 0 | V80: 0 | X80: false | Y80: 0 | Z80: 0 | AA80: 0 | AB80: 0 | AC80: 0 | AD80: 0 | AE80: 0 | AF80: 0 | AG80: 0 | AH80: 0 | AI80: 0 | AJ80: =VLOOKUP(ItemData!A80,Sheet8!N:O,2,FALSE) -> #N/A
A81: 冰晶石 | B81: 260 | C81: 冰晶石 | D81: 5 | E81: 0 | F81: 0 | G81: 5008 | H81: 13,17,29 | I81: 0 | J81: 0 | K81: 0 | L81: 0 | M81: 49 | N81: 1 | O81: =P81*3 -> 5451 | P81: =VLOOKUP(A81,材料!$P$4:$R$85,3,FALSE) -> 1817 | T81: 0 | U81: 0 | V81: 0 | X81: false | Y81: 0 | Z81: 0 | AA81: 0 | AB81: 0 | AC81: 0 | AD81: 0 | AE81: 0 | AF81: 0 | AG81: 0 | AH81: 0 | AI81: 0 | AJ81: 富含冰元素的晶石
A82: 冰的结晶 | B82: 261 | C82: 冰的结晶 | D82: 5 | E82: 0 | F82: 0 | G82: 5006,5008 | H82: 10,17,29 | I82: 0 | J82: 0 | K82: 0 | L82: 0 | M82: 49 | N82: 1 | O82: =P82*3 -> 3225 | P82: =VLOOKUP(A82,材料!$P$4:$R$85,3,FALSE) -> 1075 | T82: 0 | U82: 0 | V82: 0 | X82: false | Y82: 0 | Z82: 0 | AA82: 0 | AB82: 0 | AC82: 0 | AD82: 0 | AE82: 0 | AF82: 0 | AG82: 0 | AH82: 0 | AI82: 0 | AJ82: 纯净的水凝结成的冰
A83: 石化之眼 | B83: 263 | C83: 石化之眼 | D83: 5 | E83: 0 | F83: 0 | G83: 5006,5008 | H83: 4,21,17 | I83: 0 | J83: 0 | K83: 0 | L83: 0 | M83: 49 | N83: 1 | O83: =P83*3 -> 6195 | P83: =VLOOKUP(A83,材料!$P$4:$R$85,3,FALSE) -> 2065 | T83: 0 | U83: 0 | V83: 0 | X83: false | Y83: 0 | Z83: 0 | AA83: 0 | AB83: 0 | AC83: 0 | AD83: 0 | AE83: 0 | AF83: 0 | AG83: 0 | AH83: 0 | AI83: 0 | AJ83: =VLOOKUP(ItemData!A83,Sheet8!N:O,2,FALSE) -> #N/A
A84: 夜之幕 | B84: 264 | C84: 夜之幕 | D84: 5 | E84: 0 | F84: 0 | G84: 5007,5008 | H84: 21,17,29 | I84: 0 | J84: 0 | K84: 0 | L84: 0 | M84: 49 | N84: 1 | O84: =P84*3 -> 5097 | P84: =VLOOKUP(A84,材料!$P$4:$R$85,3,FALSE) -> 1699 | T84: 0 | U84: 0 | V84: 0 | X84: false | Y84: 0 | Z84: 0 | AA84: 0 | AB84: 0 | AC84: 0 | AD84: 0 | AE84: 0 | AF84: 0 | AG84: 0 | AH84: 0 | AI84: 0 | AJ84: 漆黑的帷幕碎片
A85: 星的眼泪 | B85: 265 | C85: 星的眼泪 | D85: 5 | E85: 0 | F85: 0 | G85: 5006 | H85: 13,29,23 | I85: 0 | J85: 0 | K85: 0 | L85: 0 | M85: 49 | N85: 1 | O85: =P85*3 -> 2697 | P85: =VLOOKUP(A85,材料!$P$4:$R$85,3,FALSE) -> 899 | T85: 0 | U85: 0 | V85: 0 | X85: false | Y85: 0 | Z85: 0 | AA85: 0 | AB85: 0 | AC85: 0 | AD85: 0 | AE85: 0 | AF85: 0 | AG85: 0 | AH85: 0 | AI85: 0 | AJ85: 未知材质的宝石,闪烁着星光
A86: 冰牛角 | B86: 266 | C86: 冰牛角 | D86: 5 | E86: 0 | F86: 0 | H86: 11,18,17 | I86: 0 | J86: 0 | K86: 0 | L86: 0 | M86: 49 | N86: 1 | O86: =P86*3 -> 5097 | P86: 1699 | T86: 0 | U86: 0 | V86: 0 | X86: false | Y86: 0 | Z86: 0 | AA86: 0 | AB86: 0 | AC86: 0 | AD86: 0 | AE86: 0 | AF86: 0 | AG86: 0 | AH86: 0 | AI86: 0 | AJ86: 冰牛怪的角,寒气逼人
A87: 寒冰气息 | B87: 267 | C87: 寒冰气息 | D87: 5 | E87: 0 | F87: 0 | G87: 5006,5007,5008 | H87: 17,16,21 | I87: 0 | J87: 0 | K87: 0 | L87: 0 | M87: 49 | N87: 1 | O87: =P87*3 -> 8265 | P87: =VLOOKUP(A87,材料!$P$4:$R$85,3,FALSE) -> 2755 | T87: 0 | U87: 0 | V87: 0 | X87: false | Y87: 0 | Z87: 0 | AA87: 0 | AB87: 0 | AC87: 0 | AD87: 0 | AE87: 0 | AF87: 0 | AG87: 0 | AH87: 0 | AI87: 0 | AJ87: 一团纯净的寒气凝聚不散
A88: 寒冰火种 | B88: 268 | C88: 寒冰火种 | D88: 5 | E88: 0 | F88: 0 | G88: 5008 | H88: 17,16,21 | I88: 0 | J88: 0 | K88: 0 | L88: 0 | M88: 49 | N88: 1 | O88: =P88*3 -> 8265 | P88: =VLOOKUP(A88,材料!$P$4:$R$85,3,FALSE) -> 2755 | T88: 0 | U88: 0 | V88: 0 | X88: false | Y88: 0 | Z88: 0 | AA88: 0 | AB88: 0 | AC88: 0 | AD88: 0 | AE88: 0 | AF88: 0 | AG88: 0 | AH88: 0 | AI88: 0 | AJ88: 一团燃烧着的火焰,却没有温暖散发
A89: 幻影水晶 | B89: 269 | C89: 幻影水晶 | D89: 5 | E89: 0 | F89: 0 | G89: 5008,5006 | H89: 13,17,29 | I89: 0 | J89: 0 | K89: 0 | L89: 0 | M89: 49 | N89: 1 | O89: =P89*3 -> 2955 | P89: =VLOOKUP(A89,材料!$P$4:$R$85,3,FALSE) -> 985 | T89: 0 | U89: 0 | V89: 0 | X89: false | Y89: 0 | Z89: 0 | AA89: 0 | AB89: 0 | AC89: 0 | AD89: 0 | AE89: 0 | AF89: 0 | AG89: 0 | AH89: 0 | AI89: 0 | AJ89: 可以折射元素的水晶
A90: 雷鸣宝珠 | B90: 270 | C90: 雷鸣宝珠 | D90: 5 | E90: 0 | F90: 0 | G90: 5008 | H90: 17,21,29 | I90: 0 | J90: 0 | K90: 0 | L90: 0 | M90: 49 | N90: 1 | O90: =P90*3 -> 1065 | P90: =VLOOKUP(A90,材料!$P$4:$R$85,3,FALSE) -> 355 | T90: 0 | U90: 0 | V90: 0 | X90: false | Y90: 0 | Z90: 0 | AA90: 0 | AB90: 0 | AC90: 0 | AD90: 0 | AE90: 0 | AF90: 0 | AG90: 0 | AH90: 0 | AI90: 0 | AJ90: 将两颗宝珠放在一起,会有雷声传出
A91: 皮革 | B91: 271 | C91: 皮革 | D91: 5 | E91: 0 | F91: 0 | G91: 5007,5008 | H91: 12,11, | I91: 0 | J91: 0 | K91: 0 | L91: 0 | M91: 49 | N91: 1 | O91: =P91*3 -> 300 | P91: 100 | T91: 0 | U91: 0 | V91: 0 | X91: false | Y91: 0 | Z91: 0 | AA91: 0 | AB91: 0 | AC91: 0 | AD91: 0 | AE91: 0 | AF91: 0 | AG91: 0 | AH91: 0 | AI91: 0 | AJ91: 使用各种野兽的皮加工而成的制衣材料
A92: 彩色的布 | B92: 272 | C92: 彩色的布 | D92: 5 | E92: 0 | F92: 0 | G92: 5007 | H92: 12,5,18 | I92: 0 | J92: 0 | K92: 0 | L92: 0 | M92: 49 | N92: 1 | O92: =P92*3 -> 1401 | P92: =VLOOKUP(A92,材料!$P$4:$R$85,3,FALSE) -> 467 | T92: 0 | U92: 0 | V92: 0 | X92: false | Y92: 0 | Z92: 0 | AA92: 0 | AB92: 0 | AC92: 0 | AD92: 0 | AE92: 0 | AF92: 0 | AG92: 0 | AH92: 0 | AI92: 0 | AJ92: 自然拥有各种色彩的布料
A93: 鳞片 | B93: 273 | C93: 鳞片 | D93: 5 | E93: 0 | F93: 0 | G93: 5007 | H93: 11,4,18 | I93: 0 | J93: 0 | K93: 0 | L93: 0 | M93: 49 | N93: 1 | O93: =P93*3 -> 201 | P93: =VLOOKUP(A93,材料!$P$4:$R$85,3,FALSE) -> 67 | T93: 0 | U93: 0 | V93: 0 | X93: false | Y93: 0 | Z93: 0 | AA93: 0 | AB93: 0 | AC93: 0 | AD93: 0 | AE93: 0 | AF93: 0 | AG93: 0 | AH93: 0 | AI93: 0 | AJ93: 爬行动物身上掉落的坚硬鳞片
A94: 刀刃 | B94: 274 | C94: 刀刃 | D94: 5 | E94: 0 | F94: 0 | G94: 5008 | H94: 4,14,9 | I94: 0 | J94: 0 | K94: 0 | L94: 0 | M94: 49 | N94: 1 | O94: =P94*3 -> 201 | P94: =VLOOKUP(A94,材料!$P$4:$R$85,3,FALSE) -> 67 | T94: 0 | U94: 0 | V94: 0 | X94: false | Y94: 0 | Z94: 0 | AA94: 0 | AB94: 0 | AC94: 0 | AD94: 0 | AE94: 0 | AF94: 0 | AG94: 0 | AH94: 0 | AI94: 0 | AJ94: =VLOOKUP(ItemData!A94,Sheet8!N:O,2,FALSE) -> #N/A
A95: 骑士之证 | B95: 275 | C95: 骑士之证 | D95: 5 | E95: 0 | F95: 0 | G95: 5008 | H95: 23,18,22 | I95: 0 | J95: 0 | K95: 0 | L95: 0 | M95: 49 | N95: 1 | O95: =P95*3 -> 6585 | P95: =VLOOKUP(A95,材料!$P$4:$R$85,3,FALSE) -> 2195 | T95: 0 | U95: 0 | V95: 0 | X95: false | Y95: 0 | Z95: 0 | AA95: 0 | AB95: 0 | AC95: 0 | AD95: 0 | AE95: 0 | AF95: 0 | AG95: 0 | AH95: 0 | AI95: 0 | AJ95: 一个来自古老骑士家族的徽章
A96: 马尾 | B96: 276 | C96: 马尾 | D96: 5 | E96: 0 | F96: 0 | G96: 5007 | H96: 11,18,12 | I96: 0 | J96: 0 | K96: 0 | L96: 0 | M96: 49 | N96: 1 | O96: =P96*3 -> 1440 | P96: 480 | T96: 0 | U96: 0 | V96: 0 | X96: false | Y96: 0 | Z96: 0 | AA96: 0 | AB96: 0 | AC96: 0 | AD96: 0 | AE96: 0 | AF96: 0 | AG96: 0 | AH96: 0 | AI96: 0 | AJ96: =VLOOKUP(ItemData!A96,Sheet8!N:O,2,FALSE) -> #N/A
A97: 毛线 | B97: 277 | C97: 毛线 | D97: 5 | E97: 0 | F97: 0 | H97: 12,18,9 | I97: 0 | J97: 0 | K97: 0 | L97: 0 | M97: 49 | N97: 1 | O97: =P97*3 -> 462 | P97: 154 | T97: 0 | U97: 0 | V97: 0 | X97: false | Y97: 0 | Z97: 0 | AA97: 0 | AB97: 0 | AC97: 0 | AD97: 0 | AE97: 0 | AF97: 0 | AG97: 0 | AH97: 0 | AI97: 0 | AJ97: 制作衣物的基础材料
A98: 粘液 | B98: 278 | C98: 粘液 | D98: 5 | E98: 0 | F98: 0 | G98: 5006,5007 | H98: 11,10,16 | I98: 0 | J98: 0 | K98: 0 | L98: 0 | M98: 49 | N98: 1 | O98: =P98*3 -> 651 | P98: =VLOOKUP(A98,材料!$P$4:$R$85,3,FALSE) -> 217 | T98: 0 | U98: 0 | V98: 0 | X98: false | Y98: 0 | Z98: 0 | AA98: 0 | AB98: 0 | AC98: 0 | AD98: 0 | AE98: 0 | AF98: 0 | AG98: 0 | AH98: 0 | AI98: 0 | AJ98: 有极强的胶合作用的液体
A99: 贵族徽章 | B99: 279 | C99: 贵族徽章 | D99: 5 | E99: 0 | F99: 0 | G99: 5007 | H99: 22,18,23 | I99: 0 | J99: 0 | K99: 0 | L99: 0 | M99: 49 | N99: 1 | O99: =P99*3 -> 5097 | P99: =VLOOKUP(A99,材料!$P$4:$R$85,3,FALSE) -> 1699 | T99: 0 | U99: 0 | V99: 0 | X99: false | Y99: 0 | Z99: 0 | AA99: 0 | AB99: 0 | AC99: 0 | AD99: 0 | AE99: 0 | AF99: 0 | AG99: 0 | AH99: 0 | AI99: 0 | AJ99: 没落贵族的家庭徽章
A100: 武道精华 | B100: 280 | C100: 武道精华 | D100: 5 | E100: 0 | F100: 0 | G100: 5007 | H100: 17,18,16 | I100: 0 | J100: 0 | K100: 0 | L100: 0 | M100: 49 | N100: 1 | O100: =P100*3 -> 537 | P100: =VLOOKUP(A100,材料!$P$4:$R$85,3,FALSE) -> 179 | T100: 0 | U100: 0 | V100: 0 | X100: false | Y100: 0 | Z100: 0 | AA100: 0 | AB100: 0 | AC100: 0 | AD100: 0 | AE100: 0 | AF100: 0 | AG100: 0 | AH100: 0 | AI100: 0 | AJ100: 没人知道武道的极致是什么
A101: 贤者晶石 | B101: 281 | C101: 贤者晶石 | D101: 5 | E101: 0 | F101: 0 | G101: 5007,5006 | H101: 17,29,16 | I101: 0 | J101: 0 | K101: 0 | L101: 0 | M101: 49 | N101: 1 | O101: =P101*3 -> 4755 | P101: =VLOOKUP(A101,材料!$P$4:$R$85,3,FALSE) -> 1585 | T101: 0 | U101: 0 | V101: 0 | X101: false | Y101: 0 | Z101: 0 | AA101: 0 | AB101: 0 | AC101: 0 | AD101: 0 | AE101: 0 | AF101: 0 | AG101: 0 | AH101: 0 | AI101: 0 | AJ101: 是贤者成就了晶石,还是晶石成就了贤者？
...

Sheet Sheet6
J4: 芜菁
J6: 芜菁根圆润饱满，是腌菜好原料，简单加工后，带着质朴清甜，能为日常餐桌添独特风味。
J8: 卷心菜
J10: 卷心菜叶片层层紧裹，形成紧实叶球，颜色翠绿，口感脆嫩，是餐桌上常见的蔬菜。
J12: 葱
J14: 葱身姿纤细修长，有着独特且浓郁的香气，轻轻一嗅，便能提神醒脑，是调味的好帮手。
J16: 萝卜
J18: 萝卜形态多样，有长有圆，口感更是一绝，咬下瞬间，清甜汁水率先散开，随后一丝辛辣巧妙涌上舌尖，丰富口感令人难忘。
J20: 紫甘蓝
J22: 紫甘蓝有着深紫色外衣，神秘又迷人，它富含花青素，营养满满，好看又好吃。
J24: 黄瓜
J26: 黄瓜浑身带刺，表皮翠绿，内里果肉水润脆嫩，直接咬上一口，清甜汁水在口中迸发，满是清爽。
... J102: 甜菜根粗壮厚实，富含糖分，既可以直接食用，也是制糖的重要原料。

Sheet Sheet4
H1: 洞穴天使鱼 | I1: 1,18
H2: 沙丁鱼 | I2: 1,2
H3: 竹荚鱼 | I3: 1,2
H4: 海鳗 | I4: 1,2
H5: 章鱼 | I5: 1,2
H6: 比目鱼 | I6: 1,2
H7: 河豚 | I7: 1,2
H8: 水母 | I8: 1,18
H9: 条石鲷 | I9: 1,2
H10: 红鲷鱼 | I10: 1,2
H11: 蓝蟹 | I11: 1,2
H12: 鲯鳅鱼 | I12: 1,2
... H320: 甜菜 | I320: 24,2,15

Sheet Sheet13
I1: 小龙虾
I2: 鲤鱼
I3: 鲮鱼
I4: 手套蟹
I5: 鲶鱼
I6: 丁鱼
I7: 锦鲤
I8: 线鱼
I9: 梭鲈
I10: 兰寿金鱼
I11: 樱桃鲑鱼
I12: 虹鳟鱼
... I31: 鲯鳅鱼
I32: 龙虾 | R32: 回春卷轴 | S32: 展开此卷，绿意盎然，生命之力涓涓流淌，能让伤者重焕生机，逆转危局。
I33: 金枪鱼 | R33: 振奋卷轴 | S33: 闪耀光芒的卷轴，激发潜能，使使用者力量奔涌，勇猛向前。
I34: 斑马狮子鱼 | R34: 昏睡卷轴 | S34: 神秘符文遍布，一经施展，让目标陷入沉睡，任人摆布。
R35: 感电卷轴 | S35: 电芒在卷上跃动，释放可使敌人周身麻痹，似遭雷电突袭，行动瞬间受阻。
R36: 冰氛卷轴 | S36: 散发凛冽寒气，开启后冰雾弥漫，冻结周遭空气，让对手陷入寒冷困境。
R37: 火氛卷轴 | S37: 熊熊火焰图案，点燃后火海肆虐，炽热高温席卷，燃尽一切阻碍，威力惊人。
R38: 沉默卷轴 | S38: 古朴的卷轴，展开令目标无法施法，如被禁言枷锁束缚，魔法力量戛然而止。
R39: 减速卷轴 | S39: 携带着迟缓力量，触发时让对方行动变缓，好似陷入泥沼，举步维艰。
R40: 闪避卷轴 | S40: 轻启此卷，使用者似有灵动幻影附身，能巧妙避开攻击，身姿飘逸难捉摸。
R41: 力量卷轴 | S41: 闪耀力量光辉，使用后肌肉贲张，力量如泉涌，可瞬间提升战斗爆发力。
R42: 魅惑卷轴 | S42: 带有迷人魔力，展开让目标心智迷失，如被甜蜜幻境迷惑，敌我不分。
Q47: 回春卷轴 | R47: 生命之息涌，伤痛速愈，重燃战斗希望之光。
I48: 米饭 | J48: 散发淡淡稻香，软糯口感，是饱腹的基础主食。 | Q48: 振奋卷轴 | R48: 力量泉眼开，活力满溢，战场斗志陡然澎湃。
I49: 发酵粉 | J49: 神奇的粉末，能赋予酿造的独特魅力。 | Q49: 昏睡卷轴 | R49: 目标陷沉睡，意识迷离，片刻安宁暗藏危机。
I50: 盐 | J50: 烹饪中不可或缺的调味关键。 | Q50: 感电卷轴 | R50: 电流周身窜，麻痹一瞬，敌人行动即刻受限。
I51: 酸味香料 | J51: 清新酸爽，为菜肴注入活力。 | Q51: 冰氛卷轴 | R51: 寒气肆意漫，冻结空间，对手困于霜寒之境。
I52: 蜂蜜 | J52: 流淌着自然甜香，甜蜜滋味令人心醉。 | Q52: 火氛卷轴 | R52: 烈焰熊熊燃，高温炙烤，障碍皆化灰烬飘散。
I53: 牛奶 | J53: 富含营养，口感醇厚丝滑，适合多种烹饪。 | Q53: 沉默卷轴 | R53: 魔法难施展，咒术禁言，敌方策略瞬间瘫痪。
I54: 鸡蛋 | J54: 圆润晶莹，是厨房中万能的美味担当。 | Q54: 减速卷轴 | R54: 步伐变迟缓，行动受阻，仿若深陷泥泞之中。
I55: 猪肉 | J55: 能变幻出多样风味，满足众多食客的需求。 | Q55: 闪避卷轴 | R55: 身形幻如影，攻击巧避，周旋敌阵自在随心。
I56: 面粉 | J56: 麦类的粉末，经巧手加工，成为各种形状，承载丰富口感。 | Q56: 力量卷轴 | R56: 力量猛激增，肌肉贲张，挥击皆有千钧之力。
I57: 咖啡粉 | J57: 咖啡粉散发浓郁醇香，冲泡后苦涩与香醇交织。 | Q57: 魅惑卷轴 | R57: 心智被迷离，敌我不辨，受控走向未知命运。
I58: 海苔 | J58: 酥脆可口，常作零食或包裹食材，增添别样风味。
I59: 黄油 | J59: 黄油色泽金黄，质地柔软，赋予食物奢华口感。
I60: 腌芜菁 | J60: 咸酸适度，爽脆开胃，为餐桌增添一份独特的风味刺激。
I61: 蔬菜沙拉 | J61: 新鲜脆爽，多种蔬菜汇聚，轻食之选，健康与美味并存。
I62: 三明治 | J62: 层次丰富，夹裹各种食材，是快捷美味的饱腹佳肴。
I63: 腌萝卜 | J63: 口感清脆，酸辣开胃，一口下去嘎嘣响，是佐餐小菜中的经典之选。
I64: 拉面 | J64: 劲道有嚼劲，搭配浓郁汤头，一碗下肚满足又温暖。
I65: 蜂蜜蛋糕 | J65: 松软香甜，散发诱人香气，口感细腻似云朵。
I66: 披萨 | J66: 铺陈丰富馅料，是分享欢乐的美食。
I67: 腌黄瓜 | J67: 酸咸滋味，清爽可口，是解腻增味的爽口小菜。
I68: 烤西兰花 | J68: 表面微焦，内部鲜嫩，独特的烤制风味别具一格。
I69: 水煮蛋 | J69: 蛋白嫩滑，蛋黄绵密，简单纯粹，是优质的餐食。
... I139: 凉茶 | J139: 味道微苦回甘，清热去火，是传统的健康饮品。

Sheet Sheet2
D5: 价值 | E5: 322
B6: 1600 | C6: 长剑 | D6: =VLOOKUP(C6,装备!$B$2:$J$60,9,FALSE)*0.75 -> 7.5 | E6: 1 | F6: 木材 | G6: 铸造 | I6: 长剑 | K6: 铁块 | L6: =VLOOKUP(K6,Sheet8!$A$1:$B$165,2,FALSE) -> #N/A | M6: 刀刃 | N6: =VLOOKUP(M6,Sheet8!$A$1:$B$155,2,FALSE) -> #N/A | S6: =VLOOKUP(K6,ItemData!$A$4:$B$415,2,FALSE) -> 298 | T6: =VLOOKUP(M6,ItemData!$A$4:$B$415,2,FALSE) -> 274 | X6: =S6&","&T6&IF(U6<>"",","&U6,"")&IF(V6<>"",","&V6,"") -> 298,274
B7: 1601 | C7: 诅咒之剑 | D7: =VLOOKUP(C7,装备!$B$2:$J$60,9,FALSE)*0.75 -> 20.25 | E7: 2 | F7: 原木 | G7: 铸造 | H7: 诅咒猎杀 | I7: 诅咒之剑 | K7: 长剑 | L7: =VLOOKUP(K7,Sheet8!$A$1:$B$155,2,FALSE) -> #N/A | M7: 眼球 | N7: =VLOOKUP(M7,Sheet8!$A$1:$B$155,2,FALSE) -> #N/A | O7: 诅咒宝珠 | P7: =VLOOKUP(O7,Sheet8!$A$1:$B$155,2,FALSE) -> #N/A | S7: =VLOOKUP(K7,ItemData!$A$4:$B$415,2,FALSE) -> 1600 | T7: =VLOOKUP(M7,ItemData!$A$4:$B$415,2,FALSE) -> 220 | U7: =VLOOKUP(O7,ItemData!$A$4:$B$415,2,FALSE) -> 257 | X7: =S7&","&T7&IF(U7<>"",","&U7,"")&IF(V7<>"",","&V7,"") -> 1600,220,257
B8: 1602 | C8: 烈焰之刃 | D8: =VLOOKUP(C8,装备!$B$2:$J$60,9,FALSE)*0.75 -> 52.5 | E8: 3 | F8: 木柴 | G8: 铸造 | H8: 烈焰斩 | I8: 烈焰之刃 | K8: 长剑 | L8: =VLOOKUP(K8,Sheet8!$A$1:$B$155,2,FALSE) -> #N/A | M8: 火晶石 | N8: =VLOOKUP(M8,Sheet8!$A$1:$B$155,2,FALSE) -> #N/A | O8: 石英砂 | P8: =VLOOKUP(O8,Sheet8!$A$1:$B$155,2,FALSE) -> #N/A | Q8: 白磷粉末 | R8: =VLOOKUP(Q8,Sheet8!$A$1:$B$155,2,FALSE) -> #N/A | S8: =VLOOKUP(K8,ItemData!$A$4:$B$415,2,FALSE) -> 1600 | T8: =VLOOKUP(M8,ItemData!$A$4:$B$415,2,FALSE) -> 229 | U8: =VLOOKUP(O8,ItemData!$A$4:$B$415,2,FALSE) -> 205 | V8: =VLOOKUP(Q8,ItemData!$A$4:$B$415,2,FALSE) -> 284 | X8: =S8&","&T8&IF(U8<>"",","&U8,"")&IF(V8<>"",","&V8,"") -> 1600,229,205,284
B9: 1603 | C9: 大地之剑 | D9: =VLOOKUP(C9,装备!$B$2:$J$60,9,FALSE)*0.75 -> 47.25 | E9: 3 | F9: 木棒 | G9: 铸造 | H9: 地刺 | I9: 大地之剑 | K9: 长剑 | L9: =VLOOKUP(K9,Sheet8!$A$1:$B$155,2,FALSE) -> #N/A | M9: 土晶石 | N9: =VLOOKUP(M9,Sheet8!$A$1:$B$155,2,FALSE) -> #N/A | O9: 钢 | P9: =VLOOKUP(O9,Sheet8!$A$1:$B$155,2,FALSE) -> #N/A | Q9: 粘土 | R9: =VLOOKUP(Q9,Sheet8!$A$1:$B$155,2,FALSE) -> #N/A | S9: =VLOOKUP(K9,ItemData!$A$4:$B$415,2,FALSE) -> 1600 | T9: =VLOOKUP(M9,ItemData!$A$4:$B$415,2,FALSE) -> 218 | U9: =VLOOKUP(O9,ItemData!$A$4:$B$415,2,FALSE) -> 299 | V9: =VLOOKUP(Q9,ItemData!$A$4:$B$415,2,FALSE) -> 212 | X9: =S9&","&T9&IF(U9<>"",","&U9,"")&IF(V9<>"",","&V9,"") -> 1600,218,299,212
B10: 1604 | C10: 冰之刃 | D10: =VLOOKUP(C10,装备!$B$2:$J$60,9,FALSE)*0.75 -> 54 | E10: 3 | G10: 铸造 | H10: 寒冰斩 | I10: 冰之刃 | K10: 长剑 | L10: =VLOOKUP(K10,Sheet8!$A$1:$B$155,2,FALSE) -> #N/A | M10: 冰晶石 | N10: =VLOOKUP(M10,Sheet8!$A$1:$B$155,2,FALSE) -> #N/A | O10: 冰的结晶 | P10: =VLOOKUP(O10,Sheet8!$A$1:$B$155,2,FALSE) -> #N/A | Q10: 雪球 | R10: =VLOOKUP(Q10,Sheet8!$A$1:$B$155,2,FALSE) -> #N/A | S10: =VLOOKUP(K10,ItemData!$A$4:$B$415,2,FALSE) -> 1600 | T10: =VLOOKUP(M10,ItemData!$A$4:$B$415,2,FALSE) -> 260 | U10: =VLOOKUP(O10,ItemData!$A$4:$B$415,2,FALSE) -> 261 | V10: =VLOOKUP(Q10,ItemData!$A$4:$B$415,2,FALSE) -> 253 | X10: =S10&","&T10&IF(U10<>"",","&U10,"")&IF(V10<>"",","&V10,"") -> 1600,260,261,253
B11: 1605 | C11: 铁枪 | D11: =VLOOKUP(C11,装备!$B$2:$J$60,9,FALSE)*0.75 -> 8.25 | E11: 1 | G11: 铸造 | I11: 铁枪 | K11: 木棒 | L11: =VLOOKUP(K11,Sheet8!$A$1:$B$155,2,FALSE) -> #N/A | M11: 鹿角 | N11: =VLOOKUP(M11,Sheet8!$A$1:$B$155,2,FALSE) -> #N/A | O11: 刀刃 | P11: =VLOOKUP(O11,Sheet8!$A$1:$B$155,2,FALSE) -> #N/A | S11: =VLOOKUP(K11,ItemData!$A$4:$B$415,2,FALSE) -> 104 | T11: =VLOOKUP(M11,ItemData!$A$4:$B$415,2,FALSE) -> 222 | U11: =VLOOKUP(O11,ItemData!$A$4:$B$415,2,FALSE) -> 274 | X11: =S11&","&T11&IF(U11<>"",","&U11,"")&IF(V11<>"",","&V11,"") -> 104,222,274
B12: 1606 | C12: 骑士长枪 | D12: =VLOOKUP(C12,装备!$B$2:$J$60,9,FALSE)*0.75 -> 28.5 | E12: 2 | G12: 铸造 | H12: 血腥囚笼 | I12: 血腥之枪 | K12: 铁枪 | L12: =VLOOKUP(K12,Sheet8!$A$1:$B$155,2,FALSE) -> #N/A | M12: 魔族之血 | N12: =VLOOKUP(M12,Sheet8!$A$1:$B$155,2,FALSE) -> #N/A | O12: 银块 | P12: =VLOOKUP(O12,Sheet8!$A$1:$B$155,2,FALSE) -> #N/A | Q12: 蜂刺 | R12: =VLOOKUP(Q12,Sheet8!$A$1:$B$155,2,FALSE) -> #N/A | S12: =VLOOKUP(K12,ItemData!$A$4:$B$415,2,FALSE) -> 1605 | T12: =VLOOKUP(M12,ItemData!$A$4:$B$415,2,FALSE) -> 259 | U12: =VLOOKUP(O12,ItemData!$A$4:$B$415,2,FALSE) -> 237 | V12: =VLOOKUP(Q12,ItemData!$A$4:$B$415,2,FALSE) -> 239 | X12: =S12&","&T12&IF(U12<>"",","&U12,"")&IF(V12<>"",","&V12,"") -> 1605,259,237,239
B13: 1607 | C13: 血腥之矛 | D13: =VLOOKUP(C13,装备!$B$2:$J$60,9,FALSE)*0.75 -> 31.875 | E13: 2 | G13: 铸造 | H13: 骑士冲击 | I13: 骑士长枪 | K13: 铁枪 | L13: =VLOOKUP(K13,Sheet8!$A$1:$B$155,2,FALSE) -> #N/A | M13: 骑士之证 | N13: =VLOOKUP(M13,Sheet8!$A$1:$B$155,2,FALSE) -> #N/A | O13: 钢 | P13: =VLOOKUP(O13,Sheet8!$A$1:$B$155,2,FALSE) -> #N/A | S13: =VLOOKUP(K13,ItemData!$A$4:$B$415,2,FALSE) -> 1605 | T13: =VLOOKUP(M13,ItemData!$A$4:$B$415,2,FALSE) -> 275 | U13: =VLOOKUP(O13,ItemData!$A$4:$B$415,2,FALSE) -> 299 | X13: =S13&","&T13&IF(U13<>"",","&U13,"")&IF(V13<>"",","&V13,"") -> 1605,275,299
B14: 1608 | C14: 三叉戟 | D14: =VLOOKUP(C14,装备!$B$2:$J$60,9,FALSE)*0.75 -> 44.25 | E14: 3 | G14: 铸造 | H14: 龙卷风 | I14: 三叉戟 | K14: 铁枪 | L14: =VLOOKUP(K14,Sheet8!$A$1:$B$155,2,FALSE) -> #N/A | M14: 珊瑚 | N14: =VLOOKUP(M14,Sheet8!$A$1:$B$155,2,FALSE) -> #N/A | O14: 象牙 | P14: =VLOOKUP(O14,Sheet8!$A$1:$B$155,2,FALSE) -> #N/A | Q14: 水晶石 | R14: =VLOOKUP(Q14,Sheet8!$A$1:$B$155,2,FALSE) -> #N/A | S14: =VLOOKUP(K14,ItemData!$A$4:$B$415,2,FALSE) -> 1605 | T14: =VLOOKUP(M14,ItemData!$A$4:$B$415,2,FALSE) -> 227 | U14: =VLOOKUP(O14,ItemData!$A$4:$B$415,2,FALSE) -> 240 | V14: =VLOOKUP(Q14,ItemData!$A$4:$B$415,2,FALSE) -> 232 | X14: =S14&","&T14&IF(U14<>"",","&U14,"")&IF(V14<>"",","&V14,"") -> 1605,227,240,232
B15: 1609 | C15: 战斧 | D15: =VLOOKUP(C15,装备!$B$2:$J$60,9,FALSE)*0.75 -> 17.25 | E15: 2 | G15: 铸造 | H15: 奇迹斩 | I15: 秘银长剑 | K15: 银块 | L15: =VLOOKUP(K15,Sheet8!$A$1:$B$155,2,FALSE) -> #N/A | M15: 刀刃 | N15: =VLOOKUP(M15,Sheet8!$A$1:$B$155,2,FALSE) -> #N/A | O15: 咒术药水 | P15: =VLOOKUP(O15,Sheet8!$A$1:$B$155,2,FALSE) -> #N/A | Q15: 暮光结晶 | R15: =VLOOKUP(Q15,Sheet8!$A$1:$B$155,2,FALSE) -> #N/A | S15: =VLOOKUP(K15,ItemData!$A$4:$B$415,2,FALSE) -> 237 | T15: =VLOOKUP(M15,ItemData!$A$4:$B$415,2,FALSE) -> 274 | U15: =VLOOKUP(O15,ItemData!$A$4:$B$415,2,FALSE) -> 256 | V15: =VLOOKUP(Q15,ItemData!$A$4:$B$415,2,FALSE) -> 285 | X15: =S15&","&T15&IF(U15<>"",","&U15,"")&IF(V15<>"",","&V15,"") -> 237,274,256,285
B16: 1610 | C16: 毒蜥之牙 | D16: =VLOOKUP(C16,装备!$B$2:$J$60,9,FALSE)*0.75 -> 27 | E16: 3 | G16: 铸造 | H16: 幻影突刺 | I16: 幻影长枪 | K16: 幻影水晶 | L16: =VLOOKUP(K16,Sheet8!$A$1:$B$155,2,FALSE) -> #N/A | M16: 铁枪 | N16: =VLOOKUP(M16,Sheet8!$A$1:$B$155,2,FALSE) -> #N/A | O16: 夜之幕 | P16: =VLOOKUP(O16,Sheet8!$A$1:$B$155,2,FALSE) -> #N/A | Q16: 风晶石 | R16: =VLOOKUP(Q16,Sheet8!$A$1:$B$155,2,FALSE) -> #N/A | S16: =VLOOKUP(K16,ItemData!$A$4:$B$415,2,FALSE) -> 269 | T16: =VLOOKUP(M16,ItemData!$A$4:$B$415,2,FALSE) -> 1605 | U16: =VLOOKUP(O16,ItemData!$A$4:$B$415,2,FALSE) -> 264 | V16: =VLOOKUP(Q16,ItemData!$A$4:$B$415,2,FALSE) -> 208 | X16: =S16&","&T16&IF(U16<>"",","&U16,"")&IF(V16<>"",","&V16,"") -> 269,1605,264,208
B17: 1611 | C17: 恶魔之斧 | D17: =VLOOKUP(C17,装备!$B$2:$J$60,9,FALSE)*0.75 -> 46.5 | E17: 3 | G17: 铸造 | I17: 战斧 | K17: 钢 | L17: =VLOOKUP(K17,Sheet8!$A$1:$B$155,2,FALSE) -> #N/A | M17: 刀刃 | N17: =VLOOKUP(M17,Sheet8!$A$1:$B$155,2,FALSE) -> #N/A | O17: 兽角 | P17: =VLOOKUP(O17,Sheet8!$A$1:$B$155,2,FALSE) -> #N/A | S17: =VLOOKUP(K17,ItemData!$A$4:$B$415,2,FALSE) -> 299 | T17: =VLOOKUP(M17,ItemData!$A$4:$B$415,2,FALSE) -> 274 | U17: =VLOOKUP(O17,ItemData!$A$4:$B$415,2,FALSE) -> 241 | X17: =S17&","&T17&IF(U17<>"",","&U17,"")&IF(V17<>"",","&V17,"") -> 299,274,241
B18: 1612 | C18: 蛇皮鞭 | D18: =VLOOKUP(C18,装备!$B$2:$J$60,9,FALSE)*0.75 -> 16.5 | E18: 1 | G18: 铸造 | H18: 剧毒风暴 | I18: 毒蜥之牙 | K18: 战斧 | L18: =VLOOKUP(K18,Sheet8!$A$1:$B$155,2,FALSE) -> #N/A | M18: 毒淤泥 | N18: =VLOOKUP(M18,Sheet8!$A$1:$B$155,2,FALSE) -> #N/A | O18: 狼牙 | P18: =VLOOKUP(O18,Sheet8!$A$1:$B$155,2,FALSE) -> #N/A | S18: =VLOOKUP(K18,ItemData!$A$4:$B$415,2,FALSE) -> 1609 | T18: =VLOOKUP(M18,ItemData!$A$4:$B$415,2,FALSE) -> 254 | U18: =VLOOKUP(O18,ItemData!$A$4:$B$415,2,FALSE) -> 211 | X18: =S18&","&T18&IF(U18<>"",","&U18,"")&IF(V18<>"",","&V18,"") -> 1609,254,211
B19: 1613 | C19: 荆棘鞭 | D19: =VLOOKUP(C19,装备!$B$2:$J$60,9,FALSE)*0.75 -> 13.5 | E19: 1 | G19: 铸造 | H19: 恶魔幻影 | I19: 恶魔之斧 | K19: 战斧 | L19: =VLOOKUP(K19,Sheet8!$A$1:$B$155,2,FALSE) -> #N/A | M19: 魔族之血 | N19: =VLOOKUP(M19,Sheet8!$A$1:$B$155,2,FALSE) -> #N/A | O19: 人狼之证 | P19: =VLOOKUP(O19,Sheet8!$A$1:$B$155,2,FALSE) -> #N/A | Q19: 石化之眼 | R19: =VLOOKUP(Q19,Sheet8!$A$1:$B$155,2,FALSE) -> #N/A | S19: =VLOOKUP(K19,ItemData!$A$4:$B$415,2,FALSE) -> 1609 | T19: =VLOOKUP(M19,ItemData!$A$4:$B$415,2,FALSE) -> 259 | U19: =VLOOKUP(O19,ItemData!$A$4:$B$415,2,FALSE) -> 258 | V19: =VLOOKUP(Q19,ItemData!$A$4:$B$415,2,FALSE) -> 263 | X19: =S19&","&T19&IF(U19<>"",","&U19,"")&IF(V19<>"",","&V19,"") -> 1609,259,258,263
B20: 1614 | C20: 女王之鞭 | D20: =VLOOKUP(C20,装备!$B$2:$J$60,9,FALSE)*0.75 -> 49.5 | E20: 2 | G20: 铸造 | H20: 暴风雪 | I20: 暴雪斧 | K20: 战斧 | L20: =VLOOKUP(K20,Sheet8!$A$1:$B$155,2,FALSE) -> #N/A | M20: 雪球 | N20: =VLOOKUP(M20,Sheet8!$A$1:$B$155,2,FALSE) -> #N/A | O20: 冰晶石 | P20: =VLOOKUP(O20,Sheet8!$A$1:$B$155,2,FALSE) -> #N/A | Q20: 寒冰气息 | R20: =VLOOKUP(Q20,Sheet8!$A$1:$B$155,2,FALSE) -> #N/A | S20: =VLOOKUP(K20,ItemData!$A$4:$B$415,2,FALSE) -> 1609 | T20: =VLOOKUP(M20,ItemData!$A$4:$B$415,2,FALSE) -> 253 | U20: =VLOOKUP(O20,ItemData!$A$4:$B$415,2,FALSE) -> 260 | V20: =VLOOKUP(Q20,ItemData!$A$4:$B$415,2,FALSE) -> 267 | X20: =S20&","&T20&IF(U20<>"",","&U20,"")&IF(V20<>"",","&V20,"") -> 1609,253,260,267
B21: 1615 | C21: 蛇牙鞭 | D21: =VLOOKUP(C21,装备!$B$2:$J$60,9,FALSE)*0.75 -> 43.5 | E21: 2 | G21: 缝纫 | I21: 蛇皮鞭 | K21: 蛇皮 | L21: =VLOOKUP(K21,Sheet8!$A$1:$B$155,2,FALSE) -> #N/A | M21: 马尾 | N21: =VLOOKUP(M21,Sheet8!$A$1:$B$155,2,FALSE) -> #N/A | O21: 蛛丝 | P21: =VLOOKUP(O21,Sheet8!$A$1:$B$155,2,FALSE) -> #N/A | S21: =VLOOKUP(K21,ItemData!$A$4:$B$415,2,FALSE) -> 238 | T21: =VLOOKUP(M21,ItemData!$A$4:$B$415,2,FALSE) -> 276 | U21: =VLOOKUP(O21,ItemData!$A$4:$B$415,2,FALSE) -> 214 | X21: =S21&","&T21&IF(U21<>"",","&U21,"")&IF(V21<>"",","&V21,"") -> 238,276,214
B22: 1616 | C22: 暴雪斧 | D22: =VLOOKUP(C22,装备!$B$2:$J$60,9,FALSE)*0.75 -> 73.5 | E22: 3 | G22: 缝纫 | I22: 藤鞭 | K22: 植物的藤 | L22: =VLOOKUP(K22,Sheet8!$A$1:$B$155,2,FALSE) -> #N/A | M22: 马尾 | N22: =VLOOKUP(M22,Sheet8!$A$1:$B$155,2,FALSE) -> #N/A | O22: 蛛丝 | P22: =VLOOKUP(O22,Sheet8!$A$1:$B$155,2,FALSE) -> #N/A | S22: =VLOOKUP(K22,ItemData!$A$4:$B$415,2,FALSE) -> 221 | T22: =VLOOKUP(M22,ItemData!$A$4:$B$415,2,FALSE) -> 276 | U22: =VLOOKUP(O22,ItemData!$A$4:$B$415,2,FALSE) -> 214 | X22: =S22&","&T22&IF(U22<>"",","&U22,"")&IF(V22<>"",","&V22,"") -> 221,276,214
B23: 1617 | C23: 秘银长剑 | D23: =VLOOKUP(C23,装备!$B$2:$J$60,9,FALSE)*0.75 -> 62.25 | E23: 4 | G23: 缝纫 | H23: 女王之春 | I23: 女王鞭 | K23: 荆棘鞭 | L23: =VLOOKUP(K23,Sheet8!$A$1:$B$155,2,FALSE) -> #N/A | M23: 尖刺 | N23: =VLOOKUP(M23,Sheet8!$A$1:$B$155,2,FALSE) -> #N/A | O23: 幽魂 | P23: =VLOOKUP(O23,Sheet8!$A$1:$B$155,2,FALSE) -> #N/A | S23: =VLOOKUP(K23,ItemData!$A$4:$B$415,2,FALSE) -> 1613 | T23: =VLOOKUP(M23,ItemData!$A$4:$B$415,2,FALSE) -> 213 | U23: =VLOOKUP(O23,ItemData!$A$4:$B$415,2,FALSE) -> 246 | X23: =S23&","&T23&IF(U23<>"",","&U23,"")&IF(V23<>"",","&V23,"") -> 1613,213,246
B24: 1618 | C24: 幻影长枪 | D24: =VLOOKUP(C24,装备!$B$2:$J$60,9,FALSE)*0.75 -> 70.5 | E24: 4 | G24: 缝纫 | H24: 刺颈鞭挞 | I24: 蛇牙鞭 | K24: 蛇皮鞭 | L24: =VLOOKUP(K24,Sheet8!$A$1:$B$155,2,FALSE) -> #N/A | M24: 狼牙 | N24: =VLOOKUP(M24,Sheet8!$A$1:$B$155,2,FALSE) -> #N/A | O24: 蛇皮鞭 | P24: =VLOOKUP(O24,Sheet8!$A$1:$B$155,2,FALSE) -> #N/A | S24: =VLOOKUP(K24,ItemData!$A$4:$B$415,2,FALSE) -> 1612 | T24: =VLOOKUP(M24,ItemData!$A$4:$B$415,2,FALSE) -> 211 | U24: =VLOOKUP(O24,ItemData!$A$4:$B$415,2,FALSE) -> 1612 | X24: =S24&","&T24&IF(U24<>"",","&U24,"")&IF(V24<>"",","&V24,"") -> 1612,211,1612
B25: 1619 | C25: 雷神之鞭 | D25: =VLOOKUP(C25,装备!$B$2:$J$60,9,FALSE)*0.75 -> 64.5 | E25: 4 | G25: 铸造 | H25: 雷暴 | I25: 雷神之鞭 | K25: 雷鸣宝珠 | L25: =VLOOKUP(K25,Sheet8!$A$1:$B$155,2,FALSE) -> #N/A | M25: 电偶瓶 | N25: =VLOOKUP(M25,Sheet8!$A$1:$B$155,2,FALSE) -> #N/A | O25: 蜂刺 | P25: =VLOOKUP(O25,Sheet8!$A$1:$B$155,2,FALSE) -> #N/A | Q25: 女王之鞭 | R25: =VLOOKUP(Q25,Sheet8!$A$1:$B$155,2,FALSE) -> #N/A | S25: =VLOOKUP(K25,ItemData!$A$4:$B$415,2,FALSE) -> 270 | T25: =VLOOKUP(M25,ItemData!$A$4:$B$415,2,FALSE) -> 225 | U25: =VLOOKUP(O25,ItemData!$A$4:$B$415,2,FALSE) -> 239 | V25: =VLOOKUP(Q25,ItemData!$A$4:$B$415,2,FALSE) -> 1614 | X25: =S25&","&T25&IF(U25<>"",","&U25,"")&IF(V25<>"",","&V25,"") -> 270,225,239,1614
B26: 1620 | C26: 死亡之鞭 | D26: =VLOOKUP(C26,装备!$B$2:$J$60,9,FALSE)*0.75 -> 69 | E26: 4 | G26: 铸造 | H26: 幽冥黑洞 | I26: 死亡之鞭 | K26: 脏绷带 | L26: =VLOOKUP(K26,Sheet8!$A$1:$B$155,2,FALSE) -> #N/A | M26: 亡者之土 | N26: =VLOOKUP(M26,Sheet8!$A$1:$B$155,2,FALSE) -> #N/A | O26: 寒冰火种 | P26: =VLOOKUP(O26,Sheet8!$A$1:$B$155,2,FALSE) -> #N/A | Q26: 蛇牙鞭 | R26: =VLOOKUP(Q26,Sheet8!$A$1:$B$155,2,FALSE) -> #N/A | S26: =VLOOKUP(K26,ItemData!$A$4:$B$415,2,FALSE) -> 245 | T26: =VLOOKUP(M26,ItemData!$A$4:$B$415,2,FALSE) -> 255 | U26: =VLOOKUP(O26,ItemData!$A$4:$B$415,2,FALSE) -> 268 | V26: =VLOOKUP(Q26,ItemData!$A$4:$B$415,2,FALSE) -> 1615 | X26: =S26&","&T26&IF(U26<>"",","&U26,"")&IF(V26<>"",","&V26,"") -> 245,255,268,1615
B27: 1650 | C27: 布衣 | D27: =VLOOKUP(C27,装备!$B$2:$J$60,9,FALSE)*0.75 -> 3.75 | E27: 1 | G27: 缝纫 | I27: 布衣 | K27: 布片 | L27: =VLOOKUP(K27,Sheet8!$A$1:$B$155,2,FALSE) -> #N/A | M27: 毛线 | N27: =VLOOKUP(M27,Sheet8!$A$1:$B$155,2,FALSE) -> #N/A | S27: =VLOOKUP(K27,ItemData!$A$4:$B$415,2,FALSE) -> 204 | T27: =VLOOKUP(M27,ItemData!$A$4:$B$415,2,FALSE) -> 277 | X27: =S27&","&T27&IF(U27<>"",","&U27,"")&IF(V27<>"",","&V27,"") -> 204,277
B28: 1651 | C28: 皮铠 | D28: =VLOOKUP(C28,装备!$B$2:$J$60,9,FALSE)*0.75 -> 7.5 | E28: 1 | G28: 缝纫 | I28: 皮铠 | K28: 皮革 | L28: =VLOOKUP(K28,Sheet8!$A$1:$B$155,2,FALSE) -> #N/A | M28: 粘液 | N28: =VLOOKUP(M28,Sheet8!$A$1:$B$155,2,FALSE) -> #N/A | O28: 蛛丝 | P28: =VLOOKUP(O28,Sheet8!$A$1:$B$155,2,FALSE) -> #N/A | S28: =VLOOKUP(K28,ItemData!$A$4:$B$415,2,FALSE) -> 271 | T28: =VLOOKUP(M28,ItemData!$A$4:$B$415,2,FALSE) -> 278 | U28: =VLOOKUP(O28,ItemData!$A$4:$B$415,2,FALSE) -> 214 | X28: =S28&","&T28&IF(U28<>"",","&U28,"")&IF(V28<>"",","&V28,"") -> 271,278,214
B29: 1652 | C29: 锁子甲 | D29: =VLOOKUP(C29,装备!$B$2:$J$60,9,FALSE)*0.75 -> 14.25 | E29: 2 | G29: 缝纫 | I29: 锁子甲 | K29: 皮铠 | L29: =VLOOKUP(K29,Sheet8!$A$1:$B$155,2,FALSE) -> #N/A | M29: 珊瑚 | N29: =VLOOKUP(M29,Sheet8!$A$1:$B$155,2,FALSE) -> #N/A | O29: 钢 | P29: =VLOOKUP(O29,Sheet8!$A$1:$B$155,2,FALSE) -> #N/A | S29: =VLOOKUP(K29,ItemData!$A$4:$B$415,2,FALSE) -> 1651 | T29: =VLOOKUP(M29,ItemData!$A$4:$B$415,2,FALSE) -> 227 | U29: =VLOOKUP(O29,ItemData!$A$4:$B$415,2,FALSE) -> 299 | X29: =S29&","&T29&IF(U29<>"",","&U29,"")&IF(V29<>"",","&V29,"") -> 1651,227,299
B30: 1653 | C30: 毛皮斗篷 | D30: =VLOOKUP(C30,装备!$B$2:$J$60,9,FALSE)*0.75 -> 22.5 | E30: 2 | G30: 缝纫 | I30: 毛皮斗篷 | K30: 皮铠 | L30: =VLOOKUP(K30,Sheet8!$A$1:$B$155,2,FALSE) -> #N/A | M30: 魔兽皮毛 | N30: =VLOOKUP(M30,Sheet8!$A$1:$B$155,2,FALSE) -> #N/A | O30: 鸭绒 | P30: =VLOOKUP(O30,Sheet8!$A$1:$B$155,2,FALSE) -> #N/A | S30: =VLOOKUP(K30,ItemData!$A$4:$B$415,2,FALSE) -> 1651 | T30: =VLOOKUP(M30,ItemData!$A$4:$B$415,2,FALSE) -> 223 | U30: =VLOOKUP(O30,ItemData!$A$4:$B$415,2,FALSE) -> 301 | X30: =S30&","&T30&IF(U30<>"",","&U30,"")&IF(V30<>"",","&V30,"") -> 1651,223,301
B31: 1654 | C31: 铁铠甲 | D31: =VLOOKUP(C31,装备!$B$2:$J$60,9,FALSE)*0.75 -> 28.5 | E31: 1 | G31: 铸造 | I31: 铁铠甲 | K31: 铁块 | L31: =VLOOKUP(K31,Sheet8!$A$1:$B$155,2,FALSE) -> #N/A | M31: 石英砂 | N31: =VLOOKUP(M31,Sheet8!$A$1:$B$155,2,FALSE) -> #N/A | S31: =VLOOKUP(K31,ItemData!$A$4:$B$415,2,FALSE) -> 298 | T31: =VLOOKUP(M31,ItemData!$A$4:$B$415,2,FALSE) -> 205 | X31: =S31&","&T31&IF(U31<>"",","&U31,"")&IF(V31<>"",","&V31,"") -> 298,205
B32: 1655 | C32: 红莲之铠 | D32: =VLOOKUP(C32,装备!$B$2:$J$60,9,FALSE)*0.75 -> 36 | E32: 3 | G32: 铸造 | I32: 红莲之铠 | K32: 铁铠甲 | L32: =VLOOKUP(K32,Sheet8!$A$1:$B$155,2,FALSE) -> #N/A | M32: 遗骨 | N32: =VLOOKUP(M32,Sheet8!$A$1:$B$155,2,FALSE) -> #N/A | O32: 火晶石 | P32: =VLOOKUP(O32,Sheet8!$A$1:$B$155,2,FALSE) -> #N/A | Q32: 魔力之土 | R32: =VLOOKUP(Q32,Sheet8!$A$1:$B$155,2,FALSE) -> #N/A | S32: =VLOOKUP(K32,ItemData!$A$4:$B$415,2,FALSE) -> 1654 | T32: =VLOOKUP(M32,ItemData!$A$4:$B$415,2,FALSE) -> 250 | U32: =VLOOKUP(O32,ItemData!$A$4:$B$415,2,FALSE) -> 229 | V32: =VLOOKUP(Q32,ItemData!$A$4:$B$415,2,FALSE) -> 286 | X32: =S32&","&T32&IF(U32<>"",","&U32,"")&IF(V32<>"",","&V32,"") -> 1654,250,229,286
B33: 1656 | C33: 铁龟铠 | D33: =VLOOKUP(C33,装备!$B$2:$J$60,9,FALSE)*0.75 -> 34.5 | E33: 2 | G33: 铸造 | I33: 铁龟铠 | K33: 龟壳 | L33: =VLOOKUP(K33,Sheet8!$A$1:$B$155,2,FALSE) -> #N/A | M33: 铁铠甲 | N33: =VLOOKUP(M33,Sheet8!$A$1:$B$155,2,FALSE) -> #N/A | O33: 琥珀 | P33: =VLOOKUP(O33,Sheet8!$A$1:$B$155,2,FALSE) -> #N/A | S33: =VLOOKUP(K33,ItemData!$A$4:$B$415,2,FALSE) -> 202 | T33: =VLOOKUP(M33,ItemData!$A$4:$B$415,2,FALSE) -> 1654 | U33: =VLOOKUP(O33,ItemData!$A$4:$B$415,2,FALSE) -> 210 | X33: =S33&","&T33&IF(U33<>"",","&U33,"")&IF(V33<>"",","&V33,"") -> 202,1654,210
B34: 1657 | C34: 华丽背心 | D34: =VLOOKUP(C34,装备!$B$2:$J$60,9,FALSE)*0.75 -> 31.5 | E34: 3 | G34: 缝纫 | I34: 华丽背心 | K34: 彩色的布 | L34: =VLOOKUP(K34,Sheet8!$A$1:$B$155,2,FALSE) -> #N/A | M34: 彩色羽毛 | N34: =VLOOKUP(M34,Sheet8!$A$1:$B$155,2,FALSE) -> #N/A | O34: 毛线 | P34: =VLOOKUP(O34,Sheet8!$A$1:$B$155,2,FALSE) -> #N/A | Q34: 鸭绒 | R34: =VLOOKUP(Q34,Sheet8!$A$1:$B$155,2,FALSE) -> #N/A | S34: =VLOOKUP(K34,ItemData!$A$4:$B$415,2,FALSE) -> 272 | T34: =VLOOKUP(M34,ItemData!$A$4:$B$415,2,FALSE) -> 228 | U34: =VLOOKUP(O34,ItemData!$A$4:$B$415,2,FALSE) -> 277 | X34: =S34&","&T34&IF(U34<>"",","&U34,"")&IF(V34<>"",","&V34,"") -> 272,228,277
B35: 1658 | C35: 鳞铠 | D35: =VLOOKUP(C35,装备!$B$2:$J$60,9,FALSE)*0.75 -> 36 | E35: 2 | G35: 缝纫 | I35: 鳞铠 | K35: 鳞片 | L35: =VLOOKUP(K35,Sheet8!$A$1:$B$155,2,FALSE) -> #N/A | M35: 粘液 | N35: =VLOOKUP(M35,Sheet8!$A$1:$B$155,2,FALSE) -> #N/A | O35: 皮革 | P35: =VLOOKUP(O35,Sheet8!$A$1:$B$155,2,FALSE) -> #N/A | S35: =VLOOKUP(K35,ItemData!$A$4:$B$415,2,FALSE) -> 273 | T35: =VLOOKUP(M35,ItemData!$A$4:$B$415,2,FALSE) -> 278 | U35: =VLOOKUP(O35,ItemData!$A$4:$B$415,2,FALSE) -> 271 | X35: =S35&","&T35&IF(U35<>"",","&U35,"")&IF(V35<>"",","&V35,"") -> 273,278,271
B36: 1659 | C36: 暗之袍 | D36: =VLOOKUP(C36,装备!$B$2:$J$60,9,FALSE)*0.75 -> 31.5 | E36: 3 | G36: 缝纫 | I36: 暗之袍 | K36: 夜之幕 | L36: =VLOOKUP(K36,Sheet8!$A$1:$B$155,2,FALSE) -> #N/A | M36: 毛线 | N36: =VLOOKUP(M36,Sheet8!$A$1:$B$155,2,FALSE) -> #N/A | O36: 亡者之土 | P36: =VLOOKUP(O36,Sheet8!$A$1:$B$155,2,FALSE) -> #N/A | Q36: 幽魂 | R36: =VLOOKUP(Q36,Sheet8!$A$1:$B$155,2,FALSE) -> #N/A | S36: =VLOOKUP(K36,ItemData!$A$4:$B$415,2,FALSE) -> 264 | T36: =VLOOKUP(M36,ItemData!$A$4:$B$415,2,FALSE) -> 277 | U36: =VLOOKUP(O36,ItemData!$A$4:$B$415,2,FALSE) -> 255 | V36: =VLOOKUP(Q36,ItemData!$A$4:$B$415,2,FALSE) -> 246 | X36: =S36&","&T36&IF(U36<>"",","&U36,"")&IF(V36<>"",","&V36,"") -> 264,277,255,246
B37: 1660 | C37: 疾风背心 | D37: =VLOOKUP(C37,装备!$B$2:$J$60,9,FALSE)*0.75 -> 36.75 | E37: 3 | G37: 缝纫 | I37: 疾风背心 | K37: 布衣 | L37: =VLOOKUP(K37,Sheet8!$A$1:$B$155,2,FALSE) -> #N/A | M37: 风晶石 | N37: =VLOOKUP(M37,Sheet8!$A$1:$B$155,2,FALSE) -> #N/A | O37: 奇美拉之翼 | P37: =VLOOKUP(O37,Sheet8!$A$1:$B$155,2,FALSE) -> #N/A | S37: =VLOOKUP(K37,ItemData!$A$4:$B$415,2,FALSE) -> 1650 | T37: =VLOOKUP(M37,ItemData!$A$4:$B$415,2,FALSE) -> 208 | U37: =VLOOKUP(O37,ItemData!$A$4:$B$415,2,FALSE) -> 224 | X37: =S37&","&T37&IF(U37<>"",","&U37,"")&IF(V37<>"",","&V37,"") -> 1650,208,224
B38: 1661 | C38: 魔法铠甲 | D38: =VLOOKUP(C38,装备!$B$2:$J$60,9,FALSE)*0.75 -> 53.25 | E38: 4 | G38: 缝纫 | I38: 魔法铠甲 | K38: 皮铠 | L38: =VLOOKUP(K38,Sheet8!$A$1:$B$155,2,FALSE) -> #N/A | M38: 水晶球 | N38: =VLOOKUP(M38,Sheet8!$A$1:$B$155,2,FALSE) -> #N/A | O38: 金块 | P38: =VLOOKUP(O38,Sheet8!$A$1:$B$155,2,FALSE) -> #N/A | Q38: 兽角 | R38: =VLOOKUP(Q38,Sheet8!$A$1:$B$155,2,FALSE) -> #N/A | S38: =VLOOKUP(K38,ItemData!$A$4:$B$415,2,FALSE) -> 1651 | T38: =VLOOKUP(M38,ItemData!$A$4:$B$415,2,FALSE) -> 242 | U38: =VLOOKUP(O38,ItemData!$A$4:$B$415,2,FALSE) -> 247 | V38: =VLOOKUP(Q38,ItemData!$A$4:$B$415,2,FALSE) -> 241 | X38: =S38&","&T38&IF(U38<>"",","&U38,"")&IF(V38<>"",","&V38,"") -> 1651,242,247,241
B39: 1662 | C39: 钢刃锁甲 | D39: =VLOOKUP(C39,装备!$B$2:$J$60,9,FALSE)*0.75 -> 57 | E39: 4 | G39: 铸造 | I39: 钢刃锁甲 | K39: 铁铠甲 | L39: =VLOOKUP(K39,Sheet8!$A$1:$B$155,2,FALSE) -> #N/A | M39: 刀刃 | N39: =VLOOKUP(M39,Sheet8!$A$1:$B$155,2,FALSE) -> #N/A | O39: 钢 | P39: =VLOOKUP(O39,Sheet8!$A$1:$B$155,2,FALSE) -> #N/A | Q39: 土晶石 | R39: =VLOOKUP(Q39,Sheet8!$A$1:$B$155,2,FALSE) -> #N/A | S39: =VLOOKUP(K39,ItemData!$A$4:$B$415,2,FALSE) -> 1654 | T39: =VLOOKUP(M39,ItemData!$A$4:$B$415,2,FALSE) -> 274 | U39: =VLOOKUP(O39,ItemData!$A$4:$B$415,2,FALSE) -> 299 | V39: =VLOOKUP(Q39,ItemData!$A$4:$B$415,2,FALSE) -> 218 | X39: =S39&","&T39&IF(U39<>"",","&U39,"")&IF(V39<>"",","&V39,"") -> 1654,274,299,218
B40: 1663 | C40: 丝织长袍 | D40: =VLOOKUP(C40,装备!$B$2:$J$60,9,FALSE)*0.75 -> 42.75 | E40: 4 | G40: 缝纫 | I40: 丝织长袍 | K40: 布片 | L40: =VLOOKUP(K40,Sheet8!$A$1:$B$155,2,FALSE) -> #N/A | M40: 蛛丝 | N40: =VLOOKUP(M40,Sheet8!$A$1:$B$155,2,FALSE) -> #N/A | O40: 彩色羽毛 | P40: =VLOOKUP(O40,Sheet8!$A$1:$B$155,2,FALSE) -> #N/A | S40: =VLOOKUP(K40,ItemData!$A$4:$B$415,2,FALSE) -> 204 | T40: =VLOOKUP(M40,ItemData!$A$4:$B$415,2,FALSE) -> 214 | U40: =VLOOKUP(O40,ItemData!$A$4:$B$415,2,FALSE) -> 228 | X40: =S40&","&T40&IF(U40<>"",","&U40,"")&IF(V40<>"",","&V40,"") -> 204,214,228
B41: 1664 | C41: 水之羽衣 | D41: =VLOOKUP(C41,装备!$B$2:$J$60,9,FALSE)*0.75 -> 42.75 | E41: 4 | G41: 缝纫 | I41: 水之羽衣 | K41: 布衣 | L41: =VLOOKUP(K41,Sheet8!$A$1:$B$155,2,FALSE) -> #N/A | M41: 水晶石 | N41: =VLOOKUP(M41,Sheet8!$A$1:$B$155,2,FALSE) -> #N/A | O41: 防水皮革 | P41: =VLOOKUP(O41,Sheet8!$A$1:$B$155,2,FALSE) -> #N/A | S41: =VLOOKUP(K41,ItemData!$A$4:$B$415,2,FALSE) -> 1650 | T41: =VLOOKUP(M41,ItemData!$A$4:$B$415,2,FALSE) -> 232 | U41: =VLOOKUP(O41,ItemData!$A$4:$B$415,2,FALSE) -> 282 | X41: =S41&","&T41&IF(U41<>"",","&U41,"")&IF(V41<>"",","&V41,"") -> 1650,232,282
B42: 1665 | C42: 贵族长裙 | D42: =VLOOKUP(C42,装备!$B$2:$J$60,9,FALSE)*0.75 -> 41.25 | E42: 4 | G42: 缝纫 | I42: 贵族长裙 | K42: 华丽背心 | L42: =VLOOKUP(K42,Sheet8!$A$1:$B$155,2,FALSE) -> #N/A | M42: 贵族徽章 | N42: =VLOOKUP(M42,Sheet8!$A$1:$B$155,2,FALSE) -> #N/A | O42: 珍珠 | P42: =VLOOKUP(O42,Sheet8!$A$1:$B$155,2,FALSE) -> #N/A | Q42: 金块 | R42: =VLOOKUP(Q42,Sheet8!$A$1:$B$155,2,FALSE) -> #N/A | S42: =VLOOKUP(K42,ItemData!$A$4:$B$415,2,FALSE) -> 1657 | T42: =VLOOKUP(M42,ItemData!$A$4:$B$415,2,FALSE) -> 279 | U42: =VLOOKUP(O42,ItemData!$A$4:$B$415,2,FALSE) -> 234 | V42: =VLOOKUP(Q42,ItemData!$A$4:$B$415,2,FALSE) -> 247 | X42: =S42&","&T42&IF(U42<>"",","&U42,"")&IF(V42<>"",","&V42,"") -> 1657,279,234,247
B43: 1666 | C43: 幸运之衣 | D43: =VLOOKUP(C43,装备!$B$2:$J$60,9,FALSE)*0.75 -> 41.25 | E43: 4 | G43: 缝纫 | I43: 幸运之衣 | K43: 远古的硬币 | L43: =VLOOKUP(K43,Sheet8!$A$1:$B$155,2,FALSE) -> #N/A | M43: 布衣 | N43: =VLOOKUP(M43,Sheet8!$A$1:$B$155,2,FALSE) -> #N/A | O43: 脏绷带 | P43: =VLOOKUP(O43,Sheet8!$A$1:$B$155,2,FALSE) -> #N/A | Q43: 暮光结晶 | R43: =VLOOKUP(Q43,Sheet8!$A$1:$B$155,2,FALSE) -> #N/A | S43: =VLOOKUP(K43,ItemData!$A$4:$B$415,2,FALSE) -> 248 | T43: =VLOOKUP(M43,ItemData!$A$4:$B$415,2,FALSE) -> 1650 | U43: =VLOOKUP(O43,ItemData!$A$4:$B$415,2,FALSE) -> 245 | V43: =VLOOKUP(Q43,ItemData!$A$4:$B$415,2,FALSE) -> 285 | X43: =S43&","&T43&IF(U43<>"",","&U43,"")&IF(V43<>"",","&V43,"") -> 248,1650,245,285
B44: 1700 | C44: 布鞋 | D44: =VLOOKUP(C44,装备!$B$2:$J$60,9,FALSE)*0.75 -> 3 | E44: 1 | G44: 缝纫 | I44: 布鞋 | K44: 布片 | L44: =VLOOKUP(K44,Sheet8!$A$1:$B$155,2,FALSE) -> #N/A | M44: 兔子脚 | N44: =VLOOKUP(M44,Sheet8!$A$1:$B$165,2,FALSE) -> #N/A | O44: 粘液 | P44: =VLOOKUP(O44,Sheet8!$A$1:$B$155,2,FALSE) -> #N/A | S44: =VLOOKUP(K44,ItemData!$A$4:$B$415,2,FALSE) -> 204 | T44: =VLOOKUP(M44,ItemData!$A$4:$B$415,2,FALSE) -> 302 | U44: =VLOOKUP(O44,ItemData!$A$4:$B$415,2,FALSE) -> 278 | X44: =S44&","&T44&IF(U44<>"",","&U44,"")&IF(V44<>"",","&V44,"") -> 204,302,278
B45: 1701 | C45: 皮鞋 | D45: =VLOOKUP(C45,装备!$B$2:$J$60,9,FALSE)*0.75 -> 9 | E45: 1 | G45: 缝纫 | I45: 皮鞋 | K45: 皮革 | L45: =VLOOKUP(K45,Sheet8!$A$1:$B$155,2,FALSE) -> #N/A | M45: 鹿角 | N45: =VLOOKUP(M45,Sheet8!$A$1:$B$155,2,FALSE) -> #N/A | O45: 粘液 | P45: =VLOOKUP(O45,Sheet8!$A$1:$B$155,2,FALSE) -> #N/A | S45: =VLOOKUP(K45,ItemData!$A$4:$B$415,2,FALSE) -> 271 | T45: =VLOOKUP(M45,ItemData!$A$4:$B$415,2,FALSE) -> 222 | U45: =VLOOKUP(O45,ItemData!$A$4:$B$415,2,FALSE) -> 278 | X45: =S45&","&T45&IF(U45<>"",","&U45,"")&IF(V45<>"",","&V45,"") -> 271,222,278
B46: 1702 | C46: 士兵长靴 | D46: =VLOOKUP(C46,装备!$B$2:$J$60,9,FALSE)*0.75 -> 14.25 | E46: 2 | G46: 铸造 | I46: 士兵长靴 | K46: 铁块 | L46: =VLOOKUP(K46,Sheet8!$A$1:$B$155,2,FALSE) -> #N/A | M46: 琥珀 | N46: =VLOOKUP(M46,Sheet8!$A$1:$B$155,2,FALSE) -> #N/A | O46: 龟壳 | P46: =VLOOKUP(O46,Sheet8!$A$1:$B$155,2,FALSE) -> #N/A | S46: =VLOOKUP(K46,ItemData!$A$4:$B$415,2,FALSE) -> 298 | T46: =VLOOKUP(M46,ItemData!$A$4:$B$415,2,FALSE) -> 210 | U46: =VLOOKUP(O46,ItemData!$A$4:$B$415,2,FALSE) -> 202 | X46: =S46&","&T46&IF(U46<>"",","&U46,"")&IF(V46<>"",","&V46,"") -> 298,210,202
B47: 1703 | C47: 登山者之靴 | D47: =VLOOKUP(C47,装备!$B$2:$J$60,9,FALSE)*0.75 -> 8.25 | E47: 3 | G47: 缝纫 | I47: 登山者之靴 | K47: 皮鞋 | L47: =VLOOKUP(K47,Sheet8!$A$1:$B$155,2,FALSE) -> #N/A | M47: 鳞片 | N47: =VLOOKUP(M47,Sheet8!$A$1:$B$155,2,FALSE) -> #N/A | O47: 蛇皮 | P47: =VLOOKUP(O47,Sheet8!$A$1:$B$155,2,FALSE) -> #N/A | Q47: 鸭绒 | R47: =VLOOKUP(Q47,Sheet8!$A$1:$B$155,2,FALSE) -> #N/A | S47: =VLOOKUP(K47,ItemData!$A$4:$B$415,2,FALSE) -> 1701 | T47: =VLOOKUP(M47,ItemData!$A$4:$B$415,2,FALSE) -> 273 | U47: =VLOOKUP(O47,ItemData!$A$4:$B$415,2,FALSE) -> 238 | X47: =S47&","&T47&IF(U47<>"",","&U47,"")&IF(V47<>"",","&V47,"") -> 1701,273,238
B48: 1704 | C48: 运动鞋 | D48: =VLOOKUP(C48,装备!$B$2:$J$60,9,FALSE)*0.75 -> 15 | E48: 2 | G48: 缝纫 | I48: 运动鞋 | K48: 布鞋 | L48: =VLOOKUP(K48,Sheet8!$A$1:$B$155,2,FALSE) -> #N/A | M48: 鸭绒 | N48: =VLOOKUP(M48,Sheet8!$A$1:$B$155,2,FALSE) -> #N/A | O48: 蛛丝 | P48: =VLOOKUP(O48,Sheet8!$A$1:$B$155,2,FALSE) -> #N/A | S48: =VLOOKUP(K48,ItemData!$A$4:$B$415,2,FALSE) -> 1700 | T48: =VLOOKUP(M48,ItemData!$A$4:$B$415,2,FALSE) -> 301 | U48: =VLOOKUP(O48,ItemData!$A$4:$B$415,2,FALSE) -> 214 | X48: =S48&","&T48&IF(U48<>"",","&U48,"")&IF(V48<>"",","&V48,"") -> 1700,301,214
B49: 1705 | C49: 贵族长靴 | D49: =VLOOKUP(C49,装备!$B$2:$J$60,9,FALSE)*0.75 -> 23.25 | E49: 3 | G49: 缝纫 | I49: 贵族长靴 | K49: 皮鞋 | L49: =VLOOKUP(K49,Sheet8!$A$1:$B$155,2,FALSE) -> #N/A | M49: 珍珠 | N49: =VLOOKUP(M49,Sheet8!$A$1:$B$155,2,FALSE) -> #N/A | O49: 魔兽皮毛 | P49: =VLOOKUP(O49,Sheet8!$A$1:$B$155,2,FALSE) -> #N/A | Q49: 贵族徽章 | R49: =VLOOKUP(Q49,Sheet8!$A$1:$B$155,2,FALSE) -> #N/A | S49: =VLOOKUP(K49,ItemData!$A$4:$B$415,2,FALSE) -> 1701 | T49: =VLOOKUP(M49,ItemData!$A$4:$B$415,2,FALSE) -> 234 | U49: =VLOOKUP(O49,ItemData!$A$4:$B$415,2,FALSE) -> 223 | V49: =VLOOKUP(Q49,ItemData!$A$4:$B$415,2,FALSE) -> 279 | X49: =S49&","&T49&IF(U49<>"",","&U49,"")&IF(V49<>"",","&V49,"") -> 1701,234,223,279
B50: 1706 | C50: 武道鞋 | D50: =VLOOKUP(C50,装备!$B$2:$J$60,9,FALSE)*0.75 -> 22.5 | E50: 3 | G50: 缝纫 | I50: 武道鞋 | K50: 布鞋 | L50: =VLOOKUP(K50,Sheet8!$A$1:$B$155,2,FALSE) -> #N/A | M50: 武道精华 | N50: =VLOOKUP(M50,Sheet8!$A$1:$B$155,2,FALSE) -> #N/A | O50: 水晶石 | P50: =VLOOKUP(O50,Sheet8!$A$1:$B$155,2,FALSE) -> #N/A | Q50: 彩色的布 | R50: =VLOOKUP(Q50,Sheet8!$A$1:$B$155,2,FALSE) -> #N/A | S50: =VLOOKUP(K50,ItemData!$A$4:$B$415,2,FALSE) -> 1700 | T50: =VLOOKUP(M50,ItemData!$A$4:$B$415,2,FALSE) -> 280 | U50: =VLOOKUP(O50,ItemData!$A$4:$B$415,2,FALSE) -> 232 | V50: =VLOOKUP(Q50,ItemData!$A$4:$B$415,2,FALSE) -> 272 | X50: =S50&","&T50&IF(U50<>"",","&U50,"")&IF(V50<>"",","&V50,"") -> 1700,280,232,272
B51: 1707 | C51: 骑士护胫 | D51: =VLOOKUP(C51,装备!$B$2:$J$60,9,FALSE)*0.75 -> 34.5 | E51: 4 | G51: 铸造 | I51: 骑士护胫 | K51: 士兵长靴 | L51: =VLOOKUP(K51,Sheet8!$A$1:$B$155,2,FALSE) -> #N/A | M51: 骑士之证 | N51: =VLOOKUP(M51,Sheet8!$A$1:$B$155,2,FALSE) -> #N/A | O51: 象牙 | P51: =VLOOKUP(O51,Sheet8!$A$1:$B$155,2,FALSE) -> #N/A | Q51: 钢 | R51: =VLOOKUP(Q51,Sheet8!$A$1:$B$155,2,FALSE) -> #N/A | S51: =VLOOKUP(K51,ItemData!$A$4:$B$415,2,FALSE) -> 1702 | T51: =VLOOKUP(M51,ItemData!$A$4:$B$415,2,FALSE) -> 275 | U51: =VLOOKUP(O51,ItemData!$A$4:$B$415,2,FALSE) -> 240 | V51: =VLOOKUP(Q51,ItemData!$A$4:$B$415,2,FALSE) -> 299 | X51: =S51&","&T51&IF(U51<>"",","&U51,"")&IF(V51<>"",","&V51,"") -> 1702,275,240,299
B52: 1708 | C52: 贤者之履 | D52: =VLOOKUP(C52,装备!$B$2:$J$60,9,FALSE)*0.75 -> 30 | E52: 4 | G52: 缝纫 | I52: 贤者之履 | K52: 布鞋 | L52: =VLOOKUP(K52,Sheet8!$A$1:$B$155,2,FALSE) -> #N/A | M52: 贤者晶石 | N52: =VLOOKUP(M52,Sheet8!$A$1:$B$155,2,FALSE) -> #N/A | O52: 妖精粉 | P52: =VLOOKUP(O52,Sheet8!$A$1:$B$155,2,FALSE) -> #N/A | Q52: 防水皮革 | R52: =VLOOKUP(Q52,Sheet8!$A$1:$B$155,2,FALSE) -> #N/A | S52: =VLOOKUP(K52,ItemData!$A$4:$B$415,2,FALSE) -> 1700 | T52: =VLOOKUP(M52,ItemData!$A$4:$B$415,2,FALSE) -> 281 | U52: =VLOOKUP(O52,ItemData!$A$4:$B$415,2,FALSE) -> 251 | V52: =VLOOKUP(Q52,ItemData!$A$4:$B$415,2,FALSE) -> 282 | X52: =S52&","&T52&IF(U52<>"",","&U52,"")&IF(V52<>"",","&V52,"") -> 1700,281,251,282
B53: 1709 | C53: 风神之履 | D53: =VLOOKUP(C53,装备!$B$2:$J$60,9,FALSE)*0.75 -> 30 | E53: 4 | G53: 缝纫 | I53: 风神之履 | K53: 奇美拉之翼 | L53: =VLOOKUP(K53,Sheet8!$A$1:$B$155,2,FALSE) -> #N/A | M53: 运动鞋 | N53: =VLOOKUP(M53,Sheet8!$A$1:$B$155,2,FALSE) -> #N/A | O53: 夜之幕 | P53: =VLOOKUP(O53,Sheet8!$A$1:$B$155,2,FALSE) -> #N/A | Q53: 人狼之证 | R53: =VLOOKUP(Q53,Sheet8!$A$1:$B$155,2,FALSE) -> #N/A | S53: =VLOOKUP(K53,ItemData!$A$4:$B$415,2,FALSE) -> 224 | T53: =VLOOKUP(M53,ItemData!$A$4:$B$415,2,FALSE) -> 1704 | U53: =VLOOKUP(O53,ItemData!$A$4:$B$415,2,FALSE) -> 264 | V53: =VLOOKUP(Q53,ItemData!$A$4:$B$415,2,FALSE) -> 258 | X53: =S53&","&T53&IF(U53<>"",","&U53,"")&IF(V53<>"",","&V53,"") -> 224,1704,264,258
B54: 1710 | C54: 踏浪长靴 | D54: =VLOOKUP(C54,装备!$B$2:$J$60,9,FALSE)*0.75 -> 37.5 | E54: 4 | G54: 缝纫 | I54: 踏浪长靴 | K54: 登山者之靴 | L54: =VLOOKUP(K54,Sheet8!$A$1:$B$155,2,FALSE) -> #N/A | M54: 防水皮革 | N54: =VLOOKUP(M54,Sheet8!$A$1:$B$155,2,FALSE) -> #N/A | O54: 水晶石 | P54: =VLOOKUP(O54,Sheet8!$A$1:$B$155,2,FALSE) -> #N/A | Q54: 寒冰气息 | R54: =VLOOKUP(Q54,Sheet8!$A$1:$B$155,2,FALSE) -> #N/A | S54: =VLOOKUP(K54,ItemData!$A$4:$B$415,2,FALSE) -> 1703 | T54: =VLOOKUP(M54,ItemData!$A$4:$B$415,2,FALSE) -> 282 | U54: =VLOOKUP(O54,ItemData!$A$4:$B$415,2,FALSE) -> 232 | V54: =VLOOKUP(Q54,ItemData!$A$4:$B$415,2,FALSE) -> 267 | X54: =S54&","&T54&IF(U54<>"",","&U54,"")&IF(V54<>"",","&V54,"") -> 1703,282,232,267
I56: 布口袋
I57: 皮革背囊
I58: 行者背包
D62: 迷幻孢子 | F62: 加工 | H62: 毛线 | J62: 羊毛
D63: 力量果实 | F63: 加工 | H63: 布片 | J63: 毛线
D64: 恶魔花瓣 | F64: 加工 | H64: 皮革 | J64: 兽皮
D65: 白磷粉末 | F65: 铸造 | H65: 铁块 | J65: 废铁 | K65: 焦炭
D66: 雷鸣宝珠 | F66: 铸造 | H66: 铁块 | J66: 铁矿 | K66: 焦炭
D67: 贤者晶石 | F67: 铸造 | H67: 钢 | J67: 铁块 | K67: 焦炭
D68: 月之光华
D69: 贵族徽章 | F69: 绘写 | H69: 回春卷轴 | J69: 月之光华 | K69: 暗夜之露 | M69: 仙人掌 | Q69: =VLOOKUP(J69,ItemData!$A$4:$B$415,2,FALSE) -> 290 | S69: =VLOOKUP(K69,ItemData!$A$4:$B$415,2,FALSE) -> 292 | T69: =VLOOKUP(M69,ItemData!$A$4:$B$415,2,FALSE) -> 244 | V69: =Q69&","&S69&","&T69 -> 290,292,244
D70: 骑士之证 | F70: 绘写 | H70: 振奋卷轴 | J70: 图腾号角 | K70: 星的眼泪 | M70: 草药茶 | Q70: =VLOOKUP(J70,ItemData!$A$4:$B$415,2,FALSE) -> 294 | S70: =VLOOKUP(K70,ItemData!$A$4:$B$415,2,FALSE) -> 265 | T70: =VLOOKUP(M70,ItemData!$A$4:$B$415,2,FALSE) -> 207 | V70: =Q70&","&S70&","&T70 -> 294,265,207
D71: 武道精华 | F71: 绘写 | H71: 昏睡卷轴 | J71: 妖精粉 | K71: 迷幻孢子 | M71: 诅咒宝珠 | Q71: =VLOOKUP(J71,ItemData!$A$4:$B$415,2,FALSE) -> 251 | S71: =VLOOKUP(K71,ItemData!$A$4:$B$415,2,FALSE) -> 287 | T71: =VLOOKUP(M71,ItemData!$A$4:$B$415,2,FALSE) -> 257 | V71: =Q71&","&S71&","&T71 -> 251,287,257
D72: 魔力之土 | F72: 绘写 | H72: 感电卷轴 | J72: 月之光华 | K72: 电偶瓶 | M72: 魔力之土 | Q72: =VLOOKUP(J72,ItemData!$A$4:$B$415,2,FALSE) -> 290 | S72: =VLOOKUP(K72,ItemData!$A$4:$B$415,2,FALSE) -> 225 | T72: =VLOOKUP(M72,ItemData!$A$4:$B$415,2,FALSE) -> 286 | V72: =Q72&","&S72&","&T72 -> 290,225,286
D73: 萤火树汁 | F73: 绘写 | H73: 冰氛卷轴 | J73: 寒冰气息 | K73: 冰的结晶 | M73: 魔力之土 | Q73: =VLOOKUP(J73,ItemData!$A$4:$B$415,2,FALSE) -> 267 | S73: =VLOOKUP(K73,ItemData!$A$4:$B$415,2,FALSE) -> 261 | T73: =VLOOKUP(M73,ItemData!$A$4:$B$415,2,FALSE) -> 286 | V73: =Q73&","&S73&","&T73 -> 267,261,286
D74: 暗夜之露 | F74: 绘写 | H74: 火氛卷轴 | J74: 白磷粉末 | K74: 萤火树汁 | M74: 魔力之土 | Q74: =VLOOKUP(J74,ItemData!$A$4:$B$415,2,FALSE) -> 284 | S74: =VLOOKUP(K74,ItemData!$A$4:$B$415,2,FALSE) -> 291 | T74: =VLOOKUP(M74,ItemData!$A$4:$B$415,2,FALSE) -> 286 | V74: =Q74&","&S74&","&T74 -> 284,291,286
F75: 绘写 | H75: 沉默卷轴 | J75: 石化之眼 | K75: 亡者之土 | M75: 琥珀 | Q75: =VLOOKUP(J75,ItemData!$A$4:$B$415,2,FALSE) -> 263 | S75: =VLOOKUP(K75,ItemData!$A$4:$B$415,2,FALSE) -> 255 | T75: =VLOOKUP(M75,ItemData!$A$4:$B$415,2,FALSE) -> 210 | V75: =Q75&","&S75&","&T75 -> 263,255,210
D76: 幻影水晶 | F76: 绘写 | H76: 减速卷轴 | J76: 神奇泥浆 | K76: 魔族之血 | M76: 遗骨 | Q76: =VLOOKUP(J76,ItemData!$A$4:$B$415,2,FALSE) -> 236 | S76: =VLOOKUP(K76,ItemData!$A$4:$B$415,2,FALSE) -> 259 | T76: =VLOOKUP(M76,ItemData!$A$4:$B$415,2,FALSE) -> 250 | V76: =Q76&","&S76&","&T76 -> 236,259,250
D77: 魅惑药水 | F77: 绘写 | H77: 闪避卷轴 | J77: 风晶石 | K77: 粘液 | M77: 贤者晶石 | Q77: =VLOOKUP(J77,ItemData!$A$4:$B$415,2,FALSE) -> 208 | S77: =VLOOKUP(K77,ItemData!$A$4:$B$415,2,FALSE) -> 278 | T77: =VLOOKUP(M77,ItemData!$A$4:$B$415,2,FALSE) -> 281 | V77: =Q77&","&S77&","&T77 -> 208,278,281
D78: 暮光结晶 | F78: 绘写 | H78: 力量卷轴 | J78: 力量果实 | K78: 咒术药水 | M78: 象牙 | Q78: =VLOOKUP(J78,ItemData!$A$4:$B$415,2,FALSE) -> 288 | S78: =VLOOKUP(K78,ItemData!$A$4:$B$415,2,FALSE) -> 256 | T78: =VLOOKUP(M78,ItemData!$A$4:$B$415,2,FALSE) -> 240 | V78: =Q78&","&S78&","&T78 -> 288,256,240
D79: 图腾号角 | F79: 绘写 | H79: 魅惑卷轴 | J79: 魅惑药水 | K79: 恶魔花瓣 | M79: 毒淤泥 | Q79: =VLOOKUP(J79,ItemData!$A$4:$B$415,2,FALSE) -> 293 | S79: =VLOOKUP(K79,ItemData!$A$4:$B$415,2,FALSE) -> 289 | T79: =VLOOKUP(M79,ItemData!$A$4:$B$415,2,FALSE) -> 254 | V79: =Q79&","&S79&","&T79 -> 293,289,254
H80: 传送卷轴 | J80: 奇美拉之翼 | K80: 幻影水晶 | M80: 萤火树汁 | Q80: =VLOOKUP(J80,ItemData!$A$4:$B$415,2,FALSE) -> 224 | S80: =VLOOKUP(K80,ItemData!$A$4:$B$415,2,FALSE) -> 269 | T80: =VLOOKUP(M80,ItemData!$A$4:$B$415,2,FALSE) -> 291 | V80: =Q80&","&S80&","&T80 -> 224,269,291
D81: 空白卷轴
F83: 缝纫 | H83: 草帽 | I83: =VLOOKUP(H83,装备!$B$2:$J$60,9,FALSE) -> 10 | J83: 干草 | K83: 布片 | Q83: =VLOOKUP(J83,ItemData!$A$4:$B$415,2,FALSE) -> 105 | S83: =VLOOKUP(K83,ItemData!$A$4:$B$415,2,FALSE) -> 204 | W83: =Q83&","&S83&IF(T83<>"",","&T83,"")&IF(U83<>"",","&U83,"") -> 105,204
F84: 缝纫 | H84: 阳光草帽 | I84: =VLOOKUP(H84,装备!$B$2:$J$60,9,FALSE) -> 20 | J84: 草帽 | K84: 暮光结晶 | Q84: =VLOOKUP(J84,ItemData!$A$4:$B$415,2,FALSE) -> 1800 | S84: =VLOOKUP(K84,ItemData!$A$4:$B$415,2,FALSE) -> 285 | W84: =Q84&","&S84&IF(T84<>"",","&T84,"")&IF(U84<>"",","&U84,"") -> 1800,285
F85: 缝纫 | H85: 法师帽 | I85: =VLOOKUP(H85,装备!$B$2:$J$60,9,FALSE) -> 20 | J85: 布片 | K85: 魔力之土 | M85: 咒术药水 | Q85: =VLOOKUP(J85,ItemData!$A$4:$B$415,2,FALSE) -> 204 | S85: =VLOOKUP(K85,ItemData!$A$4:$B$415,2,FALSE) -> 286 | T85: =VLOOKUP(M85,ItemData!$A$4:$B$415,2,FALSE) -> 256 | W85: =Q85&","&S85&IF(T85<>"",","&T85,"")&IF(U85<>"",","&U85,"") -> 204,286,256
F86: 铸造 | H86: 士兵头盔 | I86: =VLOOKUP(H86,装备!$B$2:$J$60,9,FALSE) -> 25 | J86: 铁块 | K86: 皮革 | Q86: =VLOOKUP(J86,ItemData!$A$4:$B$415,2,FALSE) -> 298 | S86: =VLOOKUP(K86,ItemData!$A$4:$B$415,2,FALSE) -> 271 | W86: =Q86&","&S86&IF(T86<>"",","&T86,"")&IF(U86<>"",","&U86,"") -> 298,271
F87: 铸造 | H87: 尖角头盔 | I87: =VLOOKUP(H87,装备!$B$2:$J$60,9,FALSE) -> 35 | J87: 士兵头盔 | K87: 兽角 | M87: 尖刺 | Q87: =VLOOKUP(J87,ItemData!$A$4:$B$415,2,FALSE) -> 1803 | S87: =VLOOKUP(K87,ItemData!$A$4:$B$415,2,FALSE) -> 241 | T87: =VLOOKUP(M87,ItemData!$A$4:$B$415,2,FALSE) -> 213 | W87: =Q87&","&S87&IF(T87<>"",","&T87,"")&IF(U87<>"",","&U87,"") -> 1803,241,213
F88: 缝纫 | H88: 幸运头巾 | I88: =VLOOKUP(H88,装备!$B$2:$J$60,9,FALSE) -> 30 | J88: 彩色的布 | K88: 远古的硬币 | M88: 奇美拉之翼 | Q88: =VLOOKUP(J88,ItemData!$A$4:$B$415,2,FALSE) -> 272 | S88: =VLOOKUP(K88,ItemData!$A$4:$B$415,2,FALSE) -> 248 | T88: =VLOOKUP(M88,ItemData!$A$4:$B$415,2,FALSE) -> 224 | W88: =Q88&","&S88&IF(T88<>"",","&T88,"")&IF(U88<>"",","&U88,"") -> 272,248,224
F89: 缝纫 | H89: 绅士礼帽 | I89: =VLOOKUP(H89,装备!$B$2:$J$60,9,FALSE) -> 30 | J89: 彩色的布 | K89: 彩色羽毛 | M89: 妖精粉 | Q89: =VLOOKUP(J89,ItemData!$A$4:$B$415,2,FALSE) -> 272 | S89: =VLOOKUP(K89,ItemData!$A$4:$B$415,2,FALSE) -> 228 | T89: =VLOOKUP(M89,ItemData!$A$4:$B$415,2,FALSE) -> 251 | W89: =Q89&","&S89&IF(T89<>"",","&T89,"")&IF(U89<>"",","&U89,"") -> 272,228,251
F90: 缝纫 | H90: 贵族头巾 | I90: =VLOOKUP(H90,装备!$B$2:$J$60,9,FALSE) -> 40 | J90: 彩色的布 | K90: 贵族徽章 | M90: 珍珠 | Q90: =VLOOKUP(J90,ItemData!$A$4:$B$415,2,FALSE) -> 272 | S90: =VLOOKUP(K90,ItemData!$A$4:$B$415,2,FALSE) -> 279 | T90: =VLOOKUP(M90,ItemData!$A$4:$B$415,2,FALSE) -> 234 | W90: =Q90&","&S90&IF(T90<>"",","&T90,"")&IF(U90<>"",","&U90,"") -> 272,279,234
F91: 铸造 | H91: 战争头盔 | I91: =VLOOKUP(H91,装备!$B$2:$J$60,9,FALSE) -> 55 | J91: 尖角头盔 | K91: 力量果实 | M91: 金块 | Q91: =VLOOKUP(J91,ItemData!$A$4:$B$415,2,FALSE) -> 1804 | S91: =VLOOKUP(K91,ItemData!$A$4:$B$415,2,FALSE) -> 288 | T91: =VLOOKUP(M91,ItemData!$A$4:$B$415,2,FALSE) -> 247 | W91: =Q91&","&S91&IF(T91<>"",","&T91,"")&IF(U91<>"",","&U91,"") -> 1804,288,247
G96: dd
G97: 缝纫
G98: 缝纫
G99: 缝纫
G100: 缝纫
G101: 缝纫
G102: 缝纫
G103: 缝纫
G104: 缝纫
G105: 缝纫
G106: 缝纫
G107: 缝纫
... G145: 铸造

Sheet Sheet3
E5: 长剑 | G5: =$I5&","&$J5&","&$K5&","&$L5 -> 铁块,刀刃,, | I5: 铁块 | J5: 刀刃 | N5: 铸造,废铁,焦炭, | T5: 铸造,废铁,焦炭, | U5: 刀刃 | Z5: =T5&","&U5&","&V5&","&W5 -> 铸造,废铁,焦炭,,刀刃,,
E6: 诅咒之剑 | G6: =$I6&","&$J6&","&$K6&","&$L6 -> 长剑,眼球,诅咒宝珠, | I6: 长剑 | J6: 眼球 | K6: 诅咒宝珠 | N6: 铁块,刀刃,, | T6: 铁块,刀刃,, | U6: 眼球 | V6: 诅咒宝珠 | Z6: =T6&","&U6&","&V6&","&W6 -> 铁块,刀刃,,,眼球,诅咒宝珠,
E7: 烈焰之刃 | G7: =$I7&","&$J7&","&$K7&","&$L7 -> 长剑,火晶石,石英砂,白磷粉末 | I7: 长剑 | J7: 火晶石 | K7: 石英砂 | L7: 白磷粉末 | N7: 铁块,刀刃,, | T7: 铁块,刀刃,, | U7: 火晶石 | V7: 石英砂 | W7: 白磷粉末 | Z7: =T7&","&U7&","&V7&","&W7 -> 铁块,刀刃,,,火晶石,石英砂,白磷粉末
E8: 大地之剑 | G8: =$I8&","&$J8&","&$K8&","&$L8 -> 长剑,土晶石,钢,粘土 | I8: 长剑 | J8: 土晶石 | K8: 钢 | L8: 粘土 | N8: 铁块,刀刃,, | P8: 铸造,铁块,焦炭, | T8: 铁块,刀刃,, | U8: 土晶石 | V8: 铸造,铁块,焦炭, | W8: 粘土 | Z8: =T8&","&U8&","&V8&","&W8 -> 铁块,刀刃,,,土晶石,铸造,铁块,焦炭,,粘土
E9: 冰之刃 | G9: =$I9&","&$J9&","&$K9&","&$L9 -> 长剑,冰晶石,冰的结晶,雪球 | I9: 长剑 | J9: 冰晶石 | K9: 冰的结晶 | L9: 雪球 | N9: 铁块,刀刃,, | T9: 铁块,刀刃,, | U9: 冰晶石 | V9: 冰的结晶 | W9: 雪球 | Z9: =T9&","&U9&","&V9&","&W9 -> 铁块,刀刃,,,冰晶石,冰的结晶,雪球
E10: 铁枪 | G10: =$I10&","&$J10&","&$K10&","&$L10 -> 木棒,铁块,刀刃, | I10: 木棒 | J10: 铁块 | K10: 刀刃 | O10: 铸造,废铁,焦炭, | T10: 木棒 | U10: 铸造,废铁,焦炭, | V10: 刀刃 | Z10: =T10&","&U10&","&V10&","&W10 -> 木棒,铸造,废铁,焦炭,,刀刃,
E11: 血腥之枪 | G11: =$I11&","&$J11&","&$K11&","&$L11 -> 铁枪,魔族之血,银块,蜂刺 | I11: 铁枪 | J11: 魔族之血 | K11: 银块 | L11: 蜂刺 | N11: 木棒,铁块,刀刃, | T11: 木棒,铁块,刀刃, | U11: 魔族之血 | V11: 银块 | W11: 蜂刺 | Z11: =T11&","&U11&","&V11&","&W11 -> 木棒,铁块,刀刃,,魔族之血,银块,蜂刺
E12: 骑士长枪 | G12: =$I12&","&$J12&","&$K12&","&$L12 -> 铁枪,骑士之证,钢, | I12: 铁枪 | J12: 骑士之证 | K12: 钢 | N12: 木棒,铁块,刀刃, | P12: 铸造,铁块,焦炭, | T12: 木棒,铁块,刀刃, | U12: 骑士之证 | V12: 铸造,铁块,焦炭, | Z12: =T12&","&U12&","&V12&","&W12 -> 木棒,铁块,刀刃,,骑士之证,铸造,铁块,焦炭,,
E13: 三叉戟 | G13: =$I13&","&$J13&","&$K13&","&$L13 -> 铁枪,珊瑚,象牙,水晶石 | I13: 铁枪 | J13: 珊瑚 | K13: 象牙 | L13: 水晶石 | N13: 木棒,铁块,刀刃, | T13: 木棒,铁块,刀刃, | U13: 珊瑚 | V13: 象牙 | W13: 水晶石 | Z13: =T13&","&U13&","&V13&","&W13 -> 木棒,铁块,刀刃,,珊瑚,象牙,水晶石
E14: 秘银长剑 | G14: =$I14&","&$J14&","&$K14&","&$L14 -> 银块,刀刃,咒术药水,暮光结晶 | I14: 银块 | J14: 刀刃 | K14: 咒术药水 | L14: 暮光结晶 | T14: 银块 | U14: 刀刃 | V14: 咒术药水 | W14: 暮光结晶 | Z14: =T14&","&U14&","&V14&","&W14 -> 银块,刀刃,咒术药水,暮光结晶
E15: 幻影长枪 | G15: =$I15&","&$J15&","&$K15&","&$L15 -> 幻影水晶,铁枪,夜之幕,风晶石 | I15: 幻影水晶 | J15: 铁枪 | K15: 夜之幕 | L15: 风晶石 | O15: 木棒,铁块,刀刃, | T15: 幻影水晶 | U15: 木棒,铁块,刀刃, | V15: 夜之幕 | W15: 风晶石 | Z15: =T15&","&U15&","&V15&","&W15 -> 幻影水晶,木棒,铁块,刀刃,,夜之幕,风晶石
E16: 战斧 | G16: =$I16&","&$J16&","&$K16&","&$L16 -> 钢,刀刃,兽角, | I16: 钢 | J16: 刀刃 | K16: 兽角 | N16: 铸造,铁块,焦炭, | T16: 铸造,铁块,焦炭, | U16: 刀刃 | V16: 兽角 | Z16: =T16&","&U16&","&V16&","&W16 -> 铸造,铁块,焦炭,,刀刃,兽角,
E17: 毒蜥之牙 | G17: =$I17&","&$J17&","&$K17&","&$L17 -> 战斧,毒淤泥,狼牙, | I17: 战斧 | J17: 毒淤泥 | K17: 狼牙 | N17: 钢,刀刃,兽角, | T17: 钢,刀刃,兽角, | U17: 毒淤泥 | V17: 狼牙 | Z17: =T17&","&U17&","&V17&","&W17 -> 钢,刀刃,兽角,,毒淤泥,狼牙,
E18: 恶魔之斧 | G18: =$I18&","&$J18&","&$K18&","&$L18 -> 战斧,魔族之血,人狼之证,石化之眼 | I18: 战斧 | J18: 魔族之血 | K18: 人狼之证 | L18: 石化之眼 | N18: 钢,刀刃,兽角, | T18: 钢,刀刃,兽角, | U18: 魔族之血 | V18: 人狼之证 | W18: 石化之眼 | Z18: =T18&","&U18&","&V18&","&W18 -> 钢,刀刃,兽角,,魔族之血,人狼之证,石化之眼
E19: 暴雪斧 | G19: =$I19&","&$J19&","&$K19&","&$L19 -> 战斧,雪球,冰晶石,寒冰气息 | I19: 战斧 | J19: 雪球 | K19: 冰晶石 | L19: 寒冰气息 | N19: 钢,刀刃,兽角, | T19: 钢,刀刃,兽角, | U19: 雪球 | V19: 冰晶石 | W19: 寒冰气息 | Z19: =T19&","&U19&","&V19&","&W19 -> 钢,刀刃,兽角,,雪球,冰晶石,寒冰气息
E20: 蛇皮鞭 | G20: =$I20&","&$J20&","&$K20&","&$L20 -> 蛇皮,马尾,蛛丝, | I20: 蛇皮 | J20: 马尾 | K20: 蛛丝 | T20: 蛇皮 | U20: 马尾 | V20: 蛛丝 | Z20: =T20&","&U20&","&V20&","&W20 -> 蛇皮,马尾,蛛丝,
E21: 藤鞭 | G21: =$I21&","&$J21&","&$K21&","&$L21 -> 植物的藤,马尾,蛛丝, | I21: 植物的藤 | J21: 马尾 | K21: 蛛丝 | T21: 植物的藤 | U21: 马尾 | V21: 蛛丝 | Z21: =T21&","&U21&","&V21&","&W21 -> 植物的藤,马尾,蛛丝,
E22: 女王鞭 | G22: =$I22&","&$J22&","&$K22&","&$L22 -> 藤鞭,尖刺,幽魂, | I22: 藤鞭 | J22: 尖刺 | K22: 幽魂 | N22: 植物的藤,马尾,蛛丝, | T22: 植物的藤,马尾,蛛丝, | U22: 尖刺 | V22: 幽魂 | Z22: =T22&","&U22&","&V22&","&W22 -> 植物的藤,马尾,蛛丝,,尖刺,幽魂,
E23: 蛇牙鞭 | G23: =$I23&","&$J23&","&$K23&","&$L23 -> 蛇皮鞭,狼牙,, | I23: 蛇皮鞭 | J23: 狼牙 | N23: 蛇皮,马尾,蛛丝, | P23: 蛇皮,马尾,蛛丝, | T23: 蛇皮,马尾,蛛丝, | U23: 狼牙 | V23: 蛇皮,马尾,蛛丝, | Z23: =T23&","&U23&","&V23&","&W23 -> 蛇皮,马尾,蛛丝,,狼牙,蛇皮,马尾,蛛丝,,
E24: 雷神之鞭 | G24: =$I24&","&$J24&","&$K24&","&$L24 -> 雷鸣宝珠,电偶瓶,蜂刺,女王鞭 | I24: 雷鸣宝珠 | J24: 电偶瓶 | K24: 蜂刺 | L24: 女王鞭 | Q24: 植物的藤,马尾,蛛丝,尖刺,幽魂, | T24: 雷鸣宝珠 | U24: 电偶瓶 | V24: 蜂刺 | W24: 植物的藤,马尾,蛛丝,尖刺,幽魂, | Z24: =T24&","&U24&","&V24&","&W24 -> 雷鸣宝珠,电偶瓶,蜂刺,植物的藤,马尾,蛛丝,尖刺,幽魂,
E25: 死亡之鞭 | G25: =$I25&","&$J25&","&$K25&","&$L25 -> 脏绷带,亡者之土,寒冰火种,蛇牙鞭 | I25: 脏绷带 | J25: 亡者之土 | K25: 寒冰火种 | L25: 蛇牙鞭 | Q25: 蛇皮,马尾,蛛丝,,狼牙, | T25: 脏绷带 | U25: 亡者之土 | V25: 寒冰火种 | W25: 蛇皮,马尾,蛛丝,,狼牙, | Z25: =T25&","&U25&","&V25&","&W25 -> 脏绷带,亡者之土,寒冰火种,蛇皮,马尾,蛛丝,,狼牙,
E26: 布衣 | G26: =$I26&","&$J26&","&$K26&","&$L26 -> 布片,毛线,, | I26: 布片 | J26: 毛线 | N26: 纺织,毛线,, | O26: 纺线,羊毛,, | T26: 纺织,毛线,, | U26: 纺线,羊毛,, | Z26: =T26&","&U26&","&V26&","&W26 -> 纺织,毛线,,,纺线,羊毛,,,,
E27: 皮铠 | G27: =$I27&","&$J27&","&$K27&","&$L27 -> 皮革,粘液,蛛丝, | I27: 皮革 | J27: 粘液 | K27: 蛛丝 | N27: 鞣制,兽皮,, | T27: 鞣制,兽皮,, | U27: 粘液 | V27: 蛛丝 | Z27: =T27&","&U27&","&V27&","&W27 -> 鞣制,兽皮,,,粘液,蛛丝,
E28: 锁子甲 | G28: =$I28&","&$J28&","&$K28&","&$L28 -> 皮铠,珊瑚,钢, | I28: 皮铠 | J28: 珊瑚 | K28: 钢 | N28: 皮革,粘液,蛛丝, | P28: 铸造,铁块,焦炭, | T28: 皮革,粘液,蛛丝, | U28: 珊瑚 | V28: 铸造,铁块,焦炭, | Z28: =T28&","&U28&","&V28&","&W28 -> 皮革,粘液,蛛丝,,珊瑚,铸造,铁块,焦炭,,
E29: 毛皮斗篷 | G29: =$I29&","&$J29&","&$K29&","&$L29 -> 皮铠,魔兽皮毛,羊毛, | I29: 皮铠 | J29: 魔兽皮毛 | K29: 羊毛 | N29: 皮革,粘液,蛛丝, | T29: 皮革,粘液,蛛丝, | U29: 魔兽皮毛 | V29: 羊毛 | Z29: =T29&","&U29&","&V29&","&W29 -> 皮革,粘液,蛛丝,,魔兽皮毛,羊毛,
E30: 铁铠甲 | G30: =$I30&","&$J30&","&$K30&","&$L30 -> 铁块,石英砂,, | I30: 铁块 | J30: 石英砂 | N30: 铸造,废铁,焦炭, | T30: 铸造,废铁,焦炭, | U30: 石英砂 | Z30: =T30&","&U30&","&V30&","&W30 -> 铸造,废铁,焦炭,,石英砂,,
E31: 红莲之铠 | G31: =$I31&","&$J31&","&$K31&","&$L31 -> 铁铠甲,遗骨,火晶石,魔力之土 | I31: 铁铠甲 | J31: 遗骨 | K31: 火晶石 | L31: 魔力之土 | N31: 铁块,石英砂,, | T31: 铁块,石英砂,, | U31: 遗骨 | V31: 火晶石 | W31: 魔力之土 | Z31: =T31&","&U31&","&V31&","&W31 -> 铁块,石英砂,,,遗骨,火晶石,魔力之土
E32: 铁龟铠 | G32: =$I32&","&$J32&","&$K32&","&$L32 -> 龟壳,铁铠甲,琥珀, | I32: 龟壳 | J32: 铁铠甲 | K32: 琥珀 | O32: 铁块,石英砂,, | T32: 龟壳 | U32: 铁块,石英砂,, | V32: 琥珀 | Z32: =T32&","&U32&","&V32&","&W32 -> 龟壳,铁块,石英砂,,,琥珀,
E33: 华丽背心 | G33: =$I33&","&$J33&","&$K33&","&$L33 -> 彩色的布,彩色羽毛,毛线, | I33: 彩色的布 | J33: 彩色羽毛 | K33: 毛线 | P33: 纺线,羊毛,, | T33: 彩色的布 | U33: 彩色羽毛 | V33: 纺线,羊毛,, | Z33: =T33&","&U33&","&V33&","&W33 -> 彩色的布,彩色羽毛,纺线,羊毛,,,
E34: 鳞铠 | G34: =$I34&","&$J34&","&$K34&","&$L34 -> 鳞片,粘液,皮革, | I34: 鳞片 | J34: 粘液 | K34: 皮革 | P34: 鞣制,兽皮,, | T34: 鳞片 | U34: 粘液 | V34: 鞣制,兽皮,, | Z34: =T34&","&U34&","&V34&","&W34 -> 鳞片,粘液,鞣制,兽皮,,,
E35: 暗之袍 | G35: =$I35&","&$J35&","&$K35&","&$L35 -> 夜之幕,毛线,亡者之土,幽魂 | I35: 夜之幕 | J35: 毛线 | K35: 亡者之土 | L35: 幽魂 | O35: 纺线,羊毛,, | T35: 夜之幕 | U35: 纺线,羊毛,, | V35: 亡者之土 | W35: 幽魂 | Z35: =T35&","&U35&","&V35&","&W35 -> 夜之幕,纺线,羊毛,,,亡者之土,幽魂
E36: 疾风背心 | G36: =$I36&","&$J36&","&$K36&","&$L36 -> 布衣,风晶石,奇美拉之翼, | I36: 布衣 | J36: 风晶石 | K36: 奇美拉之翼 | N36: 布片,毛线,, | T36: 布片,毛线,, | U36: 风晶石 | V36: 奇美拉之翼 | Z36: =T36&","&U36&","&V36&","&W36 -> 布片,毛线,,,风晶石,奇美拉之翼,
E37: 魔法铠甲 | G37: =$I37&","&$J37&","&$K37&","&$L37 -> 皮铠,水晶球,金块,兽角 | I37: 皮铠 | J37: 水晶球 | K37: 金块 | L37: 兽角 | N37: 皮革,粘液,蛛丝, | T37: 皮革,粘液,蛛丝, | U37: 水晶球 | V37: 金块 | W37: 兽角 | Z37: =T37&","&U37&","&V37&","&W37 -> 皮革,粘液,蛛丝,,水晶球,金块,兽角
E38: 钢刃锁甲 | G38: =$I38&","&$J38&","&$K38&","&$L38 -> 铁铠甲,刀刃,钢,土晶石 | I38: 铁铠甲 | J38: 刀刃 | K38: 钢 | L38: 土晶石 | N38: 铁块,石英砂,, | P38: 铸造,铁块,焦炭, | T38: 铁块,石英砂,, | U38: 刀刃 | V38: 铸造,铁块,焦炭, | W38: 土晶石 | Z38: =T38&","&U38&","&V38&","&W38 -> 铁块,石英砂,,,刀刃,铸造,铁块,焦炭,,土晶石
E39: 丝织长袍 | G39: =$I39&","&$J39&","&$K39&","&$L39 -> 布片,蛛丝,彩色羽毛, | I39: 布片 | J39: 蛛丝 | K39: 彩色羽毛 | N39: 纺织,毛线,, | T39: 纺织,毛线,, | U39: 蛛丝 | V39: 彩色羽毛 | Z39: =T39&","&U39&","&V39&","&W39 -> 纺织,毛线,,,蛛丝,彩色羽毛,
E40: 水之羽衣 | G40: =$I40&","&$J40&","&$K40&","&$L40 -> 布衣,水晶石,防水皮革, | I40: 布衣 | J40: 水晶石 | K40: 防水皮革 | N40: 布片,毛线,, | T40: 布片,毛线,, | U40: 水晶石 | V40: 防水皮革 | Z40: =T40&","&U40&","&V40&","&W40 -> 布片,毛线,,,水晶石,防水皮革,
E41: 贵族长裙 | G41: =$I41&","&$J41&","&$K41&","&$L41 -> 华丽背心,贵族徽章,珍珠,金块 | I41: 华丽背心 | J41: 贵族徽章 | K41: 珍珠 | L41: 金块 | N41: 彩色的布,彩色羽毛,毛线, | T41: 彩色的布,彩色羽毛,毛线, | U41: 贵族徽章 | V41: 珍珠 | W41: 金块 | Z41: =T41&","&U41&","&V41&","&W41 -> 彩色的布,彩色羽毛,毛线,,贵族徽章,珍珠,金块
E42: 幸运之衣 | G42: =$I42&","&$J42&","&$K42&","&$L42 -> 远古的硬币,布衣,脏绷带,暮光结晶 | I42: 远古的硬币 | J42: 布衣 | K42: 脏绷带 | L42: 暮光结晶 | O42: 布片,毛线,, | T42: 远古的硬币 | U42: 布片,毛线,, | V42: 脏绷带 | W42: 暮光结晶 | Z42: =T42&","&U42&","&V42&","&W42 -> 远古的硬币,布片,毛线,,,脏绷带,暮光结晶
E43: 布鞋 | G43: =$I43&","&$J43&","&$K43&","&$L43 -> 布片,鹿角,粘液, | I43: 布片 | J43: 鹿角 | K43: 粘液 | N43: 纺织,毛线,, | T43: 纺织,毛线,, | U43: 鹿角 | V43: 粘液 | Z43: =T43&","&U43&","&V43&","&W43 -> 纺织,毛线,,,鹿角,粘液,
E44: 皮鞋 | G44: =$I44&","&$J44&","&$K44&","&$L44 -> 皮革,鹿角,粘液, | I44: 皮革 | J44: 鹿角 | K44: 粘液 | N44: 鞣制,兽皮,, | T44: 鞣制,兽皮,, | U44: 鹿角 | V44: 粘液 | Z44: =T44&","&U44&","&V44&","&W44 -> 鞣制,兽皮,,,鹿角,粘液,
E45: 士兵长靴 | G45: =$I45&","&$J45&","&$K45&","&$L45 -> 铁块,琥珀,龟壳, | I45: 铁块 | J45: 琥珀 | K45: 龟壳 | N45: 铸造,废铁,焦炭, | T45: 铸造,废铁,焦炭, | U45: 琥珀 | V45: 龟壳 | Z45: =T45&","&U45&","&V45&","&W45 -> 铸造,废铁,焦炭,,琥珀,龟壳,
E46: 登山者之靴 | G46: =$I46&","&$J46&","&$K46&","&$L46 -> 皮鞋,鳞片,蛇皮, | I46: 皮鞋 | J46: 鳞片 | K46: 蛇皮 | N46: 皮革,鹿角,粘液, | T46: 皮革,鹿角,粘液, | U46: 鳞片 | V46: 蛇皮 | Z46: =T46&","&U46&","&V46&","&W46 -> 皮革,鹿角,粘液,,鳞片,蛇皮,
E47: 运动鞋 | G47: =$I47&","&$J47&","&$K47&","&$L47 -> 布鞋,风晶石,蛛丝, | I47: 布鞋 | J47: 风晶石 | K47: 蛛丝 | N47: 布片,鹿角,粘液, | T47: 布片,鹿角,粘液, | U47: 风晶石 | V47: 蛛丝 | Z47: =T47&","&U47&","&V47&","&W47 -> 布片,鹿角,粘液,,风晶石,蛛丝,
E48: 贵族长靴 | G48: =$I48&","&$J48&","&$K48&","&$L48 -> 皮鞋,珍珠,魔兽皮毛,贵族徽章 | I48: 皮鞋 | J48: 珍珠 | K48: 魔兽皮毛 | L48: 贵族徽章 | N48: 皮革,鹿角,粘液, | T48: 皮革,鹿角,粘液, | U48: 珍珠 | V48: 魔兽皮毛 | W48: 贵族徽章 | Z48: =T48&","&U48&","&V48&","&W48 -> 皮革,鹿角,粘液,,珍珠,魔兽皮毛,贵族徽章
E49: 武道鞋 | G49: =$I49&","&$J49&","&$K49&","&$L49 -> 布鞋,武道精华,水晶石,彩色的布 | I49: 布鞋 | J49: 武道精华 | K49: 水晶石 | L49: 彩色的布 | N49: 布片,鹿角,粘液, | T49: 布片,鹿角,粘液, | U49: 武道精华 | V49: 水晶石 | W49: 彩色的布 | Z49: =T49&","&U49&","&V49&","&W49 -> 布片,鹿角,粘液,,武道精华,水晶石,彩色的布
E50: 骑士护胫 | G50: =$I50&","&$J50&","&$K50&","&$L50 -> 士兵长靴,骑士之证,象牙,钢 | I50: 士兵长靴 | J50: 骑士之证 | K50: 象牙 | L50: 钢 | N50: 铁块,琥珀,龟壳, | Q50: 铸造,铁块,焦炭, | T50: 铁块,琥珀,龟壳, | U50: 骑士之证 | V50: 象牙 | W50: 铸造,铁块,焦炭, | Z50: =T50&","&U50&","&V50&","&W50 -> 铁块,琥珀,龟壳,,骑士之证,象牙,铸造,铁块,焦炭,
E51: 贤者之履 | G51: =$I51&","&$J51&","&$K51&","&$L51 -> 布鞋,贤者晶石,妖精粉,防水皮革 | I51: 布鞋 | J51: 贤者晶石 | K51: 妖精粉 | L51: 防水皮革 | N51: 布片,鹿角,粘液, | T51: 布片,鹿角,粘液, | U51: 贤者晶石 | V51: 妖精粉 | W51: 防水皮革 | Z51: =T51&","&U51&","&V51&","&W51 -> 布片,鹿角,粘液,,贤者晶石,妖精粉,防水皮革
E52: 风神之履 | G52: =$I52&","&$J52&","&$K52&","&$L52 -> 奇美拉之翼,运动鞋,夜之幕,人狼之证 | I52: 奇美拉之翼 | J52: 运动鞋 | K52: 夜之幕 | L52: 人狼之证 | O52: 布片,鹿角,粘液,,风晶石,蛛丝, | T52: 奇美拉之翼 | U52: 布片,鹿角,粘液,,风晶石,蛛丝, | V52: 夜之幕 | W52: 人狼之证 | Z52: =T52&","&U52&","&V52&","&W52 -> 奇美拉之翼,布片,鹿角,粘液,,风晶石,蛛丝,,夜之幕,人狼之证
E53: 踏浪长靴 | G53: =$I53&","&$J53&","&$K53&","&$L53 -> 登山者之靴,防水皮革,水晶石,寒冰气息 | I53: 登山者之靴 | J53: 防水皮革 | K53: 水晶石 | L53: 寒冰气息 | N53: 皮革,鹿角,粘液,,鳞片,蛇皮, | T53: 皮革,鹿角,粘液,,鳞片,蛇皮, | U53: 防水皮革 | V53: 水晶石 | W53: 寒冰气息 | Z53: =T53&","&U53&","&V53&","&W53 -> 皮革,鹿角,粘液,,鳞片,蛇皮,,防水皮革,水晶石,寒冰气息
G54: =$I54&","&$J54&","&$K54&","&$L54 -> ,,,
G55: =$I55&","&$J55&","&$K55&","&$L55 -> ,,,
E56: 毛线 | G56: =$I56&","&$J56&","&$K56&","&$L56 -> 纺线,羊毛,, | I56: 纺线 | J56: 羊毛
E57: 布片 | G57: =$I57&","&$J57&","&$K57&","&$L57 -> 纺织,毛线,, | I57: 纺织 | J57: 毛线
E58: 皮革 | G58: =$I58&","&$J58&","&$K58&","&$L58 -> 鞣制,兽皮,, | I58: 鞣制 | J58: 兽皮
E59: 铁块 | G59: =$I59&","&$J59&","&$K59&","&$L59 -> 铸造,废铁,焦炭, | I59: 铸造 | J59: 废铁 | K59: 焦炭
E60: 铁块 | G60: =$I60&","&$J60&","&$K60&","&$L60 -> 铸造,铁矿,焦炭, | I60: 铸造 | J60: 铁矿 | K60: 焦炭
E61: 钢 | G61: =$I61&","&$J61&","&$K61&","&$L61 -> 铸造,铁块,焦炭, | I61: 铸造 | J61: 铁块 | K61: 焦炭
G62: =$I62&","&$J62&","&$K62&","&$L62 -> ,,,
E63: 回春卷轴 | G63: =$I63&","&$J63&","&$K63&","&$L63 -> 月之光华,暗夜之露,仙人掌, | I63: 月之光华 | J63: 暗夜之露 | K63: 仙人掌
E64: 振奋卷轴 | G64: =$I64&","&$J64&","&$K64&","&$L64 -> 图腾号角,星的眼泪,草药茶, | I64: 图腾号角 | J64: 星的眼泪 | K64: 草药茶
E65: 昏睡卷轴 | G65: =$I65&","&$J65&","&$K65&","&$L65 -> 妖精粉,迷幻孢子,诅咒宝珠, | I65: 妖精粉 | J65: 迷幻孢子 | K65: 诅咒宝珠
E66: 感电卷轴 | G66: =$I66&","&$J66&","&$K66&","&$L66 -> 月之光华,电偶瓶,魔力之土, | I66: 月之光华 | J66: 电偶瓶 | K66: 魔力之土
E67: 冰氛卷轴 | G67: =$I67&","&$J67&","&$K67&","&$L67 -> 寒冰气息,冰的结晶,魔力之土, | I67: 寒冰气息 | J67: 冰的结晶 | K67: 魔力之土
E68: 火氛卷轴 | G68: =$I68&","&$J68&","&$K68&","&$L68 -> 白磷粉末,萤火树汁,魔力之土, | I68: 白磷粉末 | J68: 萤火树汁 | K68: 魔力之土
E69: 沉默卷轴 | G69: =$I69&","&$J69&","&$K69&","&$L69 -> 石化之眼,亡者之土,琥珀, | I69: 石化之眼 | J69: 亡者之土 | K69: 琥珀
E70: 减速卷轴 | G70: =$I70&","&$J70&","&$K70&","&$L70 -> 神奇泥浆,魔族之血,遗骨, | I70: 神奇泥浆 | J70: 魔族之血 | K70: 遗骨
E71: 闪避卷轴 | G71: =$I71&","&$J71&","&$K71&","&$L71 -> 暮光结晶,粘液,贤者晶石, | I71: 暮光结晶 | J71: 粘液 | K71: 贤者晶石
E72: 力量卷轴 | G72: =$I72&","&$J72&","&$K72&","&$L72 -> 力量果实,咒术药水,象牙, | I72: 力量果实 | J72: 咒术药水 | K72: 象牙
E73: 魅惑卷轴 | G73: =$I73&","&$J73&","&$K73&","&$L73 -> 魅惑药水,恶魔花瓣,毒淤泥, | I73: 魅惑药水 | J73: 恶魔花瓣 | K73: 毒淤泥

Sheet Sheet1
C3: 1 | D3: 2 | E3: 3 | F3: 4 | G3: 5 | H3: 6 | I3: 7 | J3: 8
D4: hp | E4: mp | F4: 体力 | G4: 攻击buff | H4: 防御buff | I4: 速度buff | J4: 幸运buff
C5: 腌芜菁 | D5: 15
C6: 蔬菜沙拉 | D6: 50
C7: 三明治 | F7: 80 | I7: 25
C8: 腌萝卜 | D8: 20
C9: 拉面 | F9: 120
C10: 蜂蜜蛋糕 | F10: 100
C11: 披萨 | F11: 140
C12: 腌黄瓜 | D12: 25
C13: 烤西兰花 | D13: 35
C14: 水煮蛋 | E14: 10
C15: 烤肉串 | H15: 40
C16: 饭团 | F16: 20
C17: 面包 | F17: 60
C18: 烤海苔 | I18: 7
C19: 烤肉饼 | H19: 55
C20: 汉堡 | F20: 160
C21: 辣蟹堡 | E21: 50
C22: 土豆泥 | D22: 80
C23: 海鲜饭 | F23: 180
C24: 烤玉米 | D24: 100
C25: 蔬菜汁 | I25: 10
C26: 西瓜果汁 | J26: 15
C27: 奇异果汁 | J27: 20
C28: 葡萄汁 | J28: 26
C29: 菠萝汁 | J29: 25
C30: 草莓汁 | J30: 28
C31: 蓝莓汁 | J31: 28
C32: 玉米汁 | I32: 15
C33: 烤蜜薯 | D33: 140
C34: 甜菜汁 | I34: 35
C35: 奶酪
C36: 烤茄子 | D36: 90
C37: 饺子 | D37: 80 | E37: 30 | F37: 80
C38: 炖菜 | D38: 140 | E38: 80
C39: 烤芦笋 | D39: 40
C40: 红菜汤 | E40: 70
C41: 豌豆汤 | E41: 80
C42: 草莓牛奶 | E42: 100 | J42: 35
C43: 莓莓果汁 | I43: 30 | J43: 35
C44: 鲑鱼饭团 | F44: 170
C45: 拿铁 | E45: 80 | J45: 30
C46: 黑咖啡 | I46: 30
C47: 葡萄酒 | G47: 30
C48: 伏特加 | G48: 10
C49: 啤酒 | G49: 25
C50: 朗姆 | G50: 32
C51: 野蜂拉格 | G51: 16
C52: 双莓白兰地 | G52: 50
C53: 绯红之吻 | G53: 55
C54: 阳光男孩 | G54: 40
C55: 盐烤鲮鱼 | H55: 10
C56: 盐烤丁鱼 | H56: 25
C57: 盐烤虹鳟鱼 | H57: 50
C58: 烤鲷鱼 | E58: 70
C59: 盐烤金鳟鱼 | H59: 65
C60: 盐烤鲑鱼 | H60: 70
C61: 烤沙丁鱼串 | F61: 30
C62: 烤竹荚鱼 | F62: 40
C63: 烤海鳗 | E63: 40
C64: 烤比目鱼 | D64: 70
C65: 烤河豚鱼 | D65: 60
C66: 烤条石鲷 | D66: 120
C67: 烤红鲷鱼 | D67: 180
C68: 烤蓝蟹 | G68: 45
C69: 烤龙虾 | G69: 60
C70: 烤金枪鱼 | G70: 65
C71: 煮蟹肉 | E71: 20 | H71: 15
C72: 海鲜浓汤 | E72: 160
C73: 鳗鱼饭 | F73: 50 | H73: 30
C74: 鲫鱼蔬菜汤 | D74: 120 | E74: 40
C75: 鲮鱼丸 | H75: 60
C76: 鲑鱼刺身 | I76: 45
C77: 章鱼小丸子 | H77: 45
C78: 炖煮条石鲷 | E78: 60
C79: 红鲷刺身 | I79: 40
C80: 河豚刺身 | I80: 20
C81: 螃蟹煲 | D81: 160 | E81: 100
C82: 金枪鱼刺身 | I82: 50
C83: 龙虾鱼子酱 | E83: 200
C84: 凉茶 | I84: 8 | J84: 15

Sheet Sheet5
N10: 1 | O10: =ROUND(81.431*POWER(N10,0.5173),0) -> 81 | Q10: 82
N11: 2 | O11: =ROUND(81.431*POWER(N11,0.5173),0) -> 117 | P11: =O11-O10 -> 36 | Q11: 115
N12: 3 | O12: =ROUND(81.431*POWER(N12,0.5173),0) -> 144 | P12: =O12-O11 -> 27 | Q12: 144
K13: 82 | N13: 4 | O13: =ROUND(81.431*POWER(N13,0.5173),0) -> 167 | P13: =O13-O12 -> 23 | Q13: 166
K14: 115 | L14: =K14-K13 -> 33 | N14: 5 | O14: =ROUND(81.431*POWER(N14,0.5173),0) -> 187 | P14: =O14-O13 -> 20 | Q14: 189
K15: 144 | L15: =K15-K14 -> 29 | N15: 6 | O15: =ROUND(81.431*POWER(N15,0.5173),0) -> 206 | P15: =O15-O14 -> 19 | Q15: 206
K16: 166 | L16: =K16-K15 -> 22 | N16: 7 | O16: =ROUND(81.431*POWER(N16,0.5173),0) -> 223 | P16: =O16-O15 -> 17 | Q16: 224
K17: 189 | L17: =K17-K16 -> 23 | N17: 8 | O17: =ROUND(81.431*POWER(N17,0.5173),0) -> 239 | P17: =O17-O16 -> 16 | Q17: 238
K18: 206 | L18: =K18-K17 -> 17 | N18: 9 | O18: =ROUND(81.431*POWER(N18,0.5173),0) -> 254 | P18: =O18-O17 -> 15 | Q18: 253
K19: 224 | L19: =K19-K18 -> 18 | N19: 10 | O19: =ROUND(81.431*POWER(N19,0.5173),0) -> 268 | P19: =O19-O18 -> 14
K20: 238 | L20: =K20-K19 -> 14 | N20: 11 | O20: =ROUND(81.431*POWER(N20,0.5173),0) -> 282 | P20: =O20-O19 -> 14
K21: 253 | L21: =K21-K20 -> 15 | N21: 12 | O21: =ROUND(81.431*POWER(N21,0.5173),0) -> 294 | P21: =O21-O20 -> 12
N22: 13 | O22: =ROUND(81.431*POWER(N22,0.5173),0) -> 307 | P22: =O22-O21 -> 13
N23: 14 | O23: =ROUND(81.431*POWER(N23,0.5173),0) -> 319 | P23: =O23-O22 -> 12
N24: 15 | O24: =ROUND(81.431*POWER(N24,0.5173),0) -> 331 | P24: =O24-O23 -> 12
N25: 16 | O25: =ROUND(81.431*POWER(N25,0.5173),0) -> 342 | P25: =O25-O24 -> 11
K40: 82 | L40: 33 | N40: 1 | O40: =N40*N40*N40*2.5-N40*N40*2.5+23*N40+59 -> 82
K41: =K40+L40 -> 115 | L41: =L40+M41 -> 58 | M41: 25 | N41: 2 | O41: =N41*N41*N41*2.5-N41*N41*2.5+23*N41+59 -> 115
K42: =K41+L41 -> 173 | L42: =L41+M42 -> 98 | M42: 40 | N42: 3 | O42: =N42*N42*N42*2.5-N42*N42*2.5+23*N42+59 -> 173
K43: =K42+L42 -> 271 | L43: =L42+M43 -> 153 | M43: 55 | N43: 4 | O43: =N43*N43*N43*2.5-N43*N43*2.5+23*N43+59 -> 271
K44: =K43+L43 -> 424 | L44: =L43+M44 -> 223 | M44: 70 | N44: 5 | O44: =N44*N44*N44*2.5-N44*N44*2.5+23*N44+59 -> 424
K45: =K44+L44 -> 647 | L45: =L44+M45 -> 308 | M45: 85 | N45: 6 | O45: =N45*N45*N45*2.5-N45*N45*2.5+23*N45+59 -> 647
K46: =K45+L45 -> 955 | L46: =L45+M46 -> 408 | M46: 100 | N46: 7 | O46: =N46*N46*N46*2.5-N46*N46*2.5+23*N46+59 -> 955
K47: =K46+L46 -> 1363 | N47: 8 | O47: =N47*N47*N47*2.5-N47*N47*2.5+23*N47+59 -> 1363
N48: 9 | O48: =N48*N48*N48*2.5-N48*N48*2.5+23*N48+59 -> 1886
N49: 10 | O49: =N49*N49*N49*2.5-N49*N49*2.5+23*N49+59 -> 2539
N50: 11 | O50: =N50*N50*N50*2.5-N50*N50*2.5+23*N50+59 -> 3337
N51: 12 | O51: =N51*N51*N51*2.5-N51*N51*2.5+23*N51+59 -> 4295
N52: 13 | O52: =N52*N52*N52*2.5-N52*N52*2.5+23*N52+59 -> 5428
N53: 14 | O53: =N53*N53*N53*2.5-N53*N53*2.5+23*N53+59 -> 6751

Sheet 植物
C3: 芜菁
C4: 卷心菜
C5: 葱
C6: 萝卜
C7: 紫甘蓝
C8: 黄瓜
C9: 西兰花
C10: 番茄
C11: 胡萝卜
C12: 西瓜
C13: 辣椒
C14: 奇异果
... C28: 蓝莓
C29: 红薯 | Q29: =Q33*9 -> 375
C30: 甜菜
B32: 收益倍率 | E32: 产量 | F32: 价格 | G32: 天 | H32: 采摘次数 | I32: 采摘周期 | J32: 存活总天数 | K32: 寿命 | L32: 一年存活循环 | M32: 一年总花费 | N32: 一年总收获 | O32: 一年总收益 | P32: 净收入 | Q32: 产物单价
B33: 5 | C33: 芜菁种子 | E33: 3 | F33: =ROUND(F86*0.3,0) -> 25 | G33: 3 | H33: 1 | I33: =IF(H33=1,0,ROUND(G33*0.4,0)) -> 0 | J33: =G33+(H33-1)*I33 -> 3 | L33: =120/J33 -> 40 | M33: =L33*F33 -> 1000 | N33: =L33*E33*H33 -> 120 | O33: =M33*B33 -> 5000 | P33: =O33-M33 -> 4000 | Q33: =O33/N33 -> 41.666667 | S33: 83
B34: 5 | C34: 卷心菜种子 | E34: 3 | F34: =ROUND(F87*0.3,0) -> 25 | G34: 3 | H34: 1 | I34: =IF(H34=1,0,ROUND(G34*0.4,0)) -> 0 | J34: =G34+(H34-1)*I34 -> 3 | L34: =120/J34 -> 40 | M34: =L34*F34 -> 1000 | N34: =L34*E34*H34 -> 120 | O34: =M34*B34 -> 5000 | P34: =O34-M34 -> 4000 | Q34: =O34/N34 -> 41.666667 | S34: 114
B35: 5 | C35: 葱种子 | E35: 4 | F35: =ROUND(F88*0.3,0) -> 35 | G35: 4 | H35: 1 | I35: =IF(H35=1,0,ROUND(G35*0.4,0)) -> 0 | J35: =G35+(H35-1)*I35 -> 4 | L35: =120/J35 -> 30 | M35: =L35*F35 -> 1050 | N35: =L35*E35*H35 -> 120 | O35: =M35*B35 -> 5250 | P35: =O35-M35 -> 4200 | Q35: =O35/N35 -> 43.75 | S35: 148
B36: 5 | C36: 萝卜种子 | E36: 4 | F36: =ROUND(F89*0.3,0) -> 35 | G36: 4 | H36: 1 | I36: =IF(H36=1,0,ROUND(G36*0.4,0)) -> 0 | J36: =G36+(H36-1)*I36 -> 4 | L36: =120/J36 -> 30 | M36: =L36*F36 -> 1050 | N36: =L36*E36*H36 -> 120 | O36: =M36*B36 -> 5250 | P36: =O36-M36 -> 4200 | Q36: =O36/N36 -> 43.75 | S36: 183
B37: 5 | C37: 紫甘蓝种子 | E37: 3 | F37: =ROUND(F90*0.3,0) -> 52 | G37: 4 | H37: 1 | I37: =IF(H37=1,0,ROUND(G37*0.4,0)) -> 0 | J37: =G37+(H37-1)*I37 -> 4 | L37: =120/J37 -> 30 | M37: =L37*F37 -> 1560 | N37: =L37*E37*H37 -> 90 | O37: =M37*B37 -> 7800 | P37: =O37-M37 -> 6240 | Q37: =O37/N37 -> 86.666667 | S37: 221 | U37: 鸡蛋
B38: 12 | C38: 黄瓜种子 | E38: 4 | F38: =ROUND(F91*0.3,0) -> 52 | G38: 6 | H38: 3 | I38: =IF(H38=1,0,ROUND(G38*0.4,0)) -> 2 | J38: =G38+(H38-1)*I38 -> 10 | L38: =120/J38 -> 12 | M38: =L38*F38 -> 624 | N38: =L38*E38*H38 -> 144 | O38: =M38*B38 -> 7488 | P38: =O38-M38 -> 6864 | Q38: =O38/N38 -> 52 | S38: 261 | U38: 鸭绒
B39: 5 | C39: 西兰花种子 | E39: 3 | F39: =ROUND(F92*0.3,0) -> 52 | G39: 5 | H39: 1 | I39: =IF(H39=1,0,ROUND(G39*0.4,0)) -> 0 | J39: =G39+(H39-1)*I39 -> 5 | L39: =120/J39 -> 24 | M39: =L39*F39 -> 1248 | N39: =L39*E39*H39 -> 72 | O39: =M39*B39 -> 6240 | P39: =O39-M39 -> 4992 | Q39: =O39/N39 -> 86.666667 | S39: 303 | U39: 兔耳
B40: 12 | C40: 番茄种子 | E40: 4 | F40: =ROUND(F93*0.3,0) -> 81 | G40: 8 | H40: 2 | I40: =IF(H40=1,0,ROUND(G40*0.4,0)) -> 3 | J40: =G40+(H40-1)*I40 -> 11 | L40: =120/J40 -> 10.909091 | M40: =L40*F40 -> 883.63636 | N40: =L40*E40*H40 -> 87.272727 | O40: =M40*B40 -> 10603.636 | P40: =O40-M40 -> 9720 | Q40: =O40/N40 -> 121.5 | S40: 348
B41: 5 | C41: 胡萝卜种子 | E41: 3 | F41: =ROUND(F94*0.3,0) -> 81 | G41: 5 | H41: 1 | I41: =IF(H41=1,0,ROUND(G41*0.4,0)) -> 0 | J41: =G41+(H41-1)*I41 -> 5 | L41: =120/J41 -> 24 | M41: =L41*F41 -> 1944 | N41: =L41*E41*H41 -> 72 | O41: =M41*B41 -> 9720 | P41: =O41-M41 -> 7776 | Q41: =O41/N41 -> 135 | S41: 395 | U41: 羊毛
B42: 6 | C42: 西瓜种子 | E42: 2 | F42: =ROUND(F95*0.3,0) -> 81 | G42: 6 | H42: 1 | I42: =IF(H42=1,0,ROUND(G42*0.4,0)) -> 0 | J42: =G42+(H42-1)*I42 -> 6 | L42: =120/J42 -> 20 | M42: =L42*F42 -> 1620 | N42: =L42*E42*H42 -> 40 | O42: =M42*B42 -> 9720 | P42: =O42-M42 -> 8100 | Q42: =O42/N42 -> 243 | S42: 444
B43: 15 | C43: 辣椒种子 | E43: 5 | F43: =ROUND(F96*0.3,0) -> 127 | G43: 10 | H43: 3 | I43: =IF(H43=1,0,ROUND(G43*0.4,0)) -> 4 | J43: =G43+(H43-1)*I43 -> 18 | L43: =120/J43 -> 6.6666667 | M43: =L43*F43 -> 846.66667 | N43: =L43*E43*H43 -> 100 | O43: =M43*B43 -> 12700 | P43: =O43-M43 -> 11853.333 | Q43: =O43/N43 -> 127 | S43: 495
B44: 10 | C44: 茄子种子 | E44: 6 | F44: =ROUND(F97*0.3,0) -> 127 | G44: 7 | H44: 2 | I44: =IF(H44=1,0,ROUND(G44*0.4,0)) -> 3 | J44: =G44+(H44-1)*I44 -> 10 | L44: =120/J44 -> 12 | M44: =L44*F44 -> 1524 | N44: =L44*E44*H44 -> 144 | O44: =M44*B44 -> 15240 | P44: =O44-M44 -> 13716 | Q44: =O44/N44 -> 105.83333 | S44: 548 | U44: 猪肉
B45: 26 | C45: 奇异果种子 | E45: 3 | F45: =ROUND(F98*0.3,0) -> 127 | G45: 16 | H45: 4 | I45: =IF(H45=1,0,ROUND(G45*0.4,0)) -> 6 | J45: =G45+(H45-1)*I45 -> 34 | L45: =120/J45 -> 3.5294118 | M45: =L45*F45 -> 448.23529 | N45: =L45*E45*H45 -> 42.352941 | O45: =M45*B45 -> 11654.118 | P45: =O45-M45 -> 11205.882 | Q45: =O45/N45 -> 275.16667 | S45: 604
B46: 6 | C46: 豌豆种子 | E46: 6 | F46: =ROUND(F99*0.3,0) -> 194 | G46: 6 | H46: 1 | I46: =IF(H46=1,0,ROUND(G46*0.4,0)) -> 0 | J46: =G46+(H46-1)*I46 -> 6 | L46: =120/J46 -> 20 | M46: =L46*F46 -> 3880 | N46: =L46*E46*H46 -> 120 | O46: =M46*B46 -> 23280 | P46: =O46-M46 -> 19400 | Q46: =O46/N46 -> 194 | S46: 662 | U46: 牛奶
B47: 7 | C47: 土豆种子 | E47: 4 | F47: =ROUND(F100*0.3,0) -> 194 | G47: 8 | H47: 1 | I47: =IF(H47=1,0,ROUND(G47*0.4,0)) -> 0 | J47: =G47+(H47-1)*I47 -> 8 | L47: =120/J47 -> 15 | M47: =L47*F47 -> 2910 | N47: =L47*E47*H47 -> 60 | O47: =M47*B47 -> 20370 | P47: =O47-M47 -> 17460 | Q47: =O47/N47 -> 339.5
B48: 7 | C48: 大蒜种子 | E48: 6 | F48: =ROUND(F101*0.3,0) -> 194 | G48: 8 | H48: 1 | I48: =IF(H48=1,0,ROUND(G48*0.4,0)) -> 0 | J48: =G48+(H48-1)*I48 -> 8 | L48: =120/J48 -> 15 | M48: =L48*F48 -> 2910 | N48: =L48*E48*H48 -> 90 | O48: =M48*B48 -> 20370 | P48: =O48-M48 -> 17460 | Q48: =O48/N48 -> 226.33333
B49: 6 | C49: 芦笋种子 | E49: 4 | F49: =ROUND(F102*0.3,0) -> 287 | G49: 6 | H49: 1 | I49: =IF(H49=1,0,ROUND(G49*0.4,0)) -> 0 | J49: =G49+(H49-1)*I49 -> 6 | L49: =120/J49 -> 20 | M49: =L49*F49 -> 5740 | N49: =L49*E49*H49 -> 80 | O49: =M49*B49 -> 34440 | P49: =O49-M49 -> 28700 | Q49: =O49/N49 -> 430.5 | U49: 马尾
B50: 8 | C50: 南瓜种子 | E50: 3 | F50: =ROUND(F103*0.3,0) -> 287 | G50: 7 | H50: 2 | I50: =IF(H50=1,0,ROUND(G50*0.4,0)) -> 3 | J50: =G50+(H50-1)*I50 -> 10 | L50: =120/J50 -> 12 | M50: =L50*F50 -> 3444 | N50: =L50*E50*H50 -> 72 | O50: =M50*B50 -> 27552 | P50: =O50-M50 -> 24108 | Q50: =O50/N50 -> 382.66667
B51: 10 | C51: 玉米种子 | E51: 8 | F51: =ROUND(F104*0.3,0) -> 287 | G51: 12 | H51: 1 | I51: =IF(H51=1,0,ROUND(G51*0.4,0)) -> 0 | J51: =G51+(H51-1)*I51 -> 12 | L51: =120/J51 -> 10 | M51: =L51*F51 -> 2870 | N51: =L51*E51*H51 -> 80 | O51: =M51*B51 -> 28700 | P51: =O51-M51 -> 25830 | Q51: =O51/N51 -> 358.75
B52: 8 | C52: 大麦种子 | E52: 8 | F52: =ROUND(F105*0.3,0) -> 409 | G52: 12 | H52: 1 | I52: =IF(H52=1,0,ROUND(G52*0.4,0)) -> 0 | J52: =G52+(H52-1)*I52 -> 12 | L52: =120/J52 -> 10 | M52: =L52*F52 -> 4090 | N52: =L52*E52*H52 -> 80 | O52: =M52*B52 -> 32720 | P52: =O52-M52 -> 28630 | Q52: =O52/N52 -> 409
B53: 25 | C53: 啤酒花种子 | E53: 8 | F53: =ROUND(F106*0.3,0) -> 409 | G53: 20 | H53: 4 | I53: =IF(H53=1,0,ROUND(G53*0.4,0)) -> 8 | J53: =G53+(H53-1)*I53 -> 44 | L53: =120/J53 -> 2.7272727 | M53: =L53*F53 -> 1115.4545 | N53: =L53*E53*H53 -> 87.272727 | O53: =M53*B53 -> 27886.364 | P53: =O53-M53 -> 26770.909 | Q53: =O53/N53 -> 319.53125
B54: 40 | C54: 葡萄种子 | E54: 8 | F54: =ROUND(F107*0.3,0) -> 409 | G54: 22 | H54: 6 | I54: =IF(H54=1,0,ROUND(G54*0.4,0)) -> 9 | J54: =G54+(H54-1)*I54 -> 67 | L54: =120/J54 -> 1.7910448 | M54: =L54*F54 -> 732.53731 | N54: =L54*E54*H54 -> 85.970149 | O54: =M54*B54 -> 29301.493 | P54: =O54-M54 -> 28568.955 | Q54: =O54/N54 -> 340.83333
B55: 32 | C55: 菠萝种子 | E55: 4 | F55: =ROUND(F108*0.3,0) -> 566 | G55: 20 | H55: 6 | I55: =IF(H55=1,0,ROUND(G55*0.4,0)) -> 8 | J55: =G55+(H55-1)*I55 -> 60 | L55: =120/J55 -> 2 | M55: =L55*F55 -> 1132 | N55: =L55*E55*H55 -> 48 | O55: =M55*B55 -> 36224 | P55: =O55-M55 -> 35092 | Q55: =O55/N55 -> 754.66667
B56: 25 | C56: 咖啡种子 | E56: 6 | F56: =ROUND(F109*0.3,0) -> 566 | G56: 20 | H56: 4 | I56: =IF(H56=1,0,ROUND(G56*0.4,0)) -> 8 | J56: =G56+(H56-1)*I56 -> 44 | L56: =120/J56 -> 2.7272727 | M56: =L56*F56 -> 1543.6364 | N56: =L56*E56*H56 -> 65.454545 | O56: =M56*B56 -> 38590.909 | P56: =O56-M56 -> 37047.273 | Q56: =O56/N56 -> 589.58333
B57: 14 | C57: 草莓种子 | E57: 6 | F57: =ROUND(F110*0.3,0) -> 566 | G57: 16 | H57: 2 | I57: =IF(H57=1,0,ROUND(G57*0.4,0)) -> 6 | J57: =G57+(H57-1)*I57 -> 22 | L57: =120/J57 -> 5.4545455 | M57: =L57*F57 -> 3087.2727 | N57: =L57*E57*H57 -> 65.454545 | O57: =M57*B57 -> 43221.818 | P57: =O57-M57 -> 40134.545 | Q57: =O57/N57 -> 660.33333
B58: 12 | C58: 蓝莓种子 | E58: 6 | F58: =ROUND(F111*0.3,0) -> 762 | G58: 16 | H58: 2 | I58: =IF(H58=1,0,ROUND(G58*0.4,0)) -> 6 | J58: =G58+(H58-1)*I58 -> 22 | L58: =120/J58 -> 5.4545455 | M58: =L58*F58 -> 4156.3636 | N58: =L58*E58*H58 -> 65.454545 | O58: =M58*B58 -> 49876.364 | P58: =O58-M58 -> 45720 | Q58: =O58/N58 -> 762
B59: 6 | C59: 红薯种子 | E59: 6 | F59: =ROUND(F112*0.3,0) -> 762 | G59: 9 | H59: 1 | I59: =IF(H59=1,0,ROUND(G59*0.4,0)) -> 0 | J59: =G59+(H59-1)*I59 -> 9 | L59: =120/J59 -> 13.333333 | M59: =L59*F59 -> 10160 | N59: =L59*E59*H59 -> 80 | O59: =M59*B59 -> 60960 | P59: =O59-M59 -> 50800 | Q59: =O59/N59 -> 762
B60: 6 | C60: 甜菜种子 | E60: 6 | F60: =ROUND(F113*0.3,0) -> 762 | G60: 9 | H60: 1 | I60: =IF(H60=1,0,ROUND(G60*0.4,0)) -> 0 | J60: =G60+(H60-1)*I60 -> 9 | L60: =120/J60 -> 13.333333 | M60: =L60*F60 -> 10160 | N60: =L60*E60*H60 -> 80 | O60: =M60*B60 -> 60960 | P60: =O60-M60 -> 50800 | Q60: =O60/N60 -> 762
B63: 2 | C63: 鸭子 | D63: 鸭绒 | E63: 2 | F63: 90 | G63: 2 | H63: =120/G63 -> 60 | I63: 2 | J63: =G63+(H63-1)*I63 -> 120 | K63: 100 | L63: =120/J63 -> 1 | M63: =F63*J63 -> 10800 | N63: =E63*H63 -> 120 | O63: =M63*B63 -> 21600 | P63: =O63-M63 -> 10800 | Q63: =O63/N63 -> 180 | S63: =VLOOKUP(D63,ItemData!$A$4:$B$415,2,FALSE) -> 301
B64: 2 | C64: 母鸡 | D64: 鸡蛋 | E64: 1 | F64: 90 | G64: 1 | H64: =120/G64 -> 120 | I64: 1 | J64: =G64+(H64-1)*I64 -> 120 | K64: 100 | L64: =120/J64 -> 1 | M64: =F64*J64 -> 10800 | N64: =E64*H64 -> 120 | O64: =M64*B64 -> 21600 | P64: =O64-M64 -> 10800 | Q64: =O64/N64 -> 180 | S64: =VLOOKUP(D64,ItemData!$A$4:$B$415,2,FALSE) -> 3007
B65: 3 | C65: 家兔 | D65: 兔子脚 | E65: 2 | F65: 90 | G65: 3 | H65: =120/G65 -> 40 | I65: 3 | J65: =G65+(H65-1)*I65 -> 120 | K65: 120 | L65: =120/J65 -> 1 | M65: =F65*J65 -> 10800 | N65: =E65*H65 -> 80 | O65: =M65*B65 -> 32400 | P65: =O65-M65 -> 21600 | Q65: =O65/N65 -> 405 | S65: =VLOOKUP(D65,ItemData!$A$4:$B$415,2,FALSE) -> 302
B66: 3 | C66: 绵羊 | D66: 羊毛 | E66: 7 | F66: 90 | G66: 4 | H66: =120/G66 -> 30 | I66: 4 | J66: =G66+(H66-1)*I66 -> 120 | K66: 180 | L66: =120/J66 -> 1 | M66: =F66*J66 -> 10800 | N66: =E66*H66 -> 210 | O66: =M66*B66 -> 32400 | P66: =O66-M66 -> 21600 | Q66: =O66/N66 -> 154.28571 | S66: =VLOOKUP(D66,ItemData!$A$4:$B$415,2,FALSE) -> 283
B67: 3 | C67: 猪 | D67: 猪肉 | E67: 4 | F67: 90 | G67: 6 | H67: =120/G67 -> 20 | I67: 6 | J67: =G67+(H67-1)*I67 -> 120 | K67: 180 | L67: =120/J67 -> 1 | M67: =F67*J67 -> 10800 | N67: =E67*H67 -> 80 | O67: =M67*B67 -> 32400 | P67: =O67-M67 -> 21600 | Q67: =O67/N67 -> 405 | S67: =VLOOKUP(D67,ItemData!$A$4:$B$415,2,FALSE) -> 3008
B68: 4 | C68: 奶牛 | D68: 牛奶 | E68: 4 | F68: 90 | G68: 4 | H68: =120/G68 -> 30 | I68: 4 | J68: =G68+(H68-1)*I68 -> 120 | K68: 240 | L68: =120/J68 -> 1 | M68: =F68*J68 -> 10800 | N68: =E68*H68 -> 120 | O68: =M68*B68 -> 43200 | P68: =O68-M68 -> 32400 | Q68: =O68/N68 -> 360 | S68: =VLOOKUP(D68,ItemData!$A$4:$B$415,2,FALSE) -> 3006
B69: 4 | C69: 马 | D69: 马尾 | E69: 3 | F69: 90 | G69: 4 | H69: =120/G69 -> 30 | I69: 4 | J69: =G69+(H69-1)*I69 -> 120 | K69: 240 | L69: =120/J69 -> 1 | M69: =F69*J69 -> 10800 | N69: =E69*H69 -> 90 | O69: =M69*B69 -> 43200 | P69: =O69-M69 -> 32400 | Q69: =O69/N69 -> 480 | S69: =VLOOKUP(D69,ItemData!$A$4:$B$415,2,FALSE) -> 276
B70: 3 | C70: 松鼠 | D70: 松果 | E70: 3 | F70: 90 | G70: 4 | H70: =120/G70 -> 30 | I70: 4 | J70: =G70+(H70-1)*I70 -> 120 | K70: 100 | L70: =120/J70 -> 1 | M70: =F70*J70 -> 10800 | N70: =E70*H70 -> 90 | O70: =M70*B70 -> 32400 | P70: =O70-M70 -> 21600 | Q70: =O70/N70 -> 360 | S70: =VLOOKUP(D70,ItemData!$A$4:$B$415,2,FALSE) -> 235
B71: 3 | C71: 野兔 | D71: 兔子脚 | E71: 2 | F71: 90 | G71: 3 | H71: =120/G71 -> 40 | I71: 3 | J71: =G71+(H71-1)*I71 -> 120 | K71: 100 | L71: =120/J71 -> 1 | M71: =F71*J71 -> 10800 | N71: =E71*H71 -> 80 | O71: =M71*B71 -> 32400 | P71: =O71-M71 -> 21600 | Q71: =O71/N71 -> 405 | S71: =VLOOKUP(D71,ItemData!$A$4:$B$415,2,FALSE) -> 302
B72: 2 | C72: 火烈鸟 | D72: 焦炭 | E72: 4 | F72: 90 | G72: 2 | H72: =120/G72 -> 60 | I72: 2 | J72: =G72+(H72-1)*I72 -> 120 | K72: 180 | L72: =120/J72 -> 1 | M72: =F72*J72 -> 10800 | N72: =E72*H72 -> 240 | O72: =M72*B72 -> 21600 | P72: =O72-M72 -> 10800 | Q72: =O72/N72 -> 90 | S72: =VLOOKUP(D72,ItemData!$A$4:$B$415,2,FALSE) -> 297
B73: 2 | C73: 鹿 | D73: 鹿角 | E73: 2 | F73: 90 | G73: 2 | H73: =120/G73 -> 60 | I73: 2 | J73: =G73+(H73-1)*I73 -> 120 | K73: 180 | L73: =120/J73 -> 1 | M73: =F73*J73 -> 10800 | N73: =E73*H73 -> 120 | O73: =M73*B73 -> 21600 | P73: =O73-M73 -> 10800 | Q73: =O73/N73 -> 180 | S73: =VLOOKUP(D73,ItemData!$A$4:$B$415,2,FALSE) -> 222
B74: 4 | C74: 刺猬 | D74: 尖刺 | E74: 4 | F74: 90 | G74: 3 | H74: =120/G74 -> 40 | I74: 3 | J74: =G74+(H74-1)*I74 -> 120 | K74: 180 | L74: =120/J74 -> 1 | M74: =F74*J74 -> 10800 | N74: =E74*H74 -> 160 | O74: =M74*B74 -> 43200 | P74: =O74-M74 -> 32400 | Q74: =O74/N74 -> 270 | S74: =VLOOKUP(D74,ItemData!$A$4:$B$415,2,FALSE) -> 213
... B77: 2.5 | C77: 袋鼠 | D77: 兽皮 | E77: 1 | F77: 90 | G77: 1 | H77: =120/G77 -> 120 | I77: 1 | J77: =G77+(H77-1)*I77 -> 120 | K77: 240 | L77: =120/J77 -> 1 | M77: =F77*J77 -> 10800 | N77: =E77*H77 -> 120 | O77: =M77*B77 -> 27000 | P77: =O77-M77 -> 16200 | Q77: =O77/N77 -> 225 | S77: =VLOOKUP(D77,ItemData!$A$4:$B$415,2,FALSE) -> 203
E86: 82 | F86: 82
E87: 82 | F87: 82
E88: 115 | F88: 115
E89: 115 | F89: 115
E90: 173 | F90: 173
E91: 173 | F91: 173
E92: 173 | F92: 173
E93: 271 | F93: 271
E94: 271 | F94: 271
E95: 271 | F95: 271
E96: 424 | F96: 424
E97: 424 | F97: 424
... E113: 2539 | F113: 2539
E114: 3337
E115: 3337
E116: 4295
E117: 4295
E118: 5428
E119: 5428
E120: 6751
E121: 6751

Sheet 动物

Sheet 装备
C1: 0.5 | D1: 0.5 | E1: 1 | F1: 1 | G1: 0.5 | H1: 0.2 | N1: =植物!Q29*0.1 -> 37.5
C2: MaxMP | D2: MaxPower | E2: AT | F2: DF | G2: Lucky | H2: Speed | J2: 价值 | K2: 溢价倍率 | L2: 最终价值 | N2: 价格 | R2: =36.9*18 -> 664.2
B3: 长剑 | C3: 0 | D3: 0 | E3: 10 | F3: 0 | G3: 0 | H3: 0 | J3: =C3*$C$1+D3*$D$1+E3*$E$1+F3*$F$1+G3*$G$1+H3*$H$1 -> 10 | K3: 1 | L3: =J3*(1+(K3)*0.2)*0.1 -> 1.2 | M3: 1242 | N3: =$N$1*L3*L3*L3*0.5+$N$1*L3*L3*0.75+$N$1*10*L3 -> 522.9
B4: 诅咒之剑 | C4: 0 | D4: 0 | E4: 32 | F4: 0 | G4: -10 | H4: 0 | J4: =C4*$C$1+D4*$D$1+E4*$E$1+F4*$F$1+G4*$G$1+H4*$H$1 -> 27 | K4: 2 | L4: =J4*(1+(K4)*0.2)*0.1 -> 3.78 | N4: =$N$1*L4*L4*L4*0.5+$N$1*L4*L4*0.75+$N$1*10*L4 -> 2832.0516
B5: 烈焰之刃 | C5: 0 | D5: 0 | E5: 70 | F5: 0 | G5: 0 | H5: 0 | J5: =C5*$C$1+D5*$D$1+E5*$E$1+F5*$F$1+G5*$G$1+H5*$H$1 -> 70 | K5: 3 | L5: =J5*(1+(K5)*0.2)*0.1 -> 11.2 | N5: =$N$1*L5*L5*L5*0.5+$N$1*L5*L5*0.75+$N$1*10*L5 -> 34070.4
B6: 大地之剑 | C6: 0 | D6: 0 | E6: 53 | F6: 10 | G6: 0 | H6: 0 | J6: =C6*$C$1+D6*$D$1+E6*$E$1+F6*$F$1+G6*$G$1+H6*$H$1 -> 63 | K6: 3 | L6: =J6*(1+(K6)*0.2)*0.1 -> 10.08 | N6: =$N$1*L6*L6*L6*0.5+$N$1*L6*L6*0.75+$N$1*10*L6 -> 25841.29
B7: 冰之刃 | C7: 0 | D7: 0 | E7: 73 | F7: 0 | G7: 0 | H7: -5 | J7: =C7*$C$1+D7*$D$1+E7*$E$1+F7*$F$1+G7*$G$1+H7*$H$1 -> 72 | K7: 3 | L7: =J7*(1+(K7)*0.2)*0.1 -> 11.52 | N7: =$N$1*L7*L7*L7*0.5+$N$1*L7*L7*0.75+$N$1*10*L7 -> 36717.926
B8: 铁枪 | C8: 0 | D8: 0 | E8: 12 | F8: 0 | G8: 0 | H8: -5 | J8: =C8*$C$1+D8*$D$1+E8*$E$1+F8*$F$1+G8*$G$1+H8*$H$1 -> 11 | K8: 1 | L8: =J8*(1+(K8)*0.2)*0.1 -> 1.32 | N8: =$N$1*L8*L8*L8*0.5+$N$1*L8*L8*0.75+$N$1*10*L8 -> 587.1294
B9: 骑士长枪 | C9: 0 | D9: 0 | E9: 34 | F9: 5 | G9: 0 | H9: -5 | J9: =C9*$C$1+D9*$D$1+E9*$E$1+F9*$F$1+G9*$G$1+H9*$H$1 -> 38 | K9: 2 | L9: =J9*(1+(K9)*0.2)*0.1 -> 5.32 | N9: =$N$1*L9*L9*L9*0.5+$N$1*L9*L9*0.75+$N$1*10*L9 -> 5614.1694
B10: 血腥之矛 | C10: 0 | D10: 0 | E10: 46 | F10: 0 | G10: -5 | H10: -5 | J10: =C10*$C$1+D10*$D$1+E10*$E$1+F10*$F$1+G10*$G$1+H10*$H$1 -> 42.5 | K10: 2 | L10: =J10*(1+(K10)*0.2)*0.1 -> 5.95 | N10: =$N$1*L10*L10*L10*0.5+$N$1*L10*L10*0.75+$N$1*10*L10 -> 7176.5367
B11: 三叉戟 | C11: 0 | D11: 0 | E11: 60 | F11: 0 | G11: 0 | H11: -5 | J11: =C11*$C$1+D11*$D$1+E11*$E$1+F11*$F$1+G11*$G$1+H11*$H$1 -> 59 | K11: 3 | L11: =J11*(1+(K11)*0.2)*0.1 -> 9.44 | N11: =$N$1*L11*L11*L11*0.5+$N$1*L11*L11*0.75+$N$1*10*L11 -> 21819.427
B12: 战斧 | C12: 0 | D12: 0 | E12: 25 | F12: 0 | G12: 0 | H12: -10 | J12: =C12*$C$1+D12*$D$1+E12*$E$1+F12*$F$1+G12*$G$1+H12*$H$1 -> 23 | K12: 2 | L12: =J12*(1+(K12)*0.2)*0.1 -> 3.22 | N12: =$N$1*L12*L12*L12*0.5+$N$1*L12*L12*0.75+$N$1*10*L12 -> 2125.1034
B13: 毒蜥之牙 | C13: 0 | D13: 0 | E13: 38 | F13: 0 | G13: 0 | H13: -10 | J13: =C13*$C$1+D13*$D$1+E13*$E$1+F13*$F$1+G13*$G$1+H13*$H$1 -> 36 | K13: 3 | L13: =J13*(1+(K13)*0.2)*0.1 -> 5.76 | N13: =$N$1*L13*L13*L13*0.5+$N$1*L13*L13*0.75+$N$1*10*L13 -> 6676.3008
B14: 恶魔之斧 | C14: 0 | D14: 0 | E14: 64 | F14: 0 | G14: 0 | H14: -10 | J14: =C14*$C$1+D14*$D$1+E14*$E$1+F14*$F$1+G14*$G$1+H14*$H$1 -> 62 | K14: 3 | L14: =J14*(1+(K14)*0.2)*0.1 -> 9.92 | N14: =$N$1*L14*L14*L14*0.5+$N$1*L14*L14*0.75+$N$1*10*L14 -> 24791.27
B15: 蛇皮鞭 | C15: 0 | D15: 0 | E15: 20 | F15: 0 | G15: 0 | H15: 10 | J15: =C15*$C$1+D15*$D$1+E15*$E$1+F15*$F$1+G15*$G$1+H15*$H$1 -> 22 | K15: 1 | L15: =J15*(1+(K15)*0.2)*0.1 -> 2.64 | N15: =$N$1*L15*L15*L15*0.5+$N$1*L15*L15*0.75+$N$1*10*L15 -> 1531.0152
... B60: 战争头盔 | C60: 50 | D60: 0 | E60: 20 | F60: 10 | G60: 0 | H60: 0 | J60: =C60*$C$1+D60*$D$1+E60*$E$1+F60*$F$1+G60*$G$1+H60*$H$1 -> 55 | K60: 4 | L60: =J60*(1+(K60)*0.2)*0.1 -> 9.9 | N60: =$N$1*L60*L60*L60*0.5+$N$1*L60*L60*0.75+$N$1*10*L60 -> 24662.138
B61: 纯净水
B62: 石块
B63: 龟壳
B64: 兽皮
B65: 布片
B66: 石英砂
B67: 草药茶
B68: 风晶石
B69: 琥珀
B70: 狼牙
B71: 粘土
B72: 尖刺
... B157: 兔子脚

Sheet Sheet8
B2: 冷餐台 | C2: 5001 | E2: 3013 | F2: 3014 | G2: 3015 | H2: 3016 | I2: 3020 | J2: 3024 | K2: 3028 | L2: 3029 | M2: 3052 | N2: 3081 | O2: 3084 | P2: 3087 | Q2: 3088 | R2: 3090 | S2: 3091
B3: 搅拌器 | C3: 5002 | E3: 3033 | F3: 3034 | G3: 3035 | H3: 3036 | I3: 3037 | J3: 3038 | K3: 3039 | L3: 3040 | M3: 3042 | N3: 3012 | O3: 3050 | P3: 3051 | Q3: 3053 | R3: 3054 | S3: 3092
B4: 烘烤炉 | C4: 5003 | E4: 3018 | F4: 3019 | G4: 3021 | H4: 3023 | I4: 3025 | J4: 3026 | K4: 3027 | L4: 3032 | M4: 3041 | N4: 3044 | O4: 3047 | P4: 3063 | Q4: 3064 | R4: 3065 | S4: 3066 | T4: 3067 | U4: 3068 | V4: 3069 | W4: 3070 | X4: 3071 | Y4: 3072 | Z4: 3073 | AA4: 3074 | AB4: 3075 | AC4: 3076 | AD4: 3077
B5: 蒸煮锅 | C5: 5004 | E5: 3017 | F5: 3022 | G5: 3030 | H5: 3031 | I5: 3045 | J5: 3046 | K5: 3048 | L5: 3049 | M5: 3078 | N5: 3079 | O5: 3080 | P5: 3082 | Q5: 3083 | R5: 3085 | S5: 3086 | T5: 3089
B6: 酿造桶 | C6: 5005 | E6: 3043 | F6: 3055 | G6: 3056 | H6: 3057 | I6: 3058 | J6: 3059 | K6: 3060 | L6: 3061 | M6: 3062
B7: 绘写台 | C7: 5006 | E7: 2100 | F7: 2101 | G7: 2102 | H7: 2103 | I7: 2104 | J7: 2105 | K7: 2106 | L7: 2107 | M7: 2108 | N7: 2109 | O7: 2110 | P7: 2111
B8: 缝纫机 | C8: 5007 | E8: 4015 | F8: 4016 | G8: 4017 | H8: 4018 | I8: 4021 | J8: 4022 | K8: 4023 | L8: 4024 | M8: 4028 | N8: 4029 | O8: 4030 | P8: 4031 | Q8: 4032 | R8: 4034 | S8: 4035 | T8: 4036 | U8: 4037 | V8: 4038 | W8: 4039 | X8: 4041 | Y8: 4042 | Z8: 4043 | AA8: 4044 | AB8: 4046 | AC8: 4047 | AD8: 4048 | AE8: 4049 | AF8: 4050 | AG8: 4051 | AH8: 4054 | AI8: 4055 | AJ8: 4056
B9: 锻造炉 | C9: 5008 | E9: 4000 | F9: 4001 | G9: 4002 | H9: 4003 | I9: 4004 | J9: 4005 | K9: 4006 | L9: 4007 | M9: 4008 | N9: 4009 | O9: 4010 | P9: 4011 | Q9: 4012 | R9: 4013 | S9: 4014 | T9: 4019 | U9: 4020 | V9: 4025 | W9: 4026 | X9: 4027 | Y9: 4033 | Z9: 4040 | AA9: 4045 | AB9: 4052 | AC9: 4053 | AD9: 4057
B10: 磨坊 | C10: 5009 | E10: 3009 | F10: 3010 | G10: 3011
B11: 柴墩 | C11: 5010 | E11: 2000 | F11: 2001 | G11: 2003
B12: 织布机 | C12: 5011 | E12: 2011
B13: 纺线机 | C13: 5012 | E13: 2010
B14: 制革机 | C14: 5013 | E14: 2012
B15: 纺织机 | C15: 5014 | E15: 2011 | F15: 2012
B16: 高温炉 | C16: 5015 | E16: 2020 | F16: 2021
E19: =VLOOKUP(E2,$B$24:$C$185,2,FALSE) -> 1001,3002 | F19: =VLOOKUP(F2,$B$24:$C$185,2,FALSE) -> 1002,1005,1009,1006 | G19: =VLOOKUP(G2,$B$24:$C$185,2,FALSE) -> 3112,1002,1006,1008 | H19: =VLOOKUP(H2,$B$24:$C$185,2,FALSE) -> 1004,3002 | I19: =VLOOKUP(I2,$B$24:$C$185,2,FALSE) -> 1006,3002 | J19: =VLOOKUP(J2,$B$24:$C$185,2,FALSE) -> 3113,3000 | K19: =VLOOKUP(K2,$B$24:$C$185,2,FALSE) -> 3112,1008,3114,3130 | L19: =VLOOKUP(L2,$B$24:$C$185,2,FALSE) -> 3112,3166,1011,3130 | ... AJ19: =VLOOKUP(AJ2,$B$24:$C$185,2,FALSE) -> #N/A
E20: =VLOOKUP(E3,$B$24:$C$185,2,FALSE) -> 1001,1006,1004,1005 | F20: =VLOOKUP(F3,$B$24:$C$185,2,FALSE) -> 1010 | G20: =VLOOKUP(G3,$B$24:$C$185,2,FALSE) -> 1012 | H20: =VLOOKUP(H3,$B$24:$C$185,2,FALSE) -> 1022 | I20: =VLOOKUP(I3,$B$24:$C$185,2,FALSE) -> 1023 | J20: =VLOOKUP(J3,$B$24:$C$185,2,FALSE) -> 1025 | K20: =VLOOKUP(K3,$B$24:$C$185,2,FALSE) -> 1026 | L20: =VLOOKUP(L3,$B$24:$C$185,2,FALSE) -> 1019 | ... AJ20: =VLOOKUP(AJ3,$B$24:$C$185,2,FALSE) -> #N/A
E21: =VLOOKUP(E4,$B$24:$C$185,2,FALSE) -> 3009,3007,3005 | F21: =VLOOKUP(F4,$B$24:$C$185,2,FALSE) -> 3009,3130,1013,3008 | G21: =VLOOKUP(G4,$B$24:$C$185,2,FALSE) -> 1007 | H21: =VLOOKUP(H4,$B$24:$C$185,2,FALSE) -> 1003,3008,1011 | I21: =VLOOKUP(I4,$B$24:$C$185,2,FALSE) -> 3009,3004 | J21: =VLOOKUP(J4,$B$24:$C$185,2,FALSE) -> 3011 | K21: =VLOOKUP(K4,$B$24:$C$185,2,FALSE) -> 1016,3008,3002 | L21: =VLOOKUP(L4,$B$24:$C$185,2,FALSE) -> 1019,3011 | ... AJ21: =VLOOKUP(AJ4,$B$24:$C$185,2,FALSE) -> #N/A
E22: =VLOOKUP(E5,$B$24:$C$185,2,FALSE) -> 3009,3008,1003,3109 | F22: =VLOOKUP(F5,$B$24:$C$185,2,FALSE) -> 3007 | G22: =VLOOKUP(G5,$B$24:$C$185,2,FALSE) -> 1015,3011 | H22: =VLOOKUP(H5,$B$24:$C$185,2,FALSE) -> 3000,4105,4115,3006 | I22: =VLOOKUP(I5,$B$24:$C$185,2,FALSE) -> 3009,3008,1002,1003 | J22: =VLOOKUP(J5,$B$24:$C$185,2,FALSE) -> 1005,1018,1028,3011 | K22: =VLOOKUP(K5,$B$24:$C$185,2,FALSE) -> 1028,1005,1008,3004 | L22: =VLOOKUP(L5,$B$24:$C$185,2,FALSE) -> 1014,3008,1009,3004 | ... AJ22: =VLOOKUP(AJ5,$B$24:$C$185,2,FALSE) -> #N/A
E23: =VLOOKUP(E6,$B$24:$C$185,2,FALSE) -> 3006,3001 | F23: =VLOOKUP(F6,$B$24:$C$185,2,FALSE) -> 3123,3001 | G23: =VLOOKUP(G6,$B$24:$C$185,2,FALSE) -> 1015,3001 | H23: =VLOOKUP(H6,$B$24:$C$185,2,FALSE) -> 1020,1021,3001 | I23: =VLOOKUP(I6,$B$24:$C$185,2,FALSE) -> 3129,3001 | J23: =VLOOKUP(J6,$B$24:$C$185,2,FALSE) -> 3005,1021,3001 | K23: =VLOOKUP(K6,$B$24:$C$185,2,FALSE) -> 3126,3125,3001 | L23: =VLOOKUP(L6,$B$24:$C$185,2,FALSE) -> 3125,3123,3121,3001 | ... AJ23: =VLOOKUP(AJ6,$B$24:$C$185,2,FALSE) -> #N/A
B24: id | C24: Stuffs | E24: =VLOOKUP(E7,$B$24:$C$185,2,FALSE) -> 290,292,244 | F24: =VLOOKUP(F7,$B$24:$C$185,2,FALSE) -> 294,265,207 | G24: =VLOOKUP(G7,$B$24:$C$185,2,FALSE) -> 251,287,257 | H24: =VLOOKUP(H7,$B$24:$C$185,2,FALSE) -> 290,225,286 | I24: =VLOOKUP(I7,$B$24:$C$185,2,FALSE) -> 267,261,286 | J24: =VLOOKUP(J7,$B$24:$C$185,2,FALSE) -> 284,291,286 | K24: =VLOOKUP(K7,$B$24:$C$185,2,FALSE) -> 263,255,210 | L24: =VLOOKUP(L7,$B$24:$C$185,2,FALSE) -> 236,259,250 | ... AJ24: =VLOOKUP(AJ7,$B$24:$C$185,2,FALSE) -> #N/A
B25: 3009 | C25: 1020 | E25: =VLOOKUP(E8,$B$24:$C$185,2,FALSE) -> 238,276,214 | F25: =VLOOKUP(F8,$B$24:$C$185,2,FALSE) -> 221,276,214 | G25: =VLOOKUP(G8,$B$24:$C$185,2,FALSE) -> 1613,213,246 | H25: =VLOOKUP(H8,$B$24:$C$185,2,FALSE) -> 1612,211,1612 | I25: =VLOOKUP(I8,$B$24:$C$185,2,FALSE) -> 204,204 | J25: =VLOOKUP(J8,$B$24:$C$185,2,FALSE) -> 271,278,214 | K25: =VLOOKUP(K8,$B$24:$C$185,2,FALSE) -> 1651,227,299 | L25: =VLOOKUP(L8,$B$24:$C$185,2,FALSE) -> 1651,223,301 | ... AJ25: =VLOOKUP(AJ8,$B$24:$C$185,2,FALSE) -> 272,279,234
B26: 3010 | C26: 1024 | E26: =VLOOKUP(E9,$B$24:$C$185,2,FALSE) -> 298,274 | F26: =VLOOKUP(F9,$B$24:$C$185,2,FALSE) -> 1600,220,257 | G26: =VLOOKUP(G9,$B$24:$C$185,2,FALSE) -> 1600,229,205,284 | H26: =VLOOKUP(H9,$B$24:$C$185,2,FALSE) -> 1600,218,299,212 | I26: =VLOOKUP(I9,$B$24:$C$185,2,FALSE) -> 1600,260,261,253 | J26: =VLOOKUP(J9,$B$24:$C$185,2,FALSE) -> 104,222,274 | K26: =VLOOKUP(K9,$B$24:$C$185,2,FALSE) -> 1605,259,237,239 | L26: =VLOOKUP(L9,$B$24:$C$185,2,FALSE) -> 1605,275,299 | ... AJ26: =VLOOKUP(AJ9,$B$24:$C$185,2,FALSE) -> #N/A
B27: 3011 | C27: 216 | E27: =VLOOKUP(E10,$B$24:$C$185,2,FALSE) -> 1020 | F27: =VLOOKUP(F10,$B$24:$C$185,2,FALSE) -> 1024 | G27: =VLOOKUP(G10,$B$24:$C$185,2,FALSE) -> 216 | H27: =VLOOKUP(H10,$B$24:$C$185,2,FALSE) -> #N/A | I27: =VLOOKUP(I10,$B$24:$C$185,2,FALSE) -> #N/A | J27: =VLOOKUP(J10,$B$24:$C$185,2,FALSE) -> #N/A | K27: =VLOOKUP(K10,$B$24:$C$185,2,FALSE) -> #N/A | L27: =VLOOKUP(L10,$B$24:$C$185,2,FALSE) -> #N/A | ... AJ27: =VLOOKUP(AJ10,$B$24:$C$185,2,FALSE) -> #N/A
B28: 3012 | C28: 1028 | E28: =VLOOKUP(E11,$B$24:$C$185,2,FALSE) -> 102 | F28: =VLOOKUP(F11,$B$24:$C$185,2,FALSE) -> 104 | G28: =VLOOKUP(G11,$B$24:$C$185,2,FALSE) -> 101 | H28: =VLOOKUP(H11,$B$24:$C$185,2,FALSE) -> #N/A | I28: =VLOOKUP(I11,$B$24:$C$185,2,FALSE) -> #N/A | J28: =VLOOKUP(J11,$B$24:$C$185,2,FALSE) -> #N/A | K28: =VLOOKUP(K11,$B$24:$C$185,2,FALSE) -> #N/A | L28: =VLOOKUP(L11,$B$24:$C$185,2,FALSE) -> #N/A | ... AJ28: =VLOOKUP(AJ11,$B$24:$C$185,2,FALSE) -> #N/A
B29: 3013 | C29: 1001,3002 | E29: =VLOOKUP(E12,$B$24:$C$185,2,FALSE) -> 283 | F29: =VLOOKUP(F12,$B$24:$C$185,2,FALSE) -> #N/A | G29: =VLOOKUP(G12,$B$24:$C$185,2,FALSE) -> #N/A | H29: =VLOOKUP(H12,$B$24:$C$185,2,FALSE) -> #N/A | I29: =VLOOKUP(I12,$B$24:$C$185,2,FALSE) -> #N/A | J29: =VLOOKUP(J12,$B$24:$C$185,2,FALSE) -> #N/A | K29: =VLOOKUP(K12,$B$24:$C$185,2,FALSE) -> #N/A | L29: =VLOOKUP(L12,$B$24:$C$185,2,FALSE) -> #N/A | ... AJ29: =VLOOKUP(AJ12,$B$24:$C$185,2,FALSE) -> #N/A
B30: 3014 | C30: 1002,1005,1009,1006 | E30: =VLOOKUP(E13,$B$24:$C$185,2,FALSE) -> #N/A | F30: =VLOOKUP(F13,$B$24:$C$185,2,FALSE) -> #N/A | G30: =VLOOKUP(G13,$B$24:$C$185,2,FALSE) -> #N/A | H30: =VLOOKUP(H13,$B$24:$C$185,2,FALSE) -> #N/A | I30: =VLOOKUP(I13,$B$24:$C$185,2,FALSE) -> #N/A | J30: =VLOOKUP(J13,$B$24:$C$185,2,FALSE) -> #N/A | K30: =VLOOKUP(K13,$B$24:$C$185,2,FALSE) -> #N/A | L30: =VLOOKUP(L13,$B$24:$C$185,2,FALSE) -> #N/A | ... AJ30: =VLOOKUP(AJ13,$B$24:$C$185,2,FALSE) -> #N/A
B31: 3015 | C31: 3112,1002,1006,1008 | E31: =VLOOKUP(E14,$B$24:$C$185,2,FALSE) -> 203 | F31: =VLOOKUP(F14,$B$24:$C$185,2,FALSE) -> #N/A | G31: =VLOOKUP(G14,$B$24:$C$185,2,FALSE) -> #N/A | H31: =VLOOKUP(H14,$B$24:$C$185,2,FALSE) -> #N/A | I31: =VLOOKUP(I14,$B$24:$C$185,2,FALSE) -> #N/A | J31: =VLOOKUP(J14,$B$24:$C$185,2,FALSE) -> #N/A | K31: =VLOOKUP(K14,$B$24:$C$185,2,FALSE) -> #N/A | L31: =VLOOKUP(L14,$B$24:$C$185,2,FALSE) -> #N/A | ... AJ31: =VLOOKUP(AJ14,$B$24:$C$185,2,FALSE) -> #N/A
B32: 3016 | C32: 1004,3002 | E32: =VLOOKUP(E15,$B$24:$C$185,2,FALSE) -> 283 | F32: =VLOOKUP(F15,$B$24:$C$185,2,FALSE) -> 203 | G32: =VLOOKUP(G15,$B$24:$C$185,2,FALSE) -> #N/A | H32: =VLOOKUP(H15,$B$24:$C$185,2,FALSE) -> #N/A | I32: =VLOOKUP(I15,$B$24:$C$185,2,FALSE) -> #N/A | J32: =VLOOKUP(J15,$B$24:$C$185,2,FALSE) -> #N/A | K32: =VLOOKUP(K15,$B$24:$C$185,2,FALSE) -> #N/A | L32: =VLOOKUP(L15,$B$24:$C$185,2,FALSE) -> #N/A | ... AJ32: =VLOOKUP(AJ15,$B$24:$C$185,2,FALSE) -> #N/A
B33: 3017 | C33: 3009,3008,1003,3109 | E33: =VLOOKUP(E16,$B$24:$C$185,2,FALSE) -> 296,296,297 | F33: =VLOOKUP(F16,$B$24:$C$185,2,FALSE) -> 298,298,297 | G33: =VLOOKUP(G16,$B$24:$C$185,2,FALSE) -> #N/A | H33: =VLOOKUP(H16,$B$24:$C$185,2,FALSE) -> #N/A | I33: =VLOOKUP(I16,$B$24:$C$185,2,FALSE) -> #N/A | J33: =VLOOKUP(J16,$B$24:$C$185,2,FALSE) -> #N/A | K33: =VLOOKUP(K16,$B$24:$C$185,2,FALSE) -> #N/A | L33: =VLOOKUP(L16,$B$24:$C$185,2,FALSE) -> #N/A | ... AJ33: =VLOOKUP(AJ16,$B$24:$C$185,2,FALSE) -> #N/A
B34: 3018 | C34: 3009,3007,3005
B35: 3019 | C35: 3009,3130,1013,3008 | E35: 1001,3002 | F35: 1002,1005,1009,1006 | G35: 3112,1002,1006,1008 | H35: 1004,3002 | I35: 1006,3002 | J35: 3113,3000 | K35: 3112,1008,3114,3130 | L35: 3112,3166,1011,3130 | M35: 3000,4021,3113 | N35: 3153,3000 | O35: 4021 | P35: 4112 | Q35: 4109 | R35: 4116 | S35: 3164,3134,1006,4015
B36: 3020 | C36: 1006,3002 | E36: 1001,1006,1004,1005 | F36: 1010 | G36: 1012 | H36: 1022 | I36: 1023 | J36: 1025 | K36: 1026 | L36: 1019 | M36: 3006 | N36: 1028 | O36: 3006,3125 | P36: 1026,1025,3005 | Q36: 3010,3006,3004 | R36: 3010,3004 | S36: 200,207
B37: 3021 | C37: 1007 | E37: 3009,3007,3005 | F37: 3009,3130,1013,3008 | G37: 1007 | H37: 1003,3008,1011 | I37: 3009,3004 | J37: 3011 | K37: 1016,3008,3002 | L37: 1019,3011 | M37: 1027,3005 | N37: 1013,1016,1003,3002 | O37: 1017 | P37: 4006,3002 | Q37: 4009,3002 | R37: 4015,3002 | S37: 4016,3003 | T37: 4017,3002 | U37: 4021,3002 | V37: 4100,3003 | W37: 4101,3003 | X37: 4103,3003 | Y37: 4106,3003 | Z37: 4109,3003 | AA37: 4111,3003 | AB37: 4112,3003 | AC37: 4113,3003 | AD37: 4115,3003
B38: 3022 | C38: 3007 | E38: 3009,3008,1003,3109 | F38: 3007 | G38: 1015,3011 | H38: 3000,4105,4115,3006 | I38: 3009,3008,1002,1003 | J38: 1005,1018,1028,3011 | K38: 1028,1005,1008,3004 | L38: 1014,3008,1009,3004 | M38: 4116,3003 | N38: 4007,3004 | O38: 1018,3004,4100,4113 | P38: 4000,1014,3004,1017 | Q38: 4006,1027 | R38: 4105,3007,3011 | S38: 4111,1004 | T38: 4113,1011,1009,1007
B39: 3023 | C39: 1003,3008,1011 | E39: 3006,3001 | F39: 3123,3001 | G39: 1015,3001 | H39: 1020,1021,3001 | I39: 3129,3001 | J39: 3005,1021,3001 | K39: 3126,3125,3001 | L39: 3125,3123,3121,3001 | M39: 3122,3124,3127,3001
B40: 3024 | C40: 3113,3000 | E40: 290,292,244 | F40: 294,265,207 | G40: 251,287,257 | H40: 290,225,286 | I40: 267,261,286 | J40: 284,291,286 | K40: 263,255,210 | L40: 236,259,250 | M40: 285,278,281 | N40: 288,256,240 | O40: 293,289,254 | P40: 224,269,291
B41: 3025 | C41: 3009,3004 | E41: 238,276,214 | F41: 221,276,214 | G41: 1613,213,246 | H41: 1612,211,1612 | I41: 204,204 | J41: 271,278,214 | K41: 1651,227,299 | L41: 1651,223,301 | M41: 272,228,204 | N41: 273,278,271 | O41: 264,204,255,246 | P41: 1650,208,224 | Q41: 1651,242,247,241 | R41: 204,214,228 | S41: 1650,232,282 | T41: 1656,279,234,247 | U41: 248,1650,245,285 | V41: 204,302,278 | W41: 271,222,278 | X41: 1701,273,238 | Y41: 1700,301,214 | Z41: 1701,234,223,279 | AA41: 1700,280,232,272 | AB41: 1700,281,251,282 | AC41: 224,1704,264,258 | AD41: 1703,282,232,267 | AE41: 105,204 | AF41: 1800,285 | AG41: 204,286,256 | AH41: 272,248,224 | AI41: 272,228,251 | AJ41: 272,279,234
B42: 3026 | C42: 3011 | E42: 298,274 | F42: 1600,220,257 | G42: 1600,229,205,284 | H42: 1600,218,299,212 | I42: 1600,260,261,253 | J42: 104,222,274 | K42: 1605,259,237,239 | L42: 1605,275,299 | M42: 1605,227,240,232 | N42: 237,274,256,285 | O42: 269,1605,264,208 | P42: 299,274,241 | Q42: 1609,254,211 | R42: 1609,259,258,263 | S42: 1609,253,260,267 | T42: 270,225,239,1614 | U42: 245,255,268,1615 | V42: 298,205 | W42: 1654,250,229,286 | X42: 202,1654,210 | Y42: 1654,274,299,218 | Z42: 298,210,202 | AA42: 1702,275,240,299 | AB42: 298,271 | AC42: 1803,241,213 | AD42: 1804,288,247
B43: 3027 | C43: 1016,3008,3002 | E43: 1020 | F43: 1024 | G43: 216
B44: 3028 | C44: 3112,1008,3114,3130 | E44: 102 | F44: 104 | G44: 101
B45: 3029 | C45: 3112,3166,1011,3130 | E45: 283
B46: 3030 | C46: 1015,3011
B47: 3031 | C47: 3000,4105,4115,3006 | E47: 203
B48: 3032 | C48: 1019,3011 | E48: 283 | F48: 203
B49: 3033 | C49: 1001,1006,1004,1005 | E49: 296,296,297 | F49: 298,298,297
B50: 3034 | C50: 1010
B51: 3035 | C51: 1012
B52: 3036 | C52: 1022
B53: 3037 | C53: 1023 | G53: oo | H53: oo | I53: oo
B54: 3038 | C54: 1025 | H54: 101 | I54: 5010 | J54: =IF(H54<>H55,1,0) -> 1 | K54: =IF(H54<>H53,I54,K53&","&I54) -> 5010 | M54: 101 | N54: 5010 | O54: 1 | P54: 5010
B55: 3039 | C55: 1026 | H55: 102 | I55: 5010 | J55: =IF(H55<>H56,1,0) -> 1 | K55: =IF(H55<>H54,I55,K54&","&I55) -> 5010 | M55: 102 | N55: 5010 | O55: 1 | P55: 5010
B56: 3040 | C56: 1019 | H56: 104 | I56: 5008 | J56: =IF(H56<>H57,1,0) -> 0 | K56: =IF(H56<>H55,I56,K55&","&I56) -> 5008 | M56: 104 | N56: 5010 | O56: 1 | P56: 5008,5010
B57: 3041 | C57: 1027,3005 | H57: 104 | I57: 5010 | J57: =IF(H57<>H58,1,0) -> 1 | K57: =IF(H57<>H56,I57,K56&","&I57) -> 5008,5010 | M57: 105 | N57: 5007 | O57: 1 | P57: 5007
B58: 3042 | C58: 3006 | H58: 105 | I58: 5007 | J58: =IF(H58<>H59,1,0) -> 1 | K58: =IF(H58<>H57,I58,K57&","&I58) -> 5007 | M58: 200 | N58: 5002 | O58: 1 | P58: 5002
B59: 3043 | C59: 3006,3001 | H59: 200 | I59: 5002 | J59: =IF(H59<>H60,1,0) -> 1 | K59: =IF(H59<>H58,I59,K58&","&I59) -> 5002 | M59: 202 | N59: 5008 | O59: 1 | P59: 5008
B60: 3044 | C60: 1013,1016,1003,3002 | H60: 202 | I60: 5008 | J60: =IF(H60<>H61,1,0) -> 1 | K60: =IF(H60<>H59,I60,K59&","&I60) -> 5008 | M60: 203 | N60: 5014 | O60: 1 | P60: 5013,5014
B61: 3045 | C61: 3009,3008,1002,1003 | H61: 203 | I61: 5013 | J61: =IF(H61<>H62,1,0) -> 0 | K61: =IF(H61<>H60,I61,K60&","&I61) -> 5013 | M61: 204 | N61: 5007 | O61: 1 | P61: 5007
B62: 3046 | C62: 1005,1018,1028,3011 | H62: 203 | I62: 5014 | J62: =IF(H62<>H63,1,0) -> 1 | K62: =IF(H62<>H61,I62,K61&","&I62) -> 5013,5014 | M62: 205 | N62: 5008 | O62: 1 | P62: 5008
B63: 3047 | C63: 1017 | H63: 204 | I63: 5007 | J63: =IF(H63<>H64,1,0) -> 1 | K63: =IF(H63<>H62,I63,K62&","&I63) -> 5007 | M63: 207 | N63: 5006 | O63: 1 | P63: 5002,5006
B64: 3048 | C64: 1028,1005,1008,3004 | H64: 205 | I64: 5008 | J64: =IF(H64<>H65,1,0) -> 1 | K64: =IF(H64<>H63,I64,K63&","&I64) -> 5008 | M64: 208 | N64: 5008 | O64: 1 | P64: 5007,5008
B65: 3049 | C65: 1014,3008,1009,3004 | H65: 207 | I65: 5002 | J65: =IF(H65<>H66,1,0) -> 0 | K65: =IF(H65<>H64,I65,K64&","&I65) -> 5002 | M65: 210 | N65: 5006 | O65: 1 | P65: 5008,5006
B66: 3050 | C66: 3006,3125 | H66: 207 | I66: 5006 | J66: =IF(H66<>H67,1,0) -> 1 | K66: =IF(H66<>H65,I66,K65&","&I66) -> 5002,5006 | M66: 211 | N66: 5008 | O66: 1 | P66: 5007,5008
B67: 3051 | C67: 1026,1025,3005 | H67: 208 | I67: 5007 | J67: =IF(H67<>H68,1,0) -> 0 | K67: =IF(H67<>H66,I67,K66&","&I67) -> 5007 | M67: 212 | N67: 5008 | O67: 1 | P67: 5008
B68: 3052 | C68: 3000,4021,3113 | H68: 208 | I68: 5008 | J68: =IF(H68<>H69,1,0) -> 1 | K68: =IF(H68<>H67,I68,K67&","&I68) -> 5007,5008 | M68: 213 | N68: 5008 | O68: 1 | P68: 5007,5008
B69: 3053 | C69: 3010,3006,3004 | H69: 210 | I69: 5008 | J69: =IF(H69<>H70,1,0) -> 0 | K69: =IF(H69<>H68,I69,K68&","&I69) -> 5008 | M69: 214 | N69: 5007 | O69: 1 | P69: 5007
B70: 3054 | C70: 3010,3004 | H70: 210 | I70: 5006 | J70: =IF(H70<>H71,1,0) -> 1 | K70: =IF(H70<>H69,I70,K69&","&I70) -> 5008,5006 | M70: 216 | N70: 5009 | O70: 1 | P70: 5009
B71: 3055 | C71: 3123,3001 | H71: 211 | I71: 5007 | J71: =IF(H71<>H72,1,0) -> 0 | K71: =IF(H71<>H70,I71,K70&","&I71) -> 5007 | M71: 218 | N71: 5008 | O71: 1 | P71: 5008
B72: 3056 | C72: 1015,3001 | H72: 211 | I72: 5008 | J72: =IF(H72<>H73,1,0) -> 1 | K72: =IF(H72<>H71,I72,K71&","&I72) -> 5007,5008 | M72: 220 | N72: 5008 | O72: 1 | P72: 5008
B73: 3057 | C73: 1020,1021,3001 | H73: 212 | I73: 5008 | J73: =IF(H73<>H74,1,0) -> 1 | K73: =IF(H73<>H72,I73,K72&","&I73) -> 5008 | M73: 221 | N73: 5007 | O73: 1 | P73: 5007
B74: 3058 | C74: 3129,3001 | H74: 213 | I74: 5007 | J74: =IF(H74<>H75,1,0) -> 0 | K74: =IF(H74<>H73,I74,K73&","&I74) -> 5007 | M74: 222 | N74: 5008 | O74: 1 | P74: 5007,5008
B75: 3059 | C75: 3005,1021,3001 | H75: 213 | I75: 5008 | J75: =IF(H75<>H76,1,0) -> 1 | K75: =IF(H75<>H74,I75,K74&","&I75) -> 5007,5008 | M75: 223 | N75: 5007 | O75: 1 | P75: 5007
B76: 3060 | C76: 3126,3125,3001 | H76: 214 | I76: 5007 | J76: =IF(H76<>H77,1,0) -> 1 | K76: =IF(H76<>H75,I76,K75&","&I76) -> 5007 | M76: 224 | N76: 5007 | O76: 1 | P76: 5006,5007
B77: 3061 | C77: 3125,3123,3121,3001 | H77: 216 | I77: 5009 | J77: =IF(H77<>H78,1,0) -> 1 | K77: =IF(H77<>H76,I77,K76&","&I77) -> 5009 | M77: 225 | N77: 5008 | O77: 1 | P77: 5006,5008
B78: 3062 | C78: 3122,3124,3127,3001 | H78: 218 | I78: 5008 | J78: =IF(H78<>H79,1,0) -> 1 | K78: =IF(H78<>H77,I78,K77&","&I78) -> 5008 | M78: 227 | N78: 5008 | O78: 1 | P78: 5007,5008
B79: 3063 | C79: 4006,3002 | H79: 220 | I79: 5008 | J79: =IF(H79<>H80,1,0) -> 1 | K79: =IF(H79<>H78,I79,K78&","&I79) -> 5008 | M79: 228 | N79: 5007 | O79: 1 | P79: 5007
B80: 3064 | C80: 4009,3002 | H80: 221 | I80: 5007 | J80: =IF(H80<>H81,1,0) -> 1 | K80: =IF(H80<>H79,I80,K79&","&I80) -> 5007 | M80: 229 | N80: 5008 | O80: 1 | P80: 5008
B81: 3065 | C81: 4015,3002 | H81: 222 | I81: 5007 | J81: =IF(H81<>H82,1,0) -> 0 | K81: =IF(H81<>H80,I81,K80&","&I81) -> 5007 | M81: 232 | N81: 5008 | O81: 1 | P81: 5007,5008
B82: 3066 | C82: 4016,3003 | H82: 222 | I82: 5008 | J82: =IF(H82<>H83,1,0) -> 1 | K82: =IF(H82<>H81,I82,K81&","&I82) -> 5007,5008 | M82: 234 | N82: 5007 | O82: 1 | P82: 5007
B83: 3067 | C83: 4017,3002 | H83: 223 | I83: 5007 | J83: =IF(H83<>H84,1,0) -> 1 | K83: =IF(H83<>H82,I83,K82&","&I83) -> 5007 | M83: 236 | N83: 5006 | O83: 1 | P83: 5006
B84: 3068 | C84: 4021,3002 | H84: 224 | I84: 5006 | J84: =IF(H84<>H85,1,0) -> 0 | K84: =IF(H84<>H83,I84,K83&","&I84) -> 5006 | M84: 237 | N84: 5008 | O84: 1 | P84: 5008
B85: 3069 | C85: 4100,3003 | H85: 224 | I85: 5007 | J85: =IF(H85<>H86,1,0) -> 1 | K85: =IF(H85<>H84,I85,K84&","&I85) -> 5006,5007 | M85: 238 | N85: 5007 | O85: 1 | P85: 5007
B86: 3070 | C86: 4101,3003 | H86: 225 | I86: 5006 | J86: =IF(H86<>H87,1,0) -> 0 | K86: =IF(H86<>H85,I86,K85&","&I86) -> 5006 | M86: 239 | N86: 5008 | O86: 1 | P86: 5008
B87: 3071 | C87: 4103,3003 | H87: 225 | I87: 5008 | J87: =IF(H87<>H88,1,0) -> 1 | K87: =IF(H87<>H86,I87,K86&","&I87) -> 5006,5008 | M87: 240 | N87: 5008 | O87: 1 | P87: 5006,5008
B88: 3072 | C88: 4106,3003 | H88: 227 | I88: 5007 | J88: =IF(H88<>H89,1,0) -> 0 | K88: =IF(H88<>H87,I88,K87&","&I88) -> 5007 | M88: 241 | N88: 5007 | O88: 1 | P88: 5008,5007
B89: 3073 | C89: 4109,3003 | H89: 227 | I89: 5008 | J89: =IF(H89<>H90,1,0) -> 1 | K89: =IF(H89<>H88,I89,K88&","&I89) -> 5007,5008 | M89: 242 | N89: 5007 | O89: 1 | P89: 5007
B90: 3074 | C90: 4111,3003 | H90: 228 | I90: 5007 | J90: =IF(H90<>H91,1,0) -> 1 | K90: =IF(H90<>H89,I90,K89&","&I90) -> 5007 | M90: 244 | N90: 5006 | O90: 1 | P90: 5006
B91: 3075 | C91: 4112,3003 | H91: 229 | I91: 5008 | J91: =IF(H91<>H92,1,0) -> 1 | K91: =IF(H91<>H90,I91,K90&","&I91) -> 5008 | M91: 245 | N91: 5007 | O91: 1 | P91: 5008,5007
B92: 3076 | C92: 4113,3003 | H92: 232 | I92: 5007 | J92: =IF(H92<>H93,1,0) -> 0 | K92: =IF(H92<>H91,I92,K91&","&I92) -> 5007 | M92: 246 | N92: 5007 | O92: 1 | P92: 5007
B93: 3077 | C93: 4115,3003 | H93: 232 | I93: 5008 | J93: =IF(H93<>H94,1,0) -> 1 | K93: =IF(H93<>H92,I93,K92&","&I93) -> 5007,5008 | M93: 247 | N93: 5008 | O93: 1 | P93: 5007,5008
B94: 3078 | C94: 4116,3003 | H94: 234 | I94: 5007 | J94: =IF(H94<>H95,1,0) -> 1 | K94: =IF(H94<>H93,I94,K93&","&I94) -> 5007 | M94: 248 | N94: 5007 | O94: 1 | P94: 5007
B95: 3079 | C95: 4007,3004 | H95: 236 | I95: 5006 | J95: =IF(H95<>H96,1,0) -> 1 | K95: =IF(H95<>H94,I95,K94&","&I95) -> 5006 | M95: 250 | N95: 5006 | O95: 1 | P95: 5008,5006
B96: 3080 | C96: 1018,3004,4100,4113 | H96: 237 | I96: 5008 | J96: =IF(H96<>H97,1,0) -> 1 | K96: =IF(H96<>H95,I96,K95&","&I96) -> 5008 | M96: 251 | N96: 5007 | O96: 1 | P96: 5006,5007
B97: 3081 | C97: 3153,3000 | H97: 238 | I97: 5007 | J97: =IF(H97<>H98,1,0) -> 1 | K97: =IF(H97<>H96,I97,K96&","&I97) -> 5007 | M97: 253 | N97: 5008 | O97: 1 | P97: 5008
B98: 3082 | C98: 4000,1014,3004,1017 | H98: 239 | I98: 5008 | J98: =IF(H98<>H99,1,0) -> 1 | K98: =IF(H98<>H97,I98,K97&","&I98) -> 5008 | M98: 254 | N98: 5006 | O98: 1 | P98: 5008,5006
B99: 3083 | C99: 4006,1027 | H99: 240 | I99: 5006 | J99: =IF(H99<>H100,1,0) -> 0 | K99: =IF(H99<>H98,I99,K98&","&I99) -> 5006 | M99: 255 | N99: 5007 | O99: 1 | P99: 5006,5008,5007
B100: 3084 | C100: 4021 | H100: 240 | I100: 5008 | J100: =IF(H100<>H101,1,0) -> 1 | K100: =IF(H100<>H99,I100,K99&","&I100) -> 5006,5008 | M100: 256 | N100: 5008 | O100: 1 | P100: 5006,5007,5008
B101: 3085 | C101: 4105,3007,3011 | H101: 241 | I101: 5008 | J101: =IF(H101<>H102,1,0) -> 0 | K101: =IF(H101<>H100,I101,K100&","&I101) -> 5008 | M101: 257 | N101: 5008 | O101: 1 | P101: 5006,5008
B102: 3086 | C102: 4111,1004 | H102: 241 | I102: 5007 | J102: =IF(H102<>H103,1,0) -> 1 | K102: =IF(H102<>H101,I102,K101&","&I102) -> 5008,5007 | M102: 258 | N102: 5007 | O102: 1 | P102: 5008,5007
B103: 3087 | C103: 4112 | H103: 242 | I103: 5007 | J103: =IF(H103<>H104,1,0) -> 1 | K103: =IF(H103<>H102,I103,K102&","&I103) -> 5007 | M103: 259 | N103: 5008 | O103: 1 | P103: 5006,5008
...

Sheet 材料
H2: 1 | I2: 史莱姆掉落 | J2: 4001 | K2: 0 | L2: 纯净之水 | M2: 25 | O2: 1 | P2: 纯净水 | R2: =O2*O2*2+4*O2+19 -> 25
H3: 1 | I3: 史莱姆掉落 | J3: 4001 | K3: 0 | L3: 芜菁种子 | M3: 25 | O3: 1 | P3: 芜菁种子 | R3: =O3*O3*2+4*O3+19 -> 25
H4: 1 | I4: 抱石溪蛙掉落 | J4: 4100 | K4: 0 | L4: 石块 | O4: 1 | P4: 石块 | R4: =O4*O4*2+4*O4+19 -> 25
H5: 1 | I5: 抱石溪蛙掉落 | J5: 4100 | K5: 0 | L5: 纯净之水 | M5: 25 | O5: 2 | P5: 干草 | R5: =O5*O5*2+4*O5+19 -> 35
H6: 2 | I6: 翼耳兽掉落 | J6: 4101 | K6: 0 | L6: 干草 | O6: 2 | P6: 兽角 | R6: =O6*O6*2+4*O6+19 -> 35
H7: 2 | I7: 翼耳兽掉落 | J7: 4101 | K7: 0 | L7: 兽角 | O7: 2 | P7: 龟壳 | R7: =O7*O7*2+4*O7+19 -> 35
H8: 2 | I8: 绿毛龟掉落 | J8: 4102 | K8: 0 | L8: 龟壳 | O8: 2 | P8: 废铁 | R8: =O8*O8*2+4*O8+19 -> 35
H9: 2 | I9: 绿毛龟掉落 | J9: 4102 | K9: 0 | L9: 废铁 | O9: 3 | P9: 兽皮 | R9: =O9*O9*2+4*O9+19 -> 49
H10: 3 | I10: 长颈兽掉落 | J10: 4103 | K10: 0 | L10: 兽皮 | O10: 3 | P10: 焦炭 | R10: =O10*O10*2+4*O10+19 -> 49
H11: 3 | I11: 长颈兽掉落 | J11: 4103 | K11: 0 | L11: 焦炭 | O11: 3 | P11: 布片 | R11: =O11*O11*2+4*O11+19 -> 49
H12: 3 | I12: 哥布林掉落 | J12: 4104 | K12: 0 | L12: 布片 | O12: 3 | P12: 木棒 | R12: =O12*O12*2+4*O12+19 -> 49
H13: 3 | I13: 哥布林掉落 | J13: 4104 | K13: 0 | L13: 木棒 | O13: 4 | P13: 刀刃 | R13: =O13*O13*2+4*O13+19 -> 67
H14: 4 | I14: 豺狼哥布林掉落 | J14: 4105 | K14: 0 | L14: 刀刃 | O14: 4 | P14: 鳞片 | R14: =O14*O14*2+4*O14+19 -> 67
H15: 4 | I15: 忍者龟掉落 | J15: 4106 | K15: 0 | L15: 龟壳 | O15: 8 | P15: 草药茶 | R15: =O15*O15*2+4*O15+19 -> 179
H16: 4 | I16: 史莱克掉落 | J16: 4107 | K16: 0 | L16: 鳞片 | O16: 8 | P16: 武道精华 | R16: =O16*O16*2+4*O16+19 -> 179
H17: 4 | I17: 史莱克掉落 | J17: 4107 | K17: 0 | L17: 兽皮 | O17: 8 | P17: 风晶石 | R17: =O17*O17*2+4*O17+19 -> 179
... H85: 14 | I85: 水族掉落 | J85: 4132 | K85: 0 | L85: 彩色的布 | O85: 36 | P85: 寒冰火种 | R85: =O85*O85*2+4*O85+19 -> 2755
H86: 14 | I86: 海盗鸟掉落 | J86: 4133 | K86: 0 | L86: 彩色羽毛 | P86: 米饭
H87: 14 | I87: 海盗鸟掉落 | J87: 4133 | K87: 0 | L87: 蛛丝 | P87: 发酵粉
H88: 15 | I88: 火烈鸟掉落 | J88: 4134 | K88: 0 | L88: 火晶石 | P88: 盐
H89: 15 | I89: 火烈鸟掉落 | J89: 4134 | K89: 0 | L89: 焦炭 | P89: 酸味香料
H90: 15 | I90: 寄居蟹掉落 | J90: 4135 | K90: 0 | L90: 玻璃瓶 | P90: 蜂蜜
H91: 15 | I91: 寄居蟹掉落 | J91: 4135 | K91: 0 | L91: 石英砂 | P91: 牛奶
H92: 16 | I92: 蓝鳄掉落 | J92: 4136 | K92: 0 | L92: 防水皮革 | P92: 鸡蛋
H93: 16 | I93: 蓝鳄掉落 | J93: 4136 | K93: 0 | L93: 废铁 | P93: 猪肉
H94: 16 | I94: 水之精灵掉落 | J94: 4137 | K94: 0 | L94: 水晶石 | P94: 面粉 | R94: 980
H95: 16 | I95: 水之精灵掉落 | J95: 4137 | K95: 0 | L95: 月之光华 | P95: 咖啡粉 | R95: 1300
H96: 20 | I96: 巨齿鲨掉落 | J96: 4138 | K96: 0 | L96: 防水皮革 | P96: 海苔
H97: 20 | I97: 巨齿鲨掉落 | J97: 4138 | K97: 0 | L97: 珊瑚
H98: 20 | I98: 巨齿鲨掉落 | J98: 4138 | K98: 0 | L98: 亡者之土
H99: 20 | I99: 巨齿鲨掉落 | J99: 4138 | K99: 0 | L99: 彩色的布
H100: 20 | I100: 巨齿鲨掉落 | J100: 4138 | K100: 0 | L100: 玻璃瓶
H101: 20 | I101: 巨齿鲨掉落 | J101: 4138 | K101: 0 | L101: 尖刺
H102: 20 | I102: 螺巨人掉落 | J102: 4139 | K102: 0 | L102: 珍珠
H103: 20 | I103: 螺巨人掉落 | J103: 4139 | K103: 0 | L103: 废铁
H104: 20 | I104: 螺巨人掉落 | J104: 4139 | K104: 0 | L104: 星的眼泪
H105: 20 | I105: 螺巨人掉落 | J105: 4139 | K105: 0 | L105: 水晶石
H106: 20 | I106: 螺巨人掉落 | J106: 4139 | K106: 0 | L106: 月之光华
H107: 20 | I107: 螺巨人掉落 | J107: 4139 | K107: 0 | L107: 粘液
H108: 17 | I108: 松鼠掉落 | J108: 4140 | K108: 0 | L108: 焦炭
... H218: 36 | I218: 死神掉落 | J218: 4179 | K218: 0 | L218: 夜之幕

Sheet 食物
O2: 价格 | P2: 调整差额 | Q2: 调整系数 | R2: 最终价格 | U2: 芜菁 | V2: 41
D3: 腌芜菁 | F3: 芜菁 | G3: =IF(F3<>"",VLOOKUP(F3,$U$2:$V$123,2,FALSE),0) -> 41 | H3: 盐 | I3: =IF(H3<>"",VLOOKUP(H3,$U$2:$V$123,2,FALSE),0) -> 25 | K3: =IF(J3<>"",VLOOKUP(J3,$U$2:$V$123,2,FALSE),0) -> 0 | M3: =IF(L3<>"",VLOOKUP(L3,$U$2:$V$123,2,FALSE),0) -> 0 | O3: =G3+I3+K3+M3 -> 66 | P3: =3001-O3 -> 2935 | Q3: =(1-(3000-P3)/3000)*1.2+1.15 -> 2.324 | R3: =O3*Q3 -> 153.384 | U3: 卷心菜 | V3: 43.125
D4: 蔬菜沙拉 | F4: 卷心菜 | G4: =IF(F4<>"",VLOOKUP(F4,$U$2:$V$123,2,FALSE),0) -> 43.125 | H4: 紫甘蓝 | I4: =IF(H4<>"",VLOOKUP(H4,$U$2:$V$123,2,FALSE),0) -> 51.9 | J4: 胡萝卜 | K4: =IF(J4<>"",VLOOKUP(J4,$U$2:$V$123,2,FALSE),0) -> 243.9 | L4: 黄瓜 | M4: =IF(L4<>"",VLOOKUP(L4,$U$2:$V$123,2,FALSE),0) -> 86.5 | O4: =G4+I4+K4+M4 -> 425.425 | P4: =3001-O4 -> 2575.575 | Q4: =(1-(3000-P4)/3000)*1.2+1.15 -> 2.18023 | R4: =O4*Q4 -> 927.52435 | U4: 葱 | V4: 43.125
D5: 三明治 | F5: 面包 | G5: =IF(F5<>"",VLOOKUP(F5,$U$2:$V$123,2,FALSE),0) -> 344.45312 | H5: 卷心菜 | I5: =IF(H5<>"",VLOOKUP(H5,$U$2:$V$123,2,FALSE),0) -> 43.125 | J5: 黄瓜 | K5: =IF(J5<>"",VLOOKUP(J5,$U$2:$V$123,2,FALSE),0) -> 86.5 | L5: 番茄 | M5: =IF(L5<>"",VLOOKUP(L5,$U$2:$V$123,2,FALSE),0) -> 135.5 | O5: =G5+I5+K5+M5 -> 609.57812 | P5: =3001-O5 -> 2391.4219 | Q5: =(1-(3000-P5)/3000)*1.2+1.15 -> 2.1065687 | R5: =O5*Q5 -> 1284.1182 | U5: 萝卜 | V5: 86.5
D6: 腌萝卜 | F6: 萝卜 | G6: =IF(F6<>"",VLOOKUP(F6,$U$2:$V$123,2,FALSE),0) -> 86.5 | H6: 盐 | I6: =IF(H6<>"",VLOOKUP(H6,$U$2:$V$123,2,FALSE),0) -> 25 | K6: =IF(J6<>"",VLOOKUP(J6,$U$2:$V$123,2,FALSE),0) -> 0 | M6: =IF(L6<>"",VLOOKUP(L6,$U$2:$V$123,2,FALSE),0) -> 0 | O6: =G6+I6+K6+M6 -> 111.5 | P6: =3001-O6 -> 2889.5 | Q6: =(1-(3000-P6)/3000)*1.2+1.15 -> 2.3058 | R6: =O6*Q6 -> 257.0967 | U6: 紫甘蓝 | V6: 51.9
D7: 拉面 | F7: 面粉 | G7: =IF(F7<>"",VLOOKUP(F7,$U$2:$V$123,2,FALSE),0) -> 319.45312 | H7: 猪肉 | I7: =IF(H7<>"",VLOOKUP(H7,$U$2:$V$123,2,FALSE),0) -> 405 | J7: 葱 | K7: =IF(J7<>"",VLOOKUP(J7,$U$2:$V$123,2,FALSE),0) -> 43.125 | L7: 水煮蛋 | M7: =IF(L7<>"",VLOOKUP(L7,$U$2:$V$123,2,FALSE),0) -> 180 | O7: =G7+I7+K7+M7 -> 947.57812 | P7: =3001-O7 -> 2053.4219 | Q7: =(1-(3000-P7)/3000)*1.2+1.15 -> 1.9713687 | R7: =O7*Q7 -> 1868.0259 | U7: 黄瓜 | V7: 86.5
D8: 蜂蜜蛋糕 | F8: 面粉 | G8: =IF(F8<>"",VLOOKUP(F8,$U$2:$V$123,2,FALSE),0) -> 319.45312 | H8: 鸡蛋 | I8: =IF(H8<>"",VLOOKUP(H8,$U$2:$V$123,2,FALSE),0) -> 180 | J8: 蜂蜜 | K8: =IF(J8<>"",VLOOKUP(J8,$U$2:$V$123,2,FALSE),0) -> 179 | M8: =IF(L8<>"",VLOOKUP(L8,$U$2:$V$123,2,FALSE),0) -> 0 | O8: =G8+I8+K8+M8 -> 678.45312 | P8: =3001-O8 -> 2322.5469 | Q8: =(1-(3000-P8)/3000)*1.2+1.15 -> 2.0790187 | R8: =O8*Q8 -> 1410.5168 | U8: 西兰花 | V8: 121.95
D9: 披萨 | F9: 面粉 | G9: =IF(F9<>"",VLOOKUP(F9,$U$2:$V$123,2,FALSE),0) -> 319.45312 | H9: 奶酪 | I9: =IF(H9<>"",VLOOKUP(H9,$U$2:$V$123,2,FALSE),0) -> 446.5 | J9: 茄子 | K9: =IF(J9<>"",VLOOKUP(J9,$U$2:$V$123,2,FALSE),0) -> 194.1 | L9: 猪肉 | M9: =IF(L9<>"",VLOOKUP(L9,$U$2:$V$123,2,FALSE),0) -> 405 | O9: =G9+I9+K9+M9 -> 1365.0531 | P9: =3001-O9 -> 1635.9469 | Q9: =(1-(3000-P9)/3000)*1.2+1.15 -> 1.8043787 | R9: =O9*Q9 -> 2463.0729 | U9: 番茄 | V9: 135.5
D10: 腌黄瓜 | F10: 黄瓜 | G10: =IF(F10<>"",VLOOKUP(F10,$U$2:$V$123,2,FALSE),0) -> 86.5 | H10: 盐 | I10: =IF(H10<>"",VLOOKUP(H10,$U$2:$V$123,2,FALSE),0) -> 25 | K10: =IF(J10<>"",VLOOKUP(J10,$U$2:$V$123,2,FALSE),0) -> 0 | M10: =IF(L10<>"",VLOOKUP(L10,$U$2:$V$123,2,FALSE),0) -> 0 | O10: =G10+I10+K10+M10 -> 111.5 | P10: =3001-O10 -> 2889.5 | Q10: =(1-(3000-P10)/3000)*1.2+1.15 -> 2.3058 | R10: =O10*Q10 -> 257.0967 | U10: 胡萝卜 | V10: 243.9
D11: 烤西兰花 | F11: 西兰花 | G11: =IF(F11<>"",VLOOKUP(F11,$U$2:$V$123,2,FALSE),0) -> 121.95 | I11: =IF(H11<>"",VLOOKUP(H11,$U$2:$V$123,2,FALSE),0) -> 0 | K11: =IF(J11<>"",VLOOKUP(J11,$U$2:$V$123,2,FALSE),0) -> 0 | M11: =IF(L11<>"",VLOOKUP(L11,$U$2:$V$123,2,FALSE),0) -> 0 | O11: =G11+I11+K11+M11 -> 121.95 | P11: =3001-O11 -> 2879.05 | Q11: =(1-(3000-P11)/3000)*1.2+1.15 -> 2.30162 | R11: =O11*Q11 -> 280.68256 | U11: 西瓜 | V11: 127.2
D12: 水煮蛋 | F12: 鸡蛋 | G12: =IF(F12<>"",VLOOKUP(F12,$U$2:$V$123,2,FALSE),0) -> 180 | I12: =IF(H12<>"",VLOOKUP(H12,$U$2:$V$123,2,FALSE),0) -> 0 | K12: =IF(J12<>"",VLOOKUP(J12,$U$2:$V$123,2,FALSE),0) -> 0 | M12: =IF(L12<>"",VLOOKUP(L12,$U$2:$V$123,2,FALSE),0) -> 0 | O12: =G12+I12+K12+M12 -> 180 | P12: =3001-O12 -> 2821 | Q12: =(1-(3000-P12)/3000)*1.2+1.15 -> 2.2784 | R12: =O12*Q12 -> 410.112 | U12: 辣椒 | V12: 106
D13: 烤肉串 | F13: 葱 | G13: =IF(F13<>"",VLOOKUP(F13,$U$2:$V$123,2,FALSE),0) -> 43.125 | H13: 猪肉 | I13: =IF(H13<>"",VLOOKUP(H13,$U$2:$V$123,2,FALSE),0) -> 405 | J13: 辣椒 | K13: =IF(J13<>"",VLOOKUP(J13,$U$2:$V$123,2,FALSE),0) -> 106 | M13: =IF(L13<>"",VLOOKUP(L13,$U$2:$V$123,2,FALSE),0) -> 0 | O13: =G13+I13+K13+M13 -> 554.125 | P13: =3001-O13 -> 2446.875 | Q13: =(1-(3000-P13)/3000)*1.2+1.15 -> 2.12875 | R13: =O13*Q13 -> 1179.5936 | U13: 奇异果 | V13: 275.6
D14: 饭团 | F14: 烤海苔 | G14: =IF(F14<>"",VLOOKUP(F14,$U$2:$V$123,2,FALSE),0) -> 121.95 | H14: 米饭 | I14: =IF(H14<>"",VLOOKUP(H14,$U$2:$V$123,2,FALSE),0) -> 30 | K14: =IF(J14<>"",VLOOKUP(J14,$U$2:$V$123,2,FALSE),0) -> 0 | M14: =IF(L14<>"",VLOOKUP(L14,$U$2:$V$123,2,FALSE),0) -> 0 | O14: =G14+I14+K14+M14 -> 151.95 | P14: =3001-O14 -> 2849.05 | Q14: =(1-(3000-P14)/3000)*1.2+1.15 -> 2.28962 | R14: =O14*Q14 -> 347.90776 | U14: 茄子 | V14: 194.1
D15: 面包 | F15: 面粉 | G15: =IF(F15<>"",VLOOKUP(F15,$U$2:$V$123,2,FALSE),0) -> 319.45312 | H15: 纯净水 | I15: =IF(H15<>"",VLOOKUP(H15,$U$2:$V$123,2,FALSE),0) -> 25 | K15: =IF(J15<>"",VLOOKUP(J15,$U$2:$V$123,2,FALSE),0) -> 0 | M15: =IF(L15<>"",VLOOKUP(L15,$U$2:$V$123,2,FALSE),0) -> 0 | O15: =G15+I15+K15+M15 -> 344.45312 | P15: =3001-O15 -> 2656.5469 | Q15: =(1-(3000-P15)/3000)*1.2+1.15 -> 2.2126187 | R15: =O15*Q15 -> 762.14344 | U15: 豌豆 | V15: 339.675
D16: 烤海苔 | F16: 海苔 | G16: =IF(F16<>"",VLOOKUP(F16,$U$2:$V$123,2,FALSE),0) -> 121.95 | I16: =IF(H16<>"",VLOOKUP(H16,$U$2:$V$123,2,FALSE),0) -> 0 | K16: =IF(J16<>"",VLOOKUP(J16,$U$2:$V$123,2,FALSE),0) -> 0 | M16: =IF(L16<>"",VLOOKUP(L16,$U$2:$V$123,2,FALSE),0) -> 0 | O16: =G16+I16+K16+M16 -> 121.95 | P16: =3001-O16 -> 2879.05 | Q16: =(1-(3000-P16)/3000)*1.2+1.15 -> 2.30162 | R16: =O16*Q16 -> 280.68256 | U16: 土豆 | V16: 226.45
D17: 烤肉饼 | F17: 大蒜 | G17: =IF(F17<>"",VLOOKUP(F17,$U$2:$V$123,2,FALSE),0) -> 429.75 | H17: 猪肉 | I17: =IF(H17<>"",VLOOKUP(H17,$U$2:$V$123,2,FALSE),0) -> 405 | J17: 盐 | K17: =IF(J17<>"",VLOOKUP(J17,$U$2:$V$123,2,FALSE),0) -> 25 | M17: =IF(L17<>"",VLOOKUP(L17,$U$2:$V$123,2,FALSE),0) -> 0 | O17: =G17+I17+K17+M17 -> 859.75 | P17: =3001-O17 -> 2141.25 | Q17: =(1-(3000-P17)/3000)*1.2+1.15 -> 2.0065 | R17: =O17*Q17 -> 1725.0884 | U17: 大蒜 | V17: 429.75
D18: 汉堡 | F18: 面包 | G18: =IF(F18<>"",VLOOKUP(F18,$U$2:$V$123,2,FALSE),0) -> 344.45312 | H18: 番茄 | I18: =IF(H18<>"",VLOOKUP(H18,$U$2:$V$123,2,FALSE),0) -> 135.5 | J18: 烤肉饼 | K18: =IF(J18<>"",VLOOKUP(J18,$U$2:$V$123,2,FALSE),0) -> 859.75 | L18: 奶酪 | M18: =IF(L18<>"",VLOOKUP(L18,$U$2:$V$123,2,FALSE),0) -> 446.5 | O18: =G18+I18+K18+M18 -> 1786.2031 | P18: =3001-O18 -> 1214.7969 | Q18: =(1-(3000-P18)/3000)*1.2+1.15 -> 1.6359187 | R18: =O18*Q18 -> 2922.0832 | U18: 芦笋 | V18: 382
D19: 辣蟹堡 | F19: 面包 | G19: =IF(F19<>"",VLOOKUP(F19,$U$2:$V$123,2,FALSE),0) -> 344.45312 | H19: 煮蟹肉 | I19: =IF(H19<>"",VLOOKUP(H19,$U$2:$V$123,2,FALSE),0) -> 0 | J19: 辣椒 | K19: =IF(J19<>"",VLOOKUP(J19,$U$2:$V$123,2,FALSE),0) -> 106 | L19: 奶酪 | M19: =IF(L19<>"",VLOOKUP(L19,$U$2:$V$123,2,FALSE),0) -> 446.5 | O19: =G19+I19+K19+M19 -> 896.95312 | P19: =3001-O19 -> 2104.0469 | Q19: =(1-(3000-P19)/3000)*1.2+1.15 -> 1.9916187 | R19: =O19*Q19 -> 1786.3887 | U19: 南瓜 | V19: 358.125
D20: 土豆泥 | F20: 土豆 | G20: =IF(F20<>"",VLOOKUP(F20,$U$2:$V$123,2,FALSE),0) -> 226.45 | H20: 黄油 | I20: =IF(H20<>"",VLOOKUP(H20,$U$2:$V$123,2,FALSE),0) -> 360 | K20: =IF(J20<>"",VLOOKUP(J20,$U$2:$V$123,2,FALSE),0) -> 0 | M20: =IF(L20<>"",VLOOKUP(L20,$U$2:$V$123,2,FALSE),0) -> 0 | O20: =G20+I20+K20+M20 -> 586.45 | P20: =3001-O20 -> 2414.55 | Q20: =(1-(3000-P20)/3000)*1.2+1.15 -> 2.11582 | R20: =O20*Q20 -> 1240.8226 | U20: 玉米 | V20: 408.9
D21: 海鲜饭 | F21: 米饭 | G21: =IF(F21<>"",VLOOKUP(F21,$U$2:$V$123,2,FALSE),0) -> 30 | H21: 章鱼 | I21: =IF(H21<>"",VLOOKUP(H21,$U$2:$V$123,2,FALSE),0) -> 318.4 | J21: 龙虾 | K21: =IF(J21<>"",VLOOKUP(J21,$U$2:$V$123,2,FALSE),0) -> 1942 | L21: 牛奶 | M21: =IF(L21<>"",VLOOKUP(L21,$U$2:$V$123,2,FALSE),0) -> 360 | O21: =G21+I21+K21+M21 -> 2650.4 | P21: =3001-O21 -> 350.6 | Q21: =(1-(3000-P21)/3000)*1.2+1.15 -> 1.29024 | R21: =O21*Q21 -> 3419.6521 | U21: 大麦 | V21: 319.45312
D22: 烤玉米 | F22: 玉米 | G22: =IF(F22<>"",VLOOKUP(F22,$U$2:$V$123,2,FALSE),0) -> 408.9 | H22: 黄油 | I22: =IF(H22<>"",VLOOKUP(H22,$U$2:$V$123,2,FALSE),0) -> 360 | K22: =IF(J22<>"",VLOOKUP(J22,$U$2:$V$123,2,FALSE),0) -> 0 | M22: =IF(L22<>"",VLOOKUP(L22,$U$2:$V$123,2,FALSE),0) -> 0 | O22: =G22+I22+K22+M22 -> 768.9 | P22: =3001-O22 -> 2232.1 | Q22: =(1-(3000-P22)/3000)*1.2+1.15 -> 2.04284 | R22: =O22*Q22 -> 1570.7397 | U22: 啤酒花 | V22: 340.75
D23: 蔬菜汁 | F23: 芜菁 | G23: =IF(F23<>"",VLOOKUP(F23,$U$2:$V$123,2,FALSE),0) -> 41 | H23: 黄瓜 | I23: =IF(H23<>"",VLOOKUP(H23,$U$2:$V$123,2,FALSE),0) -> 86.5 | J23: 萝卜 | K23: =IF(J23<>"",VLOOKUP(J23,$U$2:$V$123,2,FALSE),0) -> 86.5 | L23: 紫甘蓝 | M23: =IF(L23<>"",VLOOKUP(L23,$U$2:$V$123,2,FALSE),0) -> 51.9 | O23: =G23+I23+K23+M23 -> 265.9 | P23: =3001-O23 -> 2735.1 | Q23: =(1-(3000-P23)/3000)*1.2+1.15 -> 2.24404 | R23: =O23*Q23 -> 596.69024 | U23: 葡萄 | V23: 754.4
D24: 西瓜果汁 | F24: 西瓜 | G24: =IF(F24<>"",VLOOKUP(F24,$U$2:$V$123,2,FALSE),0) -> 127.2 | I24: =IF(H24<>"",VLOOKUP(H24,$U$2:$V$123,2,FALSE),0) -> 0 | K24: =IF(J24<>"",VLOOKUP(J24,$U$2:$V$123,2,FALSE),0) -> 0 | M24: =IF(L24<>"",VLOOKUP(L24,$U$2:$V$123,2,FALSE),0) -> 0 | O24: =G24+I24+K24+M24 -> 127.2 | P24: =3001-O24 -> 2873.8 | Q24: =(1-(3000-P24)/3000)*1.2+1.15 -> 2.29952 | R24: =O24*Q24 -> 292.49894 | U24: 菠萝 | V24: 589.375
D25: 奇异果汁 | F25: 奇异果 | G25: =IF(F25<>"",VLOOKUP(F25,$U$2:$V$123,2,FALSE),0) -> 275.6 | I25: =IF(H25<>"",VLOOKUP(H25,$U$2:$V$123,2,FALSE),0) -> 0 | K25: =IF(J25<>"",VLOOKUP(J25,$U$2:$V$123,2,FALSE),0) -> 0 | M25: =IF(L25<>"",VLOOKUP(L25,$U$2:$V$123,2,FALSE),0) -> 0 | O25: =G25+I25+K25+M25 -> 275.6 | P25: =3001-O25 -> 2725.4 | Q25: =(1-(3000-P25)/3000)*1.2+1.15 -> 2.24016 | R25: =O25*Q25 -> 617.3881 | U25: 咖啡 | V25: 660.1
D26: 葡萄汁 | F26: 葡萄 | G26: =IF(F26<>"",VLOOKUP(F26,$U$2:$V$123,2,FALSE),0) -> 754.4 | I26: =IF(H26<>"",VLOOKUP(H26,$U$2:$V$123,2,FALSE),0) -> 0 | K26: =IF(J26<>"",VLOOKUP(J26,$U$2:$V$123,2,FALSE),0) -> 0 | M26: =IF(L26<>"",VLOOKUP(L26,$U$2:$V$123,2,FALSE),0) -> 0 | O26: =G26+I26+K26+M26 -> 754.4 | P26: =3001-O26 -> 2246.6 | Q26: =(1-(3000-P26)/3000)*1.2+1.15 -> 2.04864 | R26: =O26*Q26 -> 1545.494 | U26: 草莓 | V26: 761.7
D27: 菠萝汁 | F27: 菠萝 | G27: =IF(F27<>"",VLOOKUP(F27,$U$2:$V$123,2,FALSE),0) -> 589.375 | I27: =IF(H27<>"",VLOOKUP(H27,$U$2:$V$123,2,FALSE),0) -> 0 | K27: =IF(J27<>"",VLOOKUP(J27,$U$2:$V$123,2,FALSE),0) -> 0 | M27: =IF(L27<>"",VLOOKUP(L27,$U$2:$V$123,2,FALSE),0) -> 0 | O27: =G27+I27+K27+M27 -> 589.375 | P27: =3001-O27 -> 2411.625 | Q27: =(1-(3000-P27)/3000)*1.2+1.15 -> 2.11465 | R27: =O27*Q27 -> 1246.3218 | U27: 蓝莓 | V27: 761.7
D28: 草莓汁 | F28: 草莓 | G28: =IF(F28<>"",VLOOKUP(F28,$U$2:$V$123,2,FALSE),0) -> 761.7 | I28: =IF(H28<>"",VLOOKUP(H28,$U$2:$V$123,2,FALSE),0) -> 0 | K28: =IF(J28<>"",VLOOKUP(J28,$U$2:$V$123,2,FALSE),0) -> 0 | M28: =IF(L28<>"",VLOOKUP(L28,$U$2:$V$123,2,FALSE),0) -> 0 | O28: =G28+I28+K28+M28 -> 761.7 | P28: =3001-O28 -> 2239.3 | Q28: =(1-(3000-P28)/3000)*1.2+1.15 -> 2.04572 | R28: =O28*Q28 -> 1558.2249 | U28: 红薯 | V28: 761.7
D29: 蓝莓汁 | F29: 蓝莓 | G29: =IF(F29<>"",VLOOKUP(F29,$U$2:$V$123,2,FALSE),0) -> 761.7 | I29: =IF(H29<>"",VLOOKUP(H29,$U$2:$V$123,2,FALSE),0) -> 0 | K29: =IF(J29<>"",VLOOKUP(J29,$U$2:$V$123,2,FALSE),0) -> 0 | M29: =IF(L29<>"",VLOOKUP(L29,$U$2:$V$123,2,FALSE),0) -> 0 | O29: =G29+I29+K29+M29 -> 761.7 | P29: =3001-O29 -> 2239.3 | Q29: =(1-(3000-P29)/3000)*1.2+1.15 -> 2.04572 | R29: =O29*Q29 -> 1558.2249 | U29: 甜菜 | V29: 761.7
D30: 玉米汁 | F30: 玉米 | G30: =IF(F30<>"",VLOOKUP(F30,$U$2:$V$123,2,FALSE),0) -> 408.9 | I30: =IF(H30<>"",VLOOKUP(H30,$U$2:$V$123,2,FALSE),0) -> 0 | K30: =IF(J30<>"",VLOOKUP(J30,$U$2:$V$123,2,FALSE),0) -> 0 | M30: =IF(L30<>"",VLOOKUP(L30,$U$2:$V$123,2,FALSE),0) -> 0 | O30: =G30+I30+K30+M30 -> 408.9 | P30: =3001-O30 -> 2592.1 | Q30: =(1-(3000-P30)/3000)*1.2+1.15 -> 2.18684 | R30: =O30*Q30 -> 894.19888 | U30: 鸡蛋 | V30: 180
D31: 烤蜜薯 | F31: 红薯 | G31: =IF(F31<>"",VLOOKUP(F31,$U$2:$V$123,2,FALSE),0) -> 761.7 | H31: 蜂蜜 | I31: =IF(H31<>"",VLOOKUP(H31,$U$2:$V$123,2,FALSE),0) -> 179 | K31: =IF(J31<>"",VLOOKUP(J31,$U$2:$V$123,2,FALSE),0) -> 0 | M31: =IF(L31<>"",VLOOKUP(L31,$U$2:$V$123,2,FALSE),0) -> 0 | O31: =G31+I31+K31+M31 -> 940.7 | P31: =3001-O31 -> 2060.3 | Q31: =(1-(3000-P31)/3000)*1.2+1.15 -> 1.97412 | R31: =O31*Q31 -> 1857.0547 | U31: 猪肉 | V31: 405
D32: 甜菜汁 | F32: 甜菜 | G32: =IF(F32<>"",VLOOKUP(F32,$U$2:$V$123,2,FALSE),0) -> 761.7 | I32: =IF(H32<>"",VLOOKUP(H32,$U$2:$V$123,2,FALSE),0) -> 0 | K32: =IF(J32<>"",VLOOKUP(J32,$U$2:$V$123,2,FALSE),0) -> 0 | M32: =IF(L32<>"",VLOOKUP(L32,$U$2:$V$123,2,FALSE),0) -> 0 | O32: =G32+I32+K32+M32 -> 761.7 | P32: =3001-O32 -> 2239.3 | Q32: =(1-(3000-P32)/3000)*1.2+1.15 -> 2.04572 | R32: =O32*Q32 -> 1558.2249 | U32: 牛奶 | V32: 360
D33: 奶酪 | F33: 牛奶 | G33: =IF(F33<>"",VLOOKUP(F33,$U$2:$V$123,2,FALSE),0) -> 360 | H33: 发酵粉 | I33: =IF(H33<>"",VLOOKUP(H33,$U$2:$V$123,2,FALSE),0) -> 86.5 | K33: =IF(J33<>"",VLOOKUP(J33,$U$2:$V$123,2,FALSE),0) -> 0 | M33: =IF(L33<>"",VLOOKUP(L33,$U$2:$V$123,2,FALSE),0) -> 0 | O33: =G33+I33+K33+M33 -> 446.5 | P33: =3001-O33 -> 2554.5 | Q33: =(1-(3000-P33)/3000)*1.2+1.15 -> 2.1718 | R33: =O33*Q33 -> 969.7087 | U33: 松果 | V33: 360
D34: 烤茄子 | F34: 茄子 | G34: =IF(F34<>"",VLOOKUP(F34,$U$2:$V$123,2,FALSE),0) -> 194.1 | H34: 大蒜 | I34: =IF(H34<>"",VLOOKUP(H34,$U$2:$V$123,2,FALSE),0) -> 429.75 | J34: 葱 | K34: =IF(J34<>"",VLOOKUP(J34,$U$2:$V$123,2,FALSE),0) -> 43.125 | L34: 盐 | M34: =IF(L34<>"",VLOOKUP(L34,$U$2:$V$123,2,FALSE),0) -> 25 | O34: =G34+I34+K34+M34 -> 691.975 | P34: =3001-O34 -> 2309.025 | Q34: =(1-(3000-P34)/3000)*1.2+1.15 -> 2.07361 | R34: =O34*Q34 -> 1434.8863 | U34: 米饭 | V34: 30
D35: 饺子 | F35: 面粉 | G35: =IF(F35<>"",VLOOKUP(F35,$U$2:$V$123,2,FALSE),0) -> 319.45312 | H35: 猪肉 | I35: =IF(H35<>"",VLOOKUP(H35,$U$2:$V$123,2,FALSE),0) -> 405 | J35: 卷心菜 | K35: =IF(J35<>"",VLOOKUP(J35,$U$2:$V$123,2,FALSE),0) -> 43.125 | L35: 葱 | M35: =IF(L35<>"",VLOOKUP(L35,$U$2:$V$123,2,FALSE),0) -> 43.125 | O35: =G35+I35+K35+M35 -> 810.70312 | P35: =3001-O35 -> 2190.2969 | Q35: =(1-(3000-P35)/3000)*1.2+1.15 -> 2.0261187 | R35: =O35*Q35 -> 1642.5808 | U35: 发酵粉 | V35: 86.5
D36: 炖菜 | F36: 紫甘蓝 | G36: =IF(F36<>"",VLOOKUP(F36,$U$2:$V$123,2,FALSE),0) -> 51.9 | H36: 南瓜 | I36: =IF(H36<>"",VLOOKUP(H36,$U$2:$V$123,2,FALSE),0) -> 358.125 | J36: 甜菜 | K36: =IF(J36<>"",VLOOKUP(J36,$U$2:$V$123,2,FALSE),0) -> 761.7 | L36: 黄油 | M36: =IF(L36<>"",VLOOKUP(L36,$U$2:$V$123,2,FALSE),0) -> 360 | O36: =G36+I36+K36+M36 -> 1531.725 | P36: =3001-O36 -> 1469.275 | Q36: =(1-(3000-P36)/3000)*1.2+1.15 -> 1.73771 | R36: =O36*Q36 -> 2661.6938 | U36: 盐 | V36: 25
D37: 烤芦笋 | F37: 芦笋 | G37: =IF(F37<>"",VLOOKUP(F37,$U$2:$V$123,2,FALSE),0) -> 382 | I37: =IF(H37<>"",VLOOKUP(H37,$U$2:$V$123,2,FALSE),0) -> 0 | K37: =IF(J37<>"",VLOOKUP(J37,$U$2:$V$123,2,FALSE),0) -> 0 | M37: =IF(L37<>"",VLOOKUP(L37,$U$2:$V$123,2,FALSE),0) -> 0 | O37: =G37+I37+K37+M37 -> 382 | P37: =3001-O37 -> 2619 | Q37: =(1-(3000-P37)/3000)*1.2+1.15 -> 2.1976 | R37: =O37*Q37 -> 839.4832 | U37: 酸味香料 | V37: 51.9
D38: 红菜汤 | F38: 甜菜 | G38: =IF(F38<>"",VLOOKUP(F38,$U$2:$V$123,2,FALSE),0) -> 761.7 | H38: 紫甘蓝 | I38: =IF(H38<>"",VLOOKUP(H38,$U$2:$V$123,2,FALSE),0) -> 51.9 | J38: 番茄 | K38: =IF(J38<>"",VLOOKUP(J38,$U$2:$V$123,2,FALSE),0) -> 135.5 | L38: 纯净水 | M38: =IF(L38<>"",VLOOKUP(L38,$U$2:$V$123,2,FALSE),0) -> 25 | O38: =G38+I38+K38+M38 -> 974.1 | P38: =3001-O38 -> 2026.9 | Q38: =(1-(3000-P38)/3000)*1.2+1.15 -> 1.96076 | R38: =O38*Q38 -> 1909.9763 | U38: 蜂蜜 | V38: 179
D39: 豌豆汤 | F39: 豌豆 | G39: =IF(F39<>"",VLOOKUP(F39,$U$2:$V$123,2,FALSE),0) -> 339.675 | H39: 猪肉 | I39: =IF(H39<>"",VLOOKUP(H39,$U$2:$V$123,2,FALSE),0) -> 405 | J39: 胡萝卜 | K39: =IF(J39<>"",VLOOKUP(J39,$U$2:$V$123,2,FALSE),0) -> 243.9 | L39: 纯净水 | M39: =IF(L39<>"",VLOOKUP(L39,$U$2:$V$123,2,FALSE),0) -> 25 | O39: =G39+I39+K39+M39 -> 1013.575 | P39: =3001-O39 -> 1987.425 | Q39: =(1-(3000-P39)/3000)*1.2+1.15 -> 1.94497 | R39: =O39*Q39 -> 1971.373 | U39: 面粉 | V39: 319.45312
D40: 草莓牛奶 | F40: 牛奶 | G40: =IF(F40<>"",VLOOKUP(F40,$U$2:$V$123,2,FALSE),0) -> 360 | H40: 草莓汁 | I40: =IF(H40<>"",VLOOKUP(H40,$U$2:$V$123,2,FALSE),0) -> 761.7 | K40: =IF(J40<>"",VLOOKUP(J40,$U$2:$V$123,2,FALSE),0) -> 0 | M40: =IF(L40<>"",VLOOKUP(L40,$U$2:$V$123,2,FALSE),0) -> 0 | O40: =G40+I40+K40+M40 -> 1121.7 | P40: =3001-O40 -> 1879.3 | Q40: =(1-(3000-P40)/3000)*1.2+1.15 -> 1.90172 | R40: =O40*Q40 -> 2133.1593 | U40: 咖啡粉 | V40: 660.1
D41: 莓莓果汁 | F41: 蓝莓 | G41: =IF(F41<>"",VLOOKUP(F41,$U$2:$V$123,2,FALSE),0) -> 761.7 | H41: 草莓 | I41: =IF(H41<>"",VLOOKUP(H41,$U$2:$V$123,2,FALSE),0) -> 761.7 | J41: 蜂蜜 | K41: =IF(J41<>"",VLOOKUP(J41,$U$2:$V$123,2,FALSE),0) -> 179 | M41: =IF(L41<>"",VLOOKUP(L41,$U$2:$V$123,2,FALSE),0) -> 0 | O41: =G41+I41+K41+M41 -> 1702.4 | P41: =3001-O41 -> 1298.6 | Q41: =(1-(3000-P41)/3000)*1.2+1.15 -> 1.66944 | R41: =O41*Q41 -> 2842.0547 | U41: 海苔 | V41: 121.95
D42: 鲑鱼饭团 | F42: 米饭 | G42: =IF(F42<>"",VLOOKUP(F42,$U$2:$V$123,2,FALSE),0) -> 30 | H42: 鲑鱼 | I42: =IF(H42<>"",VLOOKUP(H42,$U$2:$V$123,2,FALSE),0) -> 1781.25 | J42: 烤海苔 | K42: =IF(J42<>"",VLOOKUP(J42,$U$2:$V$123,2,FALSE),0) -> 121.95 | M42: =IF(L42<>"",VLOOKUP(L42,$U$2:$V$123,2,FALSE),0) -> 0 | O42: =G42+I42+K42+M42 -> 1933.2 | P42: =3001-O42 -> 1067.8 | Q42: =(1-(3000-P42)/3000)*1.2+1.15 -> 1.57712 | R42: =O42*Q42 -> 3048.8884 | U42: 纯净水 | V42: 25
D43: 拿铁 | F43: 咖啡粉 | G43: =IF(F43<>"",VLOOKUP(F43,$U$2:$V$123,2,FALSE),0) -> 660.1 | H43: 牛奶 | I43: =IF(H43<>"",VLOOKUP(H43,$U$2:$V$123,2,FALSE),0) -> 360 | J43: 纯净水 | K43: =IF(J43<>"",VLOOKUP(J43,$U$2:$V$123,2,FALSE),0) -> 25 | M43: =IF(L43<>"",VLOOKUP(L43,$U$2:$V$123,2,FALSE),0) -> 0 | O43: =G43+I43+K43+M43 -> 1045.1 | P43: =3001-O43 -> 1955.9 | Q43: =(1-(3000-P43)/3000)*1.2+1.15 -> 1.93236 | R43: =O43*Q43 -> 2019.5094 | U43: 草药茶 | V43: 179
D44: 黑咖啡 | F44: 咖啡粉 | G44: =IF(F44<>"",VLOOKUP(F44,$U$2:$V$123,2,FALSE),0) -> 660.1 | H44: 纯净水 | I44: =IF(H44<>"",VLOOKUP(H44,$U$2:$V$123,2,FALSE),0) -> 25 | K44: =IF(J44<>"",VLOOKUP(J44,$U$2:$V$123,2,FALSE),0) -> 0 | M44: =IF(L44<>"",VLOOKUP(L44,$U$2:$V$123,2,FALSE),0) -> 0 | O44: =G44+I44+K44+M44 -> 685.1 | P44: =3001-O44 -> 2315.9 | Q44: =(1-(3000-P44)/3000)*1.2+1.15 -> 2.07636 | R44: =O44*Q44 -> 1422.5142 | U44: 面包 | V44: 344.45312
D45: 葡萄酒 | F45: 葡萄汁 | G45: =IF(F45<>"",VLOOKUP(F45,$U$2:$V$123,2,FALSE),0) -> 754.4 | H45: 发酵粉 | I45: =IF(H45<>"",VLOOKUP(H45,$U$2:$V$123,2,FALSE),0) -> 86.5 | K45: =IF(J45<>"",VLOOKUP(J45,$U$2:$V$123,2,FALSE),0) -> 0 | M45: =IF(L45<>"",VLOOKUP(L45,$U$2:$V$123,2,FALSE),0) -> 0 | O45: =G45+I45+K45+M45 -> 840.9 | P45: =3001-O45 -> 2160.1 | Q45: =(1-(3000-P45)/3000)*1.2+1.15 -> 2.01404 | R45: =O45*Q45 -> 1693.6062 | U45: 水煮蛋 | V45: 180
D46: 伏特加 | F46: 土豆 | G46: =IF(F46<>"",VLOOKUP(F46,$U$2:$V$123,2,FALSE),0) -> 226.45 | H46: 发酵粉 | I46: =IF(H46<>"",VLOOKUP(H46,$U$2:$V$123,2,FALSE),0) -> 86.5 | K46: =IF(J46<>"",VLOOKUP(J46,$U$2:$V$123,2,FALSE),0) -> 0 | M46: =IF(L46<>"",VLOOKUP(L46,$U$2:$V$123,2,FALSE),0) -> 0 | O46: =G46+I46+K46+M46 -> 312.95 | P46: =3001-O46 -> 2688.05 | Q46: =(1-(3000-P46)/3000)*1.2+1.15 -> 2.22522 | R46: =O46*Q46 -> 696.3826 | U46: 奶酪 | V46: 446.5
D47: 啤酒 | F47: 大麦 | G47: =IF(F47<>"",VLOOKUP(F47,$U$2:$V$123,2,FALSE),0) -> 319.45312 | H47: 啤酒花 | I47: =IF(H47<>"",VLOOKUP(H47,$U$2:$V$123,2,FALSE),0) -> 340.75 | J47: 发酵粉 | K47: =IF(J47<>"",VLOOKUP(J47,$U$2:$V$123,2,FALSE),0) -> 86.5 | M47: =IF(L47<>"",VLOOKUP(L47,$U$2:$V$123,2,FALSE),0) -> 0 | O47: =G47+I47+K47+M47 -> 746.70312 | P47: =3001-O47 -> 2254.2969 | Q47: =(1-(3000-P47)/3000)*1.2+1.15 -> 2.0517188 | R47: =O47*Q47 -> 1532.0248 | U47: 烤海苔 | V47: 121.95
D48: 朗姆 | F48: 甜菜汁 | G48: =IF(F48<>"",VLOOKUP(F48,$U$2:$V$123,2,FALSE),0) -> 761.7 | H48: 发酵粉 | I48: =IF(H48<>"",VLOOKUP(H48,$U$2:$V$123,2,FALSE),0) -> 86.5 | K48: =IF(J48<>"",VLOOKUP(J48,$U$2:$V$123,2,FALSE),0) -> 0 | M48: =IF(L48<>"",VLOOKUP(L48,$U$2:$V$123,2,FALSE),0) -> 0 | O48: =G48+I48+K48+M48 -> 848.2 | P48: =3001-O48 -> 2152.8 | Q48: =(1-(3000-P48)/3000)*1.2+1.15 -> 2.01112 | R48: =O48*Q48 -> 1705.832 | U48: 烤肉饼 | V48: 859.75
D49: 野蜂拉格 | F49: 蜂蜜 | G49: =IF(F49<>"",VLOOKUP(F49,$U$2:$V$123,2,FALSE),0) -> 179 | H49: 啤酒花 | I49: =IF(H49<>"",VLOOKUP(H49,$U$2:$V$123,2,FALSE),0) -> 340.75 | J49: 发酵粉 | K49: =IF(J49<>"",VLOOKUP(J49,$U$2:$V$123,2,FALSE),0) -> 86.5 | M49: =IF(L49<>"",VLOOKUP(L49,$U$2:$V$123,2,FALSE),0) -> 0 | O49: =G49+I49+K49+M49 -> 606.25 | P49: =3001-O49 -> 2394.75 | Q49: =(1-(3000-P49)/3000)*1.2+1.15 -> 2.1079 | R49: =O49*Q49 -> 1277.9144 | U49: 煮蟹肉
D50: 双莓白兰地 | F50: 蓝莓汁 | G50: =IF(F50<>"",VLOOKUP(F50,$U$2:$V$123,2,FALSE),0) -> 761.7 | H50: 草莓汁 | I50: =IF(H50<>"",VLOOKUP(H50,$U$2:$V$123,2,FALSE),0) -> 761.7 | J50: 发酵粉 | K50: =IF(J50<>"",VLOOKUP(J50,$U$2:$V$123,2,FALSE),0) -> 86.5 | M50: =IF(L50<>"",VLOOKUP(L50,$U$2:$V$123,2,FALSE),0) -> 0 | O50: =G50+I50+K50+M50 -> 1609.9 | P50: =3001-O50 -> 1391.1 | Q50: =(1-(3000-P50)/3000)*1.2+1.15 -> 1.70644 | R50: =O50*Q50 -> 2747.1978 | U50: 黄油 | V50: 360
D51: 绯红之吻 | F51: 草莓汁 | G51: =IF(F51<>"",VLOOKUP(F51,$U$2:$V$123,2,FALSE),0) -> 761.7 | H51: 葡萄汁 | I51: =IF(H51<>"",VLOOKUP(H51,$U$2:$V$123,2,FALSE),0) -> 754.4 | J51: 西瓜果汁 | K51: =IF(J51<>"",VLOOKUP(J51,$U$2:$V$123,2,FALSE),0) -> 127.2 | L51: 发酵粉 | M51: =IF(L51<>"",VLOOKUP(L51,$U$2:$V$123,2,FALSE),0) -> 86.5 | O51: =G51+I51+K51+M51 -> 1729.8 | P51: =3001-O51 -> 1271.2 | Q51: =(1-(3000-P51)/3000)*1.2+1.15 -> 1.65848 | R51: =O51*Q51 -> 2868.8387 | U51: 草莓汁 | V51: 761.7
D52: 阳光男孩 | F52: 奇异果汁 | G52: =IF(F52<>"",VLOOKUP(F52,$U$2:$V$123,2,FALSE),0) -> 275.6 | H52: 菠萝汁 | I52: =IF(H52<>"",VLOOKUP(H52,$U$2:$V$123,2,FALSE),0) -> 589.375 | J52: 玉米汁 | K52: =IF(J52<>"",VLOOKUP(J52,$U$2:$V$123,2,FALSE),0) -> 408.9 | L52: 发酵粉 | M52: =IF(L52<>"",VLOOKUP(L52,$U$2:$V$123,2,FALSE),0) -> 86.5 | O52: =G52+I52+K52+M52 -> 1360.375 | P52: =3001-O52 -> 1640.625 | Q52: =(1-(3000-P52)/3000)*1.2+1.15 -> 1.80625 | R52: =O52*Q52 -> 2457.1773 | U52: 葡萄汁 | V52: 754.4
D53: 盐烤鲮鱼 | F53: 鲮鱼 | G53: =IF(F53<>"",VLOOKUP(F53,$U$2:$V$123,2,FALSE),0) -> 209.2 | H53: 盐 | I53: =IF(H53<>"",VLOOKUP(H53,$U$2:$V$123,2,FALSE),0) -> 25 | K53: =IF(J53<>"",VLOOKUP(J53,$U$2:$V$123,2,FALSE),0) -> 0 | M53: =IF(L53<>"",VLOOKUP(L53,$U$2:$V$123,2,FALSE),0) -> 0 | O53: =G53+I53+K53+M53 -> 234.2 | P53: =3001-O53 -> 2766.8 | Q53: =(1-(3000-P53)/3000)*1.2+1.15 -> 2.25672 | R53: =O53*Q53 -> 528.52382 | U53: 甜菜汁 | V53: 761.7
D54: 盐烤丁鱼 | F54: 丁鱼 | G54: =IF(F54<>"",VLOOKUP(F54,$U$2:$V$123,2,FALSE),0) -> 266 | H54: 盐 | I54: =IF(H54<>"",VLOOKUP(H54,$U$2:$V$123,2,FALSE),0) -> 25 | K54: =IF(J54<>"",VLOOKUP(J54,$U$2:$V$123,2,FALSE),0) -> 0 | M54: =IF(L54<>"",VLOOKUP(L54,$U$2:$V$123,2,FALSE),0) -> 0 | O54: =G54+I54+K54+M54 -> 291 | P54: =3001-O54 -> 2710 | Q54: =(1-(3000-P54)/3000)*1.2+1.15 -> 2.234 | R54: =O54*Q54 -> 650.094 | U54: 蓝莓汁 | V54: 761.7
D55: 盐烤虹鳟鱼 | F55: 虹鳟鱼 | G55: =IF(F55<>"",VLOOKUP(F55,$U$2:$V$123,2,FALSE),0) -> 538.65 | H55: 盐 | I55: =IF(H55<>"",VLOOKUP(H55,$U$2:$V$123,2,FALSE),0) -> 25 | K55: =IF(J55<>"",VLOOKUP(J55,$U$2:$V$123,2,FALSE),0) -> 0 | M55: =IF(L55<>"",VLOOKUP(L55,$U$2:$V$123,2,FALSE),0) -> 0 | O55: =G55+I55+K55+M55 -> 563.65 | P55: =3001-O55 -> 2437.35 | Q55: =(1-(3000-P55)/3000)*1.2+1.15 -> 2.12494 | R55: =O55*Q55 -> 1197.7224 | U55: 西瓜果汁 | V55: 127.2
D56: 烤鲷鱼 | F56: 鲷鱼 | G56: =IF(F56<>"",VLOOKUP(F56,$U$2:$V$123,2,FALSE),0) -> 916.4 | H56: 酸味香料 | I56: =IF(H56<>"",VLOOKUP(H56,$U$2:$V$123,2,FALSE),0) -> 51.9 | K56: =IF(J56<>"",VLOOKUP(J56,$U$2:$V$123,2,FALSE),0) -> 0 | M56: =IF(L56<>"",VLOOKUP(L56,$U$2:$V$123,2,FALSE),0) -> 0 | O56: =G56+I56+K56+M56 -> 968.3 | P56: =3001-O56 -> 2032.7 | Q56: =(1-(3000-P56)/3000)*1.2+1.15 -> 1.96308 | R56: =O56*Q56 -> 1900.8504 | U56: 玉米汁 | V56: 408.9
D57: 盐烤金鳟鱼 | F57: 金鳟鱼 | G57: =IF(F57<>"",VLOOKUP(F57,$U$2:$V$123,2,FALSE),0) -> 1120 | H57: 盐 | I57: =IF(H57<>"",VLOOKUP(H57,$U$2:$V$123,2,FALSE),0) -> 25 | K57: =IF(J57<>"",VLOOKUP(J57,$U$2:$V$123,2,FALSE),0) -> 0 | M57: =IF(L57<>"",VLOOKUP(L57,$U$2:$V$123,2,FALSE),0) -> 0 | O57: =G57+I57+K57+M57 -> 1145 | P57: =3001-O57 -> 1856 | Q57: =(1-(3000-P57)/3000)*1.2+1.15 -> 1.8924 | R57: =O57*Q57 -> 2166.798 | U57: 菠萝汁 | V57: 589.375
D58: 盐烤鲑鱼 | F58: 鲑鱼 | G58: =IF(F58<>"",VLOOKUP(F58,$U$2:$V$123,2,FALSE),0) -> 1781.25 | H58: 盐 | I58: =IF(H58<>"",VLOOKUP(H58,$U$2:$V$123,2,FALSE),0) -> 25 | K58: =IF(J58<>"",VLOOKUP(J58,$U$2:$V$123,2,FALSE),0) -> 0 | M58: =IF(L58<>"",VLOOKUP(L58,$U$2:$V$123,2,FALSE),0) -> 0 | O58: =G58+I58+K58+M58 -> 1806.25 | P58: =3001-O58 -> 1194.75 | Q58: =(1-(3000-P58)/3000)*1.2+1.15 -> 1.6279 | R58: =O58*Q58 -> 2940.3944 | U58: 奇异果汁 | V58: 275.6
D59: 烤沙丁鱼串 | F59: 沙丁鱼 | G59: =IF(F59<>"",VLOOKUP(F59,$U$2:$V$123,2,FALSE),0) -> 218.15 | H59: 酸味香料 | I59: =IF(H59<>"",VLOOKUP(H59,$U$2:$V$123,2,FALSE),0) -> 51.9 | K59: =IF(J59<>"",VLOOKUP(J59,$U$2:$V$123,2,FALSE),0) -> 0 | M59: =IF(L59<>"",VLOOKUP(L59,$U$2:$V$123,2,FALSE),0) -> 0 | O59: =G59+I59+K59+M59 -> 270.05 | P59: =3001-O59 -> 2730.95 | Q59: =(1-(3000-P59)/3000)*1.2+1.15 -> 2.24238 | R59: =O59*Q59 -> 605.55472 | U59: 鲫鱼 | V59: 203.25
D60: 烤竹荚鱼 | F60: 竹荚鱼 | G60: =IF(F60<>"",VLOOKUP(F60,$U$2:$V$123,2,FALSE),0) -> 246.25 | H60: 酸味香料 | I60: =IF(H60<>"",VLOOKUP(H60,$U$2:$V$123,2,FALSE),0) -> 51.9 | K60: =IF(J60<>"",VLOOKUP(J60,$U$2:$V$123,2,FALSE),0) -> 0 | M60: =IF(L60<>"",VLOOKUP(L60,$U$2:$V$123,2,FALSE),0) -> 0 | O60: =G60+I60+K60+M60 -> 298.15 | P60: =3001-O60 -> 2702.85 | Q60: =(1-(3000-P60)/3000)*1.2+1.15 -> 2.23114 | R60: =O60*Q60 -> 665.21439 | U60: 鲮鱼 | V60: 209.2
D61: 烤海鳗 | F61: 海鳗 | G61: =IF(F61<>"",VLOOKUP(F61,$U$2:$V$123,2,FALSE),0) -> 289.95 | H61: 酸味香料 | I61: =IF(H61<>"",VLOOKUP(H61,$U$2:$V$123,2,FALSE),0) -> 51.9 | K61: =IF(J61<>"",VLOOKUP(J61,$U$2:$V$123,2,FALSE),0) -> 0 | M61: =IF(L61<>"",VLOOKUP(L61,$U$2:$V$123,2,FALSE),0) -> 0 | O61: =G61+I61+K61+M61 -> 341.85 | P61: =3001-O61 -> 2659.15 | Q61: =(1-(3000-P61)/3000)*1.2+1.15 -> 2.21366 | R61: =O61*Q61 -> 756.73967 | U61: 沙丁鱼 | V61: 218.15
D62: 烤比目鱼 | F62: 比目鱼 | G62: =IF(F62<>"",VLOOKUP(F62,$U$2:$V$123,2,FALSE),0) -> 483.2 | H62: 酸味香料 | I62: =IF(H62<>"",VLOOKUP(H62,$U$2:$V$123,2,FALSE),0) -> 51.9 | K62: =IF(J62<>"",VLOOKUP(J62,$U$2:$V$123,2,FALSE),0) -> 0 | M62: =IF(L62<>"",VLOOKUP(L62,$U$2:$V$123,2,FALSE),0) -> 0 | O62: =G62+I62+K62+M62 -> 535.1 | P62: =3001-O62 -> 2465.9 | Q62: =(1-(3000-P62)/3000)*1.2+1.15 -> 2.13636 | R62: =O62*Q62 -> 1143.1662 | U62: 手套蟹 | V62: 230.4
D63: 烤河豚鱼 | F63: 河豚鱼 | G63: =IF(F63<>"",VLOOKUP(F63,$U$2:$V$123,2,FALSE),0) -> 433.75 | H63: 酸味香料 | I63: =IF(H63<>"",VLOOKUP(H63,$U$2:$V$123,2,FALSE),0) -> 51.9 | K63: =IF(J63<>"",VLOOKUP(J63,$U$2:$V$123,2,FALSE),0) -> 0 | M63: =IF(L63<>"",VLOOKUP(L63,$U$2:$V$123,2,FALSE),0) -> 0 | O63: =G63+I63+K63+M63 -> 485.65 | P63: =3001-O63 -> 2515.35 | Q63: =(1-(3000-P63)/3000)*1.2+1.15 -> 2.15614 | R63: =O63*Q63 -> 1047.1294 | U63: 竹荚鱼 | V63: 246.25
D64: 烤条石鲷 | F64: 条石鲷 | G64: =IF(F64<>"",VLOOKUP(F64,$U$2:$V$123,2,FALSE),0) -> 826.45 | H64: 酸味香料 | I64: =IF(H64<>"",VLOOKUP(H64,$U$2:$V$123,2,FALSE),0) -> 51.9 | K64: =IF(J64<>"",VLOOKUP(J64,$U$2:$V$123,2,FALSE),0) -> 0 | M64: =IF(L64<>"",VLOOKUP(L64,$U$2:$V$123,2,FALSE),0) -> 0 | O64: =G64+I64+K64+M64 -> 878.35 | P64: =3001-O64 -> 2122.65 | Q64: =(1-(3000-P64)/3000)*1.2+1.15 -> 1.99906 | R64: =O64*Q64 -> 1755.8744 | U64: 丁鱼 | V64: 266
... D69: 煮蟹肉 | F69: 手套蟹 | G69: =IF(F69<>"",VLOOKUP(F69,$U$2:$V$123,2,FALSE),0) -> 230.4 | H69: 纯净水 | I69: =IF(H69<>"",VLOOKUP(H69,$U$2:$V$123,2,FALSE),0) -> 25 | K69: =IF(J69<>"",VLOOKUP(J69,$U$2:$V$123,2,FALSE),0) -> 0 | M69: =IF(L69<>"",VLOOKUP(L69,$U$2:$V$123,2,FALSE),0) -> 0 | O69: =G69+I69+K69+M69 -> 255.4 | P69: =3001-O69 -> 2745.6 | Q69: =(1-(3000-P69)/3000)*1.2+1.15 -> 2.24824 | R69: =O69*Q69 -> 574.2005 | U69: 河豚鱼 | V69: 433.75
D70: 海鲜浓汤 | F70: 南瓜 | G70: =IF(F70<>"",VLOOKUP(F70,$U$2:$V$123,2,FALSE),0) -> 358.125 | H70: 纯净水 | I70: =IF(H70<>"",VLOOKUP(H70,$U$2:$V$123,2,FALSE),0) -> 25 | J70: 沙丁鱼 | K70: =IF(J70<>"",VLOOKUP(J70,$U$2:$V$123,2,FALSE),0) -> 218.15 | L70: 蓝蟹 | M70: =IF(L70<>"",VLOOKUP(L70,$U$2:$V$123,2,FALSE),0) -> 1357.2 | O70: =G70+I70+K70+M70 -> 1958.475 | P70: =3001-O70 -> 1042.525 | Q70: =(1-(3000-P70)/3000)*1.2+1.15 -> 1.56701 | R70: =O70*Q70 -> 3068.9499 | U70: 比目鱼 | V70: 483.2
D71: 鳗鱼饭 | F71: 烤海鳗 | G71: =IF(F71<>"",VLOOKUP(F71,$U$2:$V$123,2,FALSE),0) -> 341.85 | H71: 米饭 | I71: =IF(H71<>"",VLOOKUP(H71,$U$2:$V$123,2,FALSE),0) -> 30 | K71: =IF(J71<>"",VLOOKUP(J71,$U$2:$V$123,2,FALSE),0) -> 0 | M71: =IF(L71<>"",VLOOKUP(L71,$U$2:$V$123,2,FALSE),0) -> 0 | O71: =G71+I71+K71+M71 -> 371.85 | P71: =3001-O71 -> 2629.15 | Q71: =(1-(3000-P71)/3000)*1.2+1.15 -> 2.20166 | R71: =O71*Q71 -> 818.68727 | U71: 虹鳟鱼 | V71: 538.65
D72: 鲫鱼蔬菜汤 | F72: 鲫鱼 | G72: =IF(F72<>"",VLOOKUP(F72,$U$2:$V$123,2,FALSE),0) -> 203.25 | H72: 豌豆 | I72: =IF(H72<>"",VLOOKUP(H72,$U$2:$V$123,2,FALSE),0) -> 339.675 | J72: 纯净水 | K72: =IF(J72<>"",VLOOKUP(J72,$U$2:$V$123,2,FALSE),0) -> 25 | L72: 芦笋 | M72: =IF(L72<>"",VLOOKUP(L72,$U$2:$V$123,2,FALSE),0) -> 382 | O72: =G72+I72+K72+M72 -> 949.925 | P72: =3001-O72 -> 2051.075 | Q72: =(1-(3000-P72)/3000)*1.2+1.15 -> 1.97043 | R72: =O72*Q72 -> 1871.7607 | U72: 兰寿金鱼 | V72: 600.4
D73: 鲮鱼丸 | F73: 鲮鱼 | G73: =IF(F73<>"",VLOOKUP(F73,$U$2:$V$123,2,FALSE),0) -> 209.2 | H73: 红薯 | I73: =IF(H73<>"",VLOOKUP(H73,$U$2:$V$123,2,FALSE),0) -> 761.7 | K73: =IF(J73<>"",VLOOKUP(J73,$U$2:$V$123,2,FALSE),0) -> 0 | M73: =IF(L73<>"",VLOOKUP(L73,$U$2:$V$123,2,FALSE),0) -> 0 | O73: =G73+I73+K73+M73 -> 970.9 | P73: =3001-O73 -> 2030.1 | Q73: =(1-(3000-P73)/3000)*1.2+1.15 -> 1.96204 | R73: =O73*Q73 -> 1904.9446 | U73: 水母 | V73: 668.75
D74: 鲑鱼刺身 | F74: 鲑鱼 | G74: =IF(F74<>"",VLOOKUP(F74,$U$2:$V$123,2,FALSE),0) -> 1781.25 | I74: =IF(H74<>"",VLOOKUP(H74,$U$2:$V$123,2,FALSE),0) -> 0 | K74: =IF(J74<>"",VLOOKUP(J74,$U$2:$V$123,2,FALSE),0) -> 0 | M74: =IF(L74<>"",VLOOKUP(L74,$U$2:$V$123,2,FALSE),0) -> 0 | O74: =G74+I74+K74+M74 -> 1781.25 | P74: =3001-O74 -> 1219.75 | Q74: =(1-(3000-P74)/3000)*1.2+1.15 -> 1.6379 | R74: =O74*Q74 -> 2917.5094 | U74: 樱桃鲑鱼 | V74: 744
D75: 章鱼小丸子 | F75: 章鱼 | G75: =IF(F75<>"",VLOOKUP(F75,$U$2:$V$123,2,FALSE),0) -> 318.4 | H75: 鸡蛋 | I75: =IF(H75<>"",VLOOKUP(H75,$U$2:$V$123,2,FALSE),0) -> 180 | J75: 海苔 | K75: =IF(J75<>"",VLOOKUP(J75,$U$2:$V$123,2,FALSE),0) -> 121.95 | M75: =IF(L75<>"",VLOOKUP(L75,$U$2:$V$123,2,FALSE),0) -> 0 | O75: =G75+I75+K75+M75 -> 620.35 | P75: =3001-O75 -> 2380.65 | Q75: =(1-(3000-P75)/3000)*1.2+1.15 -> 2.10226 | R75: =O75*Q75 -> 1304.137 | U75: 条石鲷 | V75: 826.45
D76: 炖煮条石鲷 | F76: 条石鲷 | G76: =IF(F76<>"",VLOOKUP(F76,$U$2:$V$123,2,FALSE),0) -> 826.45 | H76: 萝卜 | I76: =IF(H76<>"",VLOOKUP(H76,$U$2:$V$123,2,FALSE),0) -> 86.5 | K76: =IF(J76<>"",VLOOKUP(J76,$U$2:$V$123,2,FALSE),0) -> 0 | M76: =IF(L76<>"",VLOOKUP(L76,$U$2:$V$123,2,FALSE),0) -> 0 | O76: =G76+I76+K76+M76 -> 912.95 | P76: =3001-O76 -> 2088.05 | Q76: =(1-(3000-P76)/3000)*1.2+1.15 -> 1.98522 | R76: =O76*Q76 -> 1812.4066 | U76: 鲷鱼 | V76: 916.4
D77: 红鲷刺身 | F77: 红鲷鱼 | G77: =IF(F77<>"",VLOOKUP(F77,$U$2:$V$123,2,FALSE),0) -> 1014.15 | I77: =IF(H77<>"",VLOOKUP(H77,$U$2:$V$123,2,FALSE),0) -> 0 | K77: =IF(J77<>"",VLOOKUP(J77,$U$2:$V$123,2,FALSE),0) -> 0 | M77: =IF(L77<>"",VLOOKUP(L77,$U$2:$V$123,2,FALSE),0) -> 0 | O77: =G77+I77+K77+M77 -> 1014.15 | P77: =3001-O77 -> 1986.85 | Q77: =(1-(3000-P77)/3000)*1.2+1.15 -> 1.94474 | R77: =O77*Q77 -> 1972.2581 | U77: 红鲷鱼 | V77: 1014.15
D78: 河豚刺身 | F78: 河豚鱼 | G78: =IF(F78<>"",VLOOKUP(F78,$U$2:$V$123,2,FALSE),0) -> 433.75 | I78: =IF(H78<>"",VLOOKUP(H78,$U$2:$V$123,2,FALSE),0) -> 0 | K78: =IF(J78<>"",VLOOKUP(J78,$U$2:$V$123,2,FALSE),0) -> 0 | M78: =IF(L78<>"",VLOOKUP(L78,$U$2:$V$123,2,FALSE),0) -> 0 | O78: =G78+I78+K78+M78 -> 433.75 | P78: =3001-O78 -> 2567.25 | Q78: =(1-(3000-P78)/3000)*1.2+1.15 -> 2.1769 | R78: =O78*Q78 -> 944.23037 | U78: 金鳟鱼 | V78: 1120
D79: 螃蟹煲 | F79: 蓝蟹 | G79: =IF(F79<>"",VLOOKUP(F79,$U$2:$V$123,2,FALSE),0) -> 1357.2 | H79: 辣椒 | I79: =IF(H79<>"",VLOOKUP(H79,$U$2:$V$123,2,FALSE),0) -> 106 | J79: 胡萝卜 | K79: =IF(J79<>"",VLOOKUP(J79,$U$2:$V$123,2,FALSE),0) -> 243.9 | L79: 西兰花 | M79: =IF(L79<>"",VLOOKUP(L79,$U$2:$V$123,2,FALSE),0) -> 121.95 | O79: =G79+I79+K79+M79 -> 1829.05 | P79: =3001-O79 -> 1171.95 | Q79: =(1-(3000-P79)/3000)*1.2+1.15 -> 1.61878 | R79: =O79*Q79 -> 2960.8296 | U79: 霓虹脂鲤 | V79: 1234.25
D80: 金枪鱼刺身 | F80: 金枪鱼 | G80: =IF(F80<>"",VLOOKUP(F80,$U$2:$V$123,2,FALSE),0) -> 2486.65 | I80: =IF(H80<>"",VLOOKUP(H80,$U$2:$V$123,2,FALSE),0) -> 0 | K80: =IF(J80<>"",VLOOKUP(J80,$U$2:$V$123,2,FALSE),0) -> 0 | M80: =IF(L80<>"",VLOOKUP(L80,$U$2:$V$123,2,FALSE),0) -> 0 | O80: =G80+I80+K80+M80 -> 2486.65 | P80: =3001-O80 -> 514.35 | Q80: =(1-(3000-P80)/3000)*1.2+1.15 -> 1.35574 | R80: =O80*Q80 -> 3371.2509 | U80: 蓝蟹 | V80: 1357.2
D81: 龙虾鱼子酱 | F81: 烤龙虾 | G81: =IF(F81<>"",VLOOKUP(F81,$U$2:$V$123,2,FALSE),0) -> 1993.9 | H81: 烤芦笋 | I81: =IF(H81<>"",VLOOKUP(H81,$U$2:$V$123,2,FALSE),0) -> 382 | J81: 黄瓜 | K81: =IF(J81<>"",VLOOKUP(J81,$U$2:$V$123,2,FALSE),0) -> 86.5 | L81: 虹鳟鱼 | M81: =IF(L81<>"",VLOOKUP(L81,$U$2:$V$123,2,FALSE),0) -> 538.65 | O81: =G81+I81+K81+M81 -> 3001.05 | P81: =3001-O81 -> -0.05 | Q81: =(1-(3000-P81)/3000)*1.2+1.15 -> 1.14998 | R81: =O81*Q81 -> 3451.1475 | U81: 鲯鳅鱼 | V81: 1489.15
D82: 凉茶 | F82: 纯净水 | G82: =IF(F82<>"",VLOOKUP(F82,$U$2:$V$123,2,FALSE),0) -> 25 | H82: 草药茶 | I82: =IF(H82<>"",VLOOKUP(H82,$U$2:$V$123,2,FALSE),0) -> 179 | K82: =IF(J82<>"",VLOOKUP(J82,$U$2:$V$123,2,FALSE),0) -> 0 | M82: =IF(L82<>"",VLOOKUP(L82,$U$2:$V$123,2,FALSE),0) -> 0 | O82: =G82+I82+K82+M82 -> 204 | P82: =3001-O82 -> 2797 | Q82: =(1-(3000-P82)/3000)*1.2+1.15 -> 2.2688 | R82: =O82*Q82 -> 462.8352 | U82: 桃花鱼 | V82: 1630.4
U83: 鲑鱼 | V83: 1781.25
U84: 龙虾 | V84: 1942
U85: 孔雀鱼 | V85: 2112.95
U86: 银龙鱼 | V86: 2294.4
U87: 金枪鱼 | V87: 2486.65
U88: 斑马狮子鱼 | V88: 2690
U89: 洞穴天使鱼 | V89: 2904.75
U90: 烤海鳗 | V90: 341.85
U91: 烤龙虾 | V91: 1993.9
U92: 烤芦笋 | V92: 382

Sheet 鱼
G2: 鲫鱼 | I2: 1 | J2: 鲫鱼 | K2: =I2*I2*I2*0.05+I2*I2*1.2+I2*2+200 -> 203.25
G3: 鲮鱼 | I3: 2 | J3: 鲮鱼 | K3: =I3*I3*I3*0.05+I3*I3*1.2+I3*2+200 -> 209.2
G4: 河蟹 | I4: 3 | J4: 沙丁鱼 | K4: =I4*I4*I4*0.05+I4*I4*1.2+I4*2+200 -> 218.15
G5: 丁鱼 | I5: 4 | J5: 河蟹 | K5: =I5*I5*I5*0.05+I5*I5*1.2+I5*2+200 -> 230.4
G6: 锦鲤 | I6: 5 | J6: 竹荚鱼 | K6: =I6*I6*I6*0.05+I6*I6*1.2+I6*2+200 -> 246.25
G7: 金线鱼 | I7: 6 | J7: 丁鱼 | K7: =I7*I7*I7*0.05+I7*I7*1.2+I7*2+200 -> 266
G8: 兰寿金鱼 | I8: 7 | J8: 海鳗 | K8: =I8*I8*I8*0.05+I8*I8*1.2+I8*2+200 -> 289.95
G9: 樱桃鲑鱼 | I9: 8 | J9: 章鱼 | K9: =I9*I9*I9*0.05+I9*I9*1.2+I9*2+200 -> 318.4
G10: 虹鳟鱼 | I10: 9 | J10: 锦鲤 | K10: =I10*I10*I10*0.05+I10*I10*1.2+I10*2+200 -> 351.65
G11: 鲷鱼 | I11: 10 | J11: 金线鱼 | K11: =I11*I11*I11*0.05+I11*I11*1.2+I11*2+200 -> 390
G12: 金鳟鱼 | I12: 11 | J12: 河豚鱼 | K12: =I12*I12*I12*0.05+I12*I12*1.2+I12*2+200 -> 433.75
G13: 霓虹脂鲤 | I13: 12 | J13: 比目鱼 | K13: =I13*I13*I13*0.05+I13*I13*1.2+I13*2+200 -> 483.2
... G32: 斑马狮子鱼 | I32: 31 | J32: 洞穴天使鱼 | K32: =I32*I32*I32*0.05+I32*I32*1.2+I32*2+200 -> 2904.75
