Workbook

Sheet ItemData
A2: string | B2: int | C2: string | D2: int | E2: int | F2: int | G2: bool | H2: bool | I2: int | J2: int | K2: int | L2: int | M2: int | N2: int | O2: List<int> | P2: List<int> | Q2: int | R2: int | S2: int | T2: List<int> | U2: bool | V2: int | W2: int | X2: int | Y2: int | Z2: int | AA2: int | AB2: int | AC2: int | AD2: int | AE2: int | AF2: int | AG2: string
A3: itemName | B3: id | C3: iconName | D3: type | E3: typeValue | F3: otherType | G3: isFresh | H3: itemValue | I3: attributeType | J3: equipLevel | K3: groupCount | L3: shopMoneyType | M3: shopPrice | N3: sellPrice | O3: dropEventId | P3: checkEventId | Q3: sceneType | R3: useEventId | S3: fightUseSkill | T3: equipEventId | U3: showProperty | V3: HP | W3: MP | X3: Power | Y3: MaxHP | Z3: MaxMP | AA3: MaxPower | AB3: AT | AC3: DF | AD3: Lucky | AE3: Speed | AF3: Other | AG3: info
A4: 未知的物品 | B4: 1 | C4: default | D4: -1 | E4: 0 | F4: 0 | G4: 0 | H4: 0 | I4: 0 | J4: 0 | K4: 0 | L4: 1 | M4: 0 | N4: 0 | Q4: 0 | R4: 0 | S4: 0 | U4: false | V4: 0 | W4: 0 | X4: 0 | Y4: 0 | Z4: 0 | AA4: 0 | AB4: 0 | AC4: 0 | AD4: 0 | AE4: 0 | AF4: 0 | AG4: ????????
A5: 失败的徒手 | B5: 20 | C5: 失败的徒手 | D5: 4 | E5: 0 | F5: 0 | G5: 0 | H5: 0 | I5: 0 | J5: 0 | K5: 0 | L5: 1 | M5: 0 | N5: 0 | Q5: 0 | R5: 0 | S5: 0 | U5: false | V5: 0 | W5: 0 | X5: 0 | Y5: 0 | Z5: 0 | AA5: 0 | AB5: 0 | AC5: 0 | AD5: 0 | AE5: 0 | AF5: 0 | AG5: 看起来不像是能吃的样子
A6: 失败的搅拌 | B6: 21 | C6: 失败的搅拌 | D6: 4 | E6: 0 | F6: 0 | G6: 0 | H6: 0 | I6: 0 | J6: 0 | K6: 0 | L6: 1 | M6: 0 | N6: 0 | Q6: 0 | R6: 0 | S6: 0 | U6: false | V6: 0 | W6: 0 | X6: 0 | Y6: 0 | Z6: 0 | AA6: 0 | AB6: 0 | AC6: 0 | AD6: 0 | AE6: 0 | AF6: 0 | AG6: 看起来不像是能吃的样子
A7: 失败的烘烤 | B7: 22 | C7: 失败的烘烤 | D7: 4 | E7: 0 | F7: 0 | G7: 0 | H7: 0 | I7: 0 | J7: 0 | K7: 0 | L7: 1 | M7: 0 | N7: 0 | Q7: 0 | R7: 0 | S7: 0 | U7: false | V7: 0 | W7: 0 | X7: 0 | Y7: 0 | Z7: 0 | AA7: 0 | AB7: 0 | AC7: 0 | AD7: 0 | AE7: 0 | AF7: 0 | AG7: 看起来不像是能吃的样子
A8: 失败的蒸煮 | B8: 23 | C8: 失败的蒸煮 | D8: 4 | E8: 0 | F8: 0 | G8: 0 | H8: 0 | I8: 0 | J8: 0 | K8: 0 | L8: 1 | M8: 0 | N8: 0 | Q8: 0 | R8: 0 | S8: 0 | U8: false | V8: 0 | W8: 0 | X8: 0 | Y8: 0 | Z8: 0 | AA8: 0 | AB8: 0 | AC8: 0 | AD8: 0 | AE8: 0 | AF8: 0 | AG8: 看起来不像是能吃的样子
A9: 失败的酿造 | B9: 24 | C9: 失败的酿造 | D9: 4 | E9: 0 | F9: 0 | G9: 0 | H9: 0 | I9: 0 | J9: 0 | K9: 0 | L9: 1 | M9: 0 | N9: 0 | Q9: 0 | R9: 0 | S9: 0 | U9: false | V9: 0 | W9: 0 | X9: 0 | Y9: 0 | Z9: 0 | AA9: 0 | AB9: 0 | AC9: 0 | AD9: 0 | AE9: 0 | AF9: 0 | AG9: 看起来不像是能吃的样子
A10: 失败的铸造 | B10: 25 | C10: 失败的铸造 | D10: 4 | E10: 0 | F10: 0 | G10: 0 | H10: 0 | I10: 0 | J10: 0 | K10: 0 | L10: 1 | M10: 0 | N10: 0 | Q10: 0 | R10: 0 | S10: 0 | U10: false | V10: 0 | W10: 0 | X10: 0 | Y10: 0 | Z10: 0 | AA10: 0 | AB10: 0 | AC10: 0 | AD10: 0 | AE10: 0 | AF10: 0 | AG10: 一团杂乱的物体
A11: 失败的缝纫 | B11: 26 | C11: 失败的缝纫 | D11: 4 | E11: 0 | F11: 0 | G11: 0 | H11: 0 | I11: 0 | J11: 0 | K11: 0 | L11: 1 | M11: 0 | N11: 0 | Q11: 0 | R11: 0 | S11: 0 | U11: false | V11: 0 | W11: 0 | X11: 0 | Y11: 0 | Z11: 0 | AA11: 0 | AB11: 0 | AC11: 0 | AD11: 0 | AE11: 0 | AF11: 0 | AG11: 一团杂乱的物体
A12: 失败的绘写 | B12: 27 | C12: 失败的绘写 | D12: 4 | E12: 0 | F12: 0 | G12: 0 | H12: 0 | I12: 0 | J12: 0 | K12: 0 | L12: 1 | M12: 0 | N12: 0 | Q12: 0 | R12: 0 | S12: 0 | U12: false | V12: 0 | W12: 0 | X12: 0 | Y12: 0 | Z12: 0 | AA12: 0 | AB12: 0 | AC12: 0 | AD12: 0 | AE12: 0 | AF12: 0 | AG12: 一团杂乱的物体
A13: 传送卷轴 | B13: 11 | C13: 卷轴 | D13: 5 | E13: 0 | F13: 0 | G13: 0 | H13: 0 | I13: 0 | J13: 0 | K13: 9 | L13: 1 | M13: 0 | N13: 0 | Q13: 2 | R13: 7000 | S13: 0 | U13: false | V13: 0 | W13: 0 | X13: 0 | Y13: 0 | Z13: 0 | AA13: 0 | AB13: 0 | AC13: 0 | AD13: 0 | AE13: 0 | AF13: 0 | AG13: 快速在城镇中移动
A14: 鱼饵 | B14: 12 | C14: 鱼饵 | D14: 5 | E14: 0 | F14: 0 | G14: 0 | H14: 0 | I14: 0 | J14: 0 | K14: 19 | L14: 1 | M14: 0 | N14: 0 | Q14: 2 | R14: 0 | S14: 0 | U14: false | V14: 0 | W14: 0 | X14: 0 | Y14: 0 | Z14: 0 | AA14: 0 | AB14: 0 | AC14: 0 | AD14: 0 | AE14: 0 | AF14: 0 | AG14: 用来引诱鱼类的饵料
A15: 食物配方 | B15: 20 | C15: 食物配方 | D15: 5 | E15: 0 | F15: 0 | G15: 0 | H15: 0 | I15: 0 | J15: 0 | K15: 9 | L15: 1 | M15: 0 | N15: 0 | Q15: 2 | R15: 0 | S15: 0 | U15: false | V15: 0 | W15: 0 | X15: 0 | Y15: 0 | Z15: 0 | AA15: 0 | AB15: 0 | AC15: 0 | AD15: 0 | AE15: 0 | AF15: 0
A16: 酒水配方 | B16: 21 | C16: 酒水配方 | D16: 5 | E16: 0 | F16: 0 | G16: 0 | H16: 0 | I16: 0 | J16: 0 | K16: 9 | L16: 1 | M16: 0 | N16: 0 | Q16: 2 | R16: 0 | S16: 0 | U16: false | V16: 0 | W16: 0 | X16: 0 | Y16: 0 | Z16: 0 | AA16: 0 | AB16: 0 | AC16: 0 | AD16: 0 | AE16: 0 | AF16: 0
A17: 铸造配方 | B17: 22 | C17: 铸造配方 | D17: 5 | E17: 0 | F17: 0 | G17: 0 | H17: 0 | I17: 0 | J17: 0 | K17: 9 | L17: 1 | M17: 0 | N17: 0 | Q17: 2 | R17: 0 | S17: 0 | U17: false | V17: 0 | W17: 0 | X17: 0 | Y17: 0 | Z17: 0 | AA17: 0 | AB17: 0 | AC17: 0 | AD17: 0 | AE17: 0 | AF17: 0
A18: 缝纫配方 | B18: 23 | C18: 缝纫配方 | D18: 5 | E18: 0 | F18: 0 | G18: 0 | H18: 0 | I18: 0 | J18: 0 | K18: 9 | L18: 1 | M18: 0 | N18: 0 | Q18: 2 | R18: 0 | S18: 0 | U18: false | V18: 0 | W18: 0 | X18: 0 | Y18: 0 | Z18: 0 | AA18: 0 | AB18: 0 | AC18: 0 | AD18: 0 | AE18: 0 | AF18: 0
A19: 书写配方 | B19: 24 | C19: 书写配方 | D19: 5 | E19: 0 | F19: 0 | G19: 0 | H19: 0 | I19: 0 | J19: 0 | K19: 9 | L19: 1 | M19: 0 | N19: 0 | Q19: 2 | R19: 0 | S19: 0 | U19: false | V19: 0 | W19: 0 | X19: 0 | Y19: 0 | Z19: 0 | AA19: 0 | AB19: 0 | AC19: 0 | AD19: 0 | AE19: 0 | AF19: 0
A20: 牧草 | B20: 100 | C20: 牧草 | D20: -1 | E20: 0 | F20: 0 | G20: 0 | H20: 0 | I20: 0 | J20: 0 | K20: 29 | L20: 1 | M20: 0 | N20: 0 | Q20: 0 | R20: 0 | S20: 0 | U20: false | V20: 0 | W20: 0 | X20: 0 | Y20: 0 | Z20: 0 | AA20: 0 | AB20: 0 | AC20: 0 | AD20: 0 | AE20: 0 | AF20: 0 | AG20: 未成熟的植物制成的鲜嫩可口的饲料
A21: 木材 | B21: 101 | C21: 木材 | D21: 5 | E21: 0 | F21: 0 | G21: 0 | H21: 0 | I21: 0 | J21: 0 | K21: 29 | L21: 1 | M21: 0 | N21: 0 | Q21: 0 | R21: 0 | S21: 0 | U21: false | V21: 0 | W21: 0 | X21: 0 | Y21: 0 | Z21: 0 | AA21: 0 | AB21: 0 | AC21: 0 | AD21: 0 | AE21: 0 | AF21: 0 | AG21: 木材
A22: 原木 | B22: 102 | C22: 原木 | D22: 5 | E22: 0 | F22: 0 | G22: 0 | H22: 0 | I22: 0 | J22: 0 | K22: 9 | L22: 1 | M22: 0 | N22: 0 | Q22: 0 | R22: 0 | S22: 0 | U22: false | V22: 0 | W22: 0 | X22: 0 | Y22: 0 | Z22: 0 | AA22: 0 | AB22: 0 | AC22: 0 | AD22: 0 | AE22: 0 | AF22: 0 | AG22: 原木
A23: 木柴 | B23: 103 | C23: 木柴 | D23: 5 | E23: 0 | F23: 0 | G23: 0 | H23: 0 | I23: 0 | J23: 0 | K23: 49 | L23: 1 | M23: 0 | N23: 0 | Q23: 0 | R23: 0 | S23: 0 | U23: false | V23: 0 | W23: 0 | X23: 0 | Y23: 0 | Z23: 0 | AA23: 0 | AB23: 0 | AC23: 0 | AD23: 0 | AE23: 0 | AF23: 0 | AG23: 木柴
A24: 木棒 | B24: 104 | C24: 木棒 | D24: 5 | E24: 0 | F24: 0 | G24: 0 | H24: 0 | I24: 0 | J24: 0 | K24: 39 | L24: 1 | M24: 0 | N24: 0 | Q24: 0 | R24: 0 | S24: 0 | U24: false | V24: 0 | W24: 0 | X24: 0 | Y24: 0 | Z24: 0 | AA24: 0 | AB24: 0 | AC24: 0 | AD24: 0 | AE24: 0 | AF24: 0 | AG24: 木棒
A25: 干草 | B25: 105 | C25: 干草 | D25: 5 | E25: 0 | F25: 0 | G25: 0 | H25: 0 | I25: 0 | J25: 0 | K25: 39 | L25: 1 | M25: 0 | N25: 0 | Q25: 0 | R25: 0 | S25: 0 | U25: false | V25: 0 | W25: 0 | X25: 0 | Y25: 0 | Z25: 0 | AA25: 0 | AB25: 0 | AC25: 0 | AD25: 0 | AE25: 0 | AF25: 0 | AG25: 干草
A26: 纯净水 | B26: 200 | C26: 纯净水 | D26: 5 | E26: 0 | F26: 0 | G26: 0 | H26: 0 | I26: 0 | J26: 0 | K26: 49 | L26: 1 | M26: 0 | N26: 0 | Q26: 0 | R26: 0 | S26: 0 | U26: false | V26: 0 | W26: 0 | X26: 0 | Y26: 0 | Z26: 0 | AA26: 0 | AB26: 0 | AC26: 0 | AD26: 0 | AE26: 0 | AF26: 0
A27: 石块 | B27: 201 | C27: 石块 | D27: 5 | E27: 0 | F27: 0 | G27: 0 | H27: 0 | I27: 0 | J27: 0 | K27: 49 | L27: 1 | M27: 0 | N27: 0 | Q27: 0 | R27: 0 | S27: 0 | U27: false | V27: 0 | W27: 0 | X27: 0 | Y27: 0 | Z27: 0 | AA27: 0 | AB27: 0 | AC27: 0 | AD27: 0 | AE27: 0 | AF27: 0
A28: 龟壳 | B28: 202 | C28: 龟壳 | D28: 5 | E28: 0 | F28: 0 | G28: 0 | H28: 0 | I28: 0 | J28: 0 | K28: 49 | L28: 1 | M28: 0 | N28: 0 | Q28: 0 | R28: 0 | S28: 0 | U28: false | V28: 0 | W28: 0 | X28: 0 | Y28: 0 | Z28: 0 | AA28: 0 | AB28: 0 | AC28: 0 | AD28: 0 | AE28: 0 | AF28: 0
A29: 兽皮 | B29: 203 | C29: 兽皮 | D29: 5 | E29: 0 | F29: 0 | G29: 0 | H29: 0 | I29: 0 | J29: 0 | K29: 49 | L29: 1 | M29: 0 | N29: 0 | Q29: 0 | R29: 0 | S29: 0 | U29: false | V29: 0 | W29: 0 | X29: 0 | Y29: 0 | Z29: 0 | AA29: 0 | AB29: 0 | AC29: 0 | AD29: 0 | AE29: 0 | AF29: 0
A30: 布片 | B30: 204 | C30: 布片 | D30: 5 | E30: 0 | F30: 0 | G30: 0 | H30: 0 | I30: 0 | J30: 0 | K30: 49 | L30: 1 | M30: 0 | N30: 0 | Q30: 0 | R30: 0 | S30: 0 | U30: false | V30: 0 | W30: 0 | X30: 0 | Y30: 0 | Z30: 0 | AA30: 0 | AB30: 0 | AC30: 0 | AD30: 0 | AE30: 0 | AF30: 0
A31: 石英砂 | B31: 205 | C31: 石英砂 | D31: 5 | E31: 0 | F31: 0 | G31: 0 | H31: 0 | I31: 0 | J31: 0 | K31: 49 | L31: 1 | M31: 0 | N31: 0 | Q31: 0 | R31: 0 | S31: 0 | U31: false | V31: 0 | W31: 0 | X31: 0 | Y31: 0 | Z31: 0 | AA31: 0 | AB31: 0 | AC31: 0 | AD31: 0 | AE31: 0 | AF31: 0
A32: 草药茶 | B32: 207 | C32: 草药茶 | D32: 5 | E32: 0 | F32: 0 | G32: 0 | H32: 0 | I32: 0 | J32: 0 | K32: 49 | L32: 1 | M32: 0 | N32: 0 | Q32: 0 | R32: 0 | S32: 0 | U32: false | V32: 0 | W32: 0 | X32: 0 | Y32: 0 | Z32: 0 | AA32: 0 | AB32: 0 | AC32: 0 | AD32: 0 | AE32: 0 | AF32: 0
A33: 风晶石 | B33: 208 | C33: 风晶石 | D33: 5 | E33: 0 | F33: 0 | G33: 0 | H33: 0 | I33: 0 | J33: 0 | K33: 49 | L33: 1 | M33: 0 | N33: 0 | Q33: 0 | R33: 0 | S33: 0 | U33: false | V33: 0 | W33: 0 | X33: 0 | Y33: 0 | Z33: 0 | AA33: 0 | AB33: 0 | AC33: 0 | AD33: 0 | AE33: 0 | AF33: 0
A34: 琥珀 | B34: 210 | C34: 琥珀 | D34: 5 | E34: 0 | F34: 0 | G34: 0 | H34: 0 | I34: 0 | J34: 0 | K34: 49 | L34: 1 | M34: 0 | N34: 0 | Q34: 0 | R34: 0 | S34: 0 | U34: false | V34: 0 | W34: 0 | X34: 0 | Y34: 0 | Z34: 0 | AA34: 0 | AB34: 0 | AC34: 0 | AD34: 0 | AE34: 0 | AF34: 0
A35: 狼牙 | B35: 211 | C35: 狼牙 | D35: 5 | E35: 0 | F35: 0 | G35: 0 | H35: 0 | I35: 0 | J35: 0 | K35: 49 | L35: 1 | M35: 0 | N35: 0 | Q35: 0 | R35: 0 | S35: 0 | U35: false | V35: 0 | W35: 0 | X35: 0 | Y35: 0 | Z35: 0 | AA35: 0 | AB35: 0 | AC35: 0 | AD35: 0 | AE35: 0 | AF35: 0
A36: 粘土 | B36: 212 | C36: 粘土 | D36: 5 | E36: 0 | F36: 0 | G36: 0 | H36: 0 | I36: 0 | J36: 0 | K36: 49 | L36: 1 | M36: 0 | N36: 0 | Q36: 0 | R36: 0 | S36: 0 | U36: false | V36: 0 | W36: 0 | X36: 0 | Y36: 0 | Z36: 0 | AA36: 0 | AB36: 0 | AC36: 0 | AD36: 0 | AE36: 0 | AF36: 0
A37: 尖刺 | B37: 213 | C37: 尖刺 | D37: 5 | E37: 0 | F37: 0 | G37: 0 | H37: 0 | I37: 0 | J37: 0 | K37: 49 | L37: 1 | M37: 0 | N37: 0 | Q37: 0 | R37: 0 | S37: 0 | U37: false | V37: 0 | W37: 0 | X37: 0 | Y37: 0 | Z37: 0 | AA37: 0 | AB37: 0 | AC37: 0 | AD37: 0 | AE37: 0 | AF37: 0
... A122: 兔子脚 | B122: 302 | C122: 兔子脚 | D122: 5 | E122: 0 | F122: 0 | G122: 0 | H122: 0 | I122: 0 | J122: 0 | K122: 49 | L122: 1 | M122: 0 | N122: 0 | Q122: 0 | R122: 0 | S122: 0 | U122: false | V122: 0 | W122: 0 | X122: 0 | Y122: 0 | Z122: 0 | AA122: 0 | AB122: 0 | AC122: 0 | AD122: 0 | AE122: 0 | AF122: 0
A123: 芜菁 | B123: 1001 | C123: =A123&"_01" -> 芜菁_01 | D123: 5 | E123: 1 | F123: 0 | G123: 1 | H123: 0 | I123: 0 | J123: 0 | K123: 29 | L123: 1 | M123: 100 | N123: 100 | Q123: 0 | R123: 0 | S123: 0 | U123: false | V123: 0 | W123: 0 | X123: 0 | Y123: 0 | Z123: 0 | AA123: 0 | AB123: 0 | AC123: 0 | AD123: 0 | AE123: 0 | AF123: 0
A124: 卷心菜 | B124: 1002 | C124: =A124&"_01" -> 卷心菜_01 | D124: 5 | E124: 1 | F124: 0 | G124: 1 | H124: 0 | I124: 0 | J124: 0 | K124: 29 | L124: 1 | M124: 100 | N124: 100 | Q124: 0 | R124: 0 | S124: 0 | U124: false | V124: 0 | W124: 0 | X124: 0 | Y124: 0 | Z124: 0 | AA124: 0 | AB124: 0 | AC124: 0 | AD124: 0 | AE124: 0 | AF124: 0
A125: 葱 | B125: 1003 | C125: =A125&"_01" -> 葱_01 | D125: 5 | E125: 1 | F125: 0 | G125: 1 | H125: 0 | I125: 0 | J125: 0 | K125: 29 | L125: 1 | M125: 100 | N125: 100 | Q125: 0 | R125: 0 | S125: 0 | U125: false | V125: 0 | W125: 0 | X125: 0 | Y125: 0 | Z125: 0 | AA125: 0 | AB125: 0 | AC125: 0 | AD125: 0 | AE125: 0 | AF125: 0
A126: 萝卜 | B126: 1004 | C126: =A126&"_01" -> 萝卜_01 | D126: 5 | E126: 1 | F126: 0 | G126: 1 | H126: 0 | I126: 0 | J126: 0 | K126: 29 | L126: 1 | M126: 100 | N126: 100 | Q126: 0 | R126: 0 | S126: 0 | U126: false | V126: 0 | W126: 0 | X126: 0 | Y126: 0 | Z126: 0 | AA126: 0 | AB126: 0 | AC126: 0 | AD126: 0 | AE126: 0 | AF126: 0
A127: 紫甘蓝 | B127: 1005 | C127: =A127&"_01" -> 紫甘蓝_01 | D127: 5 | E127: 1 | F127: 0 | G127: 1 | H127: 0 | I127: 0 | J127: 0 | K127: 29 | L127: 1 | M127: 100 | N127: 100 | Q127: 0 | R127: 0 | S127: 0 | U127: false | V127: 0 | W127: 0 | X127: 0 | Y127: 0 | Z127: 0 | AA127: 0 | AB127: 0 | AC127: 0 | AD127: 0 | AE127: 0 | AF127: 0
A128: 黄瓜 | B128: 1006 | C128: =A128&"_01" -> 黄瓜_01 | D128: 5 | E128: 1 | F128: 0 | G128: 1 | H128: 0 | I128: 0 | J128: 0 | K128: 29 | L128: 1 | M128: 100 | N128: 100 | Q128: 0 | R128: 0 | S128: 0 | U128: false | V128: 0 | W128: 0 | X128: 0 | Y128: 0 | Z128: 0 | AA128: 0 | AB128: 0 | AC128: 0 | AD128: 0 | AE128: 0 | AF128: 0
A129: 西兰花 | B129: 1007 | C129: =A129&"_01" -> 西兰花_01 | D129: 5 | E129: 1 | F129: 0 | G129: 1 | H129: 0 | I129: 0 | J129: 0 | K129: 29 | L129: 1 | M129: 100 | N129: 100 | Q129: 0 | R129: 0 | S129: 0 | U129: false | V129: 0 | W129: 0 | X129: 0 | Y129: 0 | Z129: 0 | AA129: 0 | AB129: 0 | AC129: 0 | AD129: 0 | AE129: 0 | AF129: 0
A130: 番茄 | B130: 1008 | C130: =A130&"_01" -> 番茄_01 | D130: 5 | E130: 1 | F130: 0 | G130: 1 | H130: 0 | I130: 0 | J130: 0 | K130: 29 | L130: 1 | M130: 100 | N130: 100 | Q130: 0 | R130: 0 | S130: 0 | U130: false | V130: 0 | W130: 0 | X130: 0 | Y130: 0 | Z130: 0 | AA130: 0 | AB130: 0 | AC130: 0 | AD130: 0 | AE130: 0 | AF130: 0
A131: 胡萝卜 | B131: 1009 | C131: =A131&"_01" -> 胡萝卜_01 | D131: 5 | E131: 1 | F131: 0 | G131: 1 | H131: 0 | I131: 0 | J131: 0 | K131: 29 | L131: 1 | M131: 100 | N131: 100 | Q131: 0 | R131: 0 | S131: 0 | U131: false | V131: 0 | W131: 0 | X131: 0 | Y131: 0 | Z131: 0 | AA131: 0 | AB131: 0 | AC131: 0 | AD131: 0 | AE131: 0 | AF131: 0
A132: 西瓜 | B132: 1010 | C132: =A132&"_01" -> 西瓜_01 | D132: 5 | E132: 1 | F132: 0 | G132: 1 | H132: 0 | I132: 0 | J132: 0 | K132: 29 | L132: 1 | M132: 100 | N132: 100 | Q132: 0 | R132: 0 | S132: 0 | U132: false | V132: 0 | W132: 0 | X132: 0 | Y132: 0 | Z132: 0 | AA132: 0 | AB132: 0 | AC132: 0 | AD132: 0 | AE132: 0 | AF132: 0
A133: 辣椒 | B133: 1011 | C133: =A133&"_01" -> 辣椒_01 | D133: 5 | E133: 1 | F133: 0 | G133: 1 | H133: 0 | I133: 0 | J133: 0 | K133: 29 | L133: 1 | M133: 100 | N133: 100 | Q133: 0 | R133: 0 | S133: 0 | U133: false | V133: 0 | W133: 0 | X133: 0 | Y133: 0 | Z133: 0 | AA133: 0 | AB133: 0 | AC133: 0 | AD133: 0 | AE133: 0 | AF133: 0
A134: 奇异果 | B134: 1012 | C134: =A134&"_01" -> 奇异果_01 | D134: 5 | E134: 1 | F134: 0 | G134: 1 | H134: 0 | I134: 0 | J134: 0 | K134: 29 | L134: 1 | M134: 100 | N134: 100 | Q134: 0 | R134: 0 | S134: 0 | U134: false | V134: 0 | W134: 0 | X134: 0 | Y134: 0 | Z134: 0 | AA134: 0 | AB134: 0 | AC134: 0 | AD134: 0 | AE134: 0 | AF134: 0
... A150: 甜菜 | B150: 1028 | C150: =A150&"_01" -> 甜菜_01 | D150: 5 | E150: 1 | F150: 0 | G150: 1 | H150: 0 | I150: 0 | J150: 0 | K150: 29 | L150: 1 | M150: 100 | N150: 100 | Q150: 0 | R150: 0 | S150: 0 | U150: false | V150: 0 | W150: 0 | X150: 0 | Y150: 0 | Z150: 0 | AA150: 0 | AB150: 0 | AC150: 0 | AD150: 0 | AE150: 0 | AF150: 0
A151: 芜菁种子 | B151: =B123+100 -> 1101 | C151: 芜菁种子 | D151: 0 | E151: 8001 | F151: 0 | G151: 0 | H151: 0 | I151: 0 | J151: 0 | K151: 29 | L151: 1 | M151: 100 | N151: 100 | Q151: 0 | R151: 0 | S151: 0 | U151: false | V151: 0 | W151: 0 | X151: 0 | Y151: 0 | Z151: 0 | AA151: 0 | AB151: 0 | AC151: 0 | AD151: 0 | AE151: 0 | AF151: 0
A152: 卷心菜种子 | B152: =B124+100 -> 1102 | C152: 卷心菜种子 | D152: 0 | E152: 8002 | F152: 0 | G152: 0 | H152: 0 | I152: 0 | J152: 0 | K152: 29 | L152: 1 | M152: 100 | N152: 100 | Q152: 0 | R152: 0 | S152: 0 | U152: false | V152: 0 | W152: 0 | X152: 0 | Y152: 0 | Z152: 0 | AA152: 0 | AB152: 0 | AC152: 0 | AD152: 0 | AE152: 0 | AF152: 0
A153: 葱种子 | B153: =B125+100 -> 1103 | C153: 葱种子 | D153: 0 | E153: 8003 | F153: 0 | G153: 0 | H153: 0 | I153: 0 | J153: 0 | K153: 29 | L153: 1 | M153: 100 | N153: 100 | Q153: 0 | R153: 0 | S153: 0 | U153: false | V153: 0 | W153: 0 | X153: 0 | Y153: 0 | Z153: 0 | AA153: 0 | AB153: 0 | AC153: 0 | AD153: 0 | AE153: 0 | AF153: 0
A154: 萝卜种子 | B154: =B126+100 -> 1104 | C154: 萝卜种子 | D154: 0 | E154: 8004 | F154: 0 | G154: 0 | H154: 0 | I154: 0 | J154: 0 | K154: 29 | L154: 1 | M154: 100 | N154: 100 | Q154: 0 | R154: 0 | S154: 0 | U154: false | V154: 0 | W154: 0 | X154: 0 | Y154: 0 | Z154: 0 | AA154: 0 | AB154: 0 | AC154: 0 | AD154: 0 | AE154: 0 | AF154: 0
A155: 紫甘蓝种子 | B155: =B127+100 -> 1105 | C155: 紫甘蓝种子 | D155: 0 | E155: 8005 | F155: 0 | G155: 0 | H155: 0 | I155: 0 | J155: 0 | K155: 29 | L155: 1 | M155: 100 | N155: 100 | Q155: 0 | R155: 0 | S155: 0 | U155: false | V155: 0 | W155: 0 | X155: 0 | Y155: 0 | Z155: 0 | AA155: 0 | AB155: 0 | AC155: 0 | AD155: 0 | AE155: 0 | AF155: 0
A156: 黄瓜种子 | B156: =B128+100 -> 1106 | C156: 黄瓜种子 | D156: 0 | E156: 8006 | F156: 0 | G156: 0 | H156: 0 | I156: 0 | J156: 0 | K156: 29 | L156: 1 | M156: 100 | N156: 100 | Q156: 0 | R156: 0 | S156: 0 | U156: false | V156: 0 | W156: 0 | X156: 0 | Y156: 0 | Z156: 0 | AA156: 0 | AB156: 0 | AC156: 0 | AD156: 0 | AE156: 0 | AF156: 0
A157: 西兰花种子 | B157: =B129+100 -> 1107 | C157: 西兰花种子 | D157: 0 | E157: 8007 | F157: 0 | G157: 0 | H157: 0 | I157: 0 | J157: 0 | K157: 29 | L157: 1 | M157: 100 | N157: 100 | Q157: 0 | R157: 0 | S157: 0 | U157: false | V157: 0 | W157: 0 | X157: 0 | Y157: 0 | Z157: 0 | AA157: 0 | AB157: 0 | AC157: 0 | AD157: 0 | AE157: 0 | AF157: 0
A158: 番茄种子 | B158: =B130+100 -> 1108 | C158: 番茄种子 | D158: 0 | E158: 8008 | F158: 0 | G158: 0 | H158: 0 | I158: 0 | J158: 0 | K158: 29 | L158: 1 | M158: 100 | N158: 100 | Q158: 0 | R158: 0 | S158: 0 | U158: false | V158: 0 | W158: 0 | X158: 0 | Y158: 0 | Z158: 0 | AA158: 0 | AB158: 0 | AC158: 0 | AD158: 0 | AE158: 0 | AF158: 0
A159: 胡萝卜种子 | B159: =B131+100 -> 1109 | C159: 胡萝卜种子 | D159: 0 | E159: 8009 | F159: 0 | G159: 0 | H159: 0 | I159: 0 | J159: 0 | K159: 29 | L159: 1 | M159: 100 | N159: 100 | Q159: 0 | R159: 0 | S159: 0 | U159: false | V159: 0 | W159: 0 | X159: 0 | Y159: 0 | Z159: 0 | AA159: 0 | AB159: 0 | AC159: 0 | AD159: 0 | AE159: 0 | AF159: 0
A160: 西瓜种子 | B160: =B132+100 -> 1110 | C160: 西瓜种子 | D160: 0 | E160: 8010 | F160: 0 | G160: 0 | H160: 0 | I160: 0 | J160: 0 | K160: 29 | L160: 1 | M160: 100 | N160: 100 | Q160: 0 | R160: 0 | S160: 0 | U160: false | V160: 0 | W160: 0 | X160: 0 | Y160: 0 | Z160: 0 | AA160: 0 | AB160: 0 | AC160: 0 | AD160: 0 | AE160: 0 | AF160: 0
A161: 辣椒种子 | B161: =B133+100 -> 1111 | C161: 辣椒种子 | D161: 0 | E161: 8011 | F161: 0 | G161: 0 | H161: 0 | I161: 0 | J161: 0 | K161: 29 | L161: 1 | M161: 100 | N161: 100 | Q161: 0 | R161: 0 | S161: 0 | U161: false | V161: 0 | W161: 0 | X161: 0 | Y161: 0 | Z161: 0 | AA161: 0 | AB161: 0 | AC161: 0 | AD161: 0 | AE161: 0 | AF161: 0
A162: 奇异果种子 | B162: =B134+100 -> 1112 | C162: 奇异果种子 | D162: 0 | E162: 8012 | F162: 0 | G162: 0 | H162: 0 | I162: 0 | J162: 0 | K162: 29 | L162: 1 | M162: 100 | N162: 100 | Q162: 0 | R162: 0 | S162: 0 | U162: false | V162: 0 | W162: 0 | X162: 0 | Y162: 0 | Z162: 0 | AA162: 0 | AB162: 0 | AC162: 0 | AD162: 0 | AE162: 0 | AF162: 0
... A178: 甜菜种子 | B178: =B150+100 -> 1128 | C178: 甜菜种子 | D178: 0 | E178: 8028 | F178: 0 | G178: 0 | H178: 0 | I178: 0 | J178: 0 | K178: 29 | L178: 1 | M178: 100 | N178: 100 | Q178: 0 | R178: 0 | S178: 0 | U178: false | V178: 0 | W178: 0 | X178: 0 | Y178: 0 | Z178: 0 | AA178: 0 | AB178: 0 | AC178: 0 | AD178: 0 | AE178: 0 | AF178: 0
A179: 长剑 | B179: 1600 | C179: 长剑 | D179: 1 | E179: 0 | F179: 1 | G179: 0 | H179: 0 | I179: 0 | J179: 0 | K179: 1 | L179: 1 | M179: 100 | N179: 100 | Q179: 0 | R179: 0 | S179: 0 | U179: true | V179: 0 | W179: 0 | X179: 0 | Y179: 0 | Z179: 0 | AA179: 0 | AB179: 0 | AC179: 0 | AD179: 0 | AE179: 0 | AF179: 0
A180: 诅咒之剑 | B180: 1601 | C180: 诅咒之剑 | D180: 1 | E180: 1009 | F180: 1 | G180: 0 | H180: 0 | I180: 0 | J180: 0 | K180: 1 | L180: 1 | M180: 100 | N180: 100 | Q180: 0 | R180: 0 | S180: 0 | U180: true | V180: 0 | W180: 0 | X180: 0 | Y180: 0 | Z180: 0 | AA180: 0 | AB180: 32 | AC180: 0 | AD180: -10 | AE180: 0 | AF180: 0
A181: 烈焰之刃 | B181: 1602 | C181: 烈焰之刃 | D181: 1 | E181: 1191 | F181: 1 | G181: 0 | H181: 0 | I181: 2 | J181: 0 | K181: 1 | L181: 1 | M181: 100 | N181: 100 | Q181: 0 | R181: 0 | S181: 0 | U181: true | V181: 0 | W181: 0 | X181: 0 | Y181: 0 | Z181: 0 | AA181: 0 | AB181: 70 | AC181: 0 | AD181: 0 | AE181: 0 | AF181: 0
A182: 大地之剑 | B182: 1603 | C182: 大地之剑 | D182: 1 | E182: 1282 | F182: 1 | G182: 0 | H182: 0 | I182: 5 | J182: 0 | K182: 1 | L182: 1 | M182: 100 | N182: 100 | Q182: 0 | R182: 0 | S182: 0 | U182: true | V182: 0 | W182: 0 | X182: 0 | Y182: 0 | Z182: 0 | AA182: 0 | AB182: 53 | AC182: 10 | AD182: 0 | AE182: 0 | AF182: 0
A183: 冰之刃 | B183: 1604 | C183: 冰之刃 | D183: 1 | E183: 1100 | F183: 1 | G183: 0 | H183: 0 | I183: 3 | J183: 0 | K183: 1 | L183: 1 | M183: 100 | N183: 100 | Q183: 0 | R183: 0 | S183: 0 | U183: true | V183: 0 | W183: 0 | X183: 0 | Y183: 0 | Z183: 0 | AA183: 0 | AB183: 73 | AC183: 0 | AD183: 0 | AE183: -5 | AF183: 0
A184: 铁枪 | B184: 1605 | C184: 铁枪 | D184: 1 | E184: 0 | F184: 2 | G184: 0 | H184: 0 | I184: 0 | J184: 0 | K184: 1 | L184: 1 | M184: 100 | N184: 100 | Q184: 0 | R184: 0 | S184: 0 | U184: true | V184: 0 | W184: 0 | X184: 0 | Y184: 0 | Z184: 0 | AA184: 0 | AB184: 12 | AC184: 0 | AD184: 0 | AE184: -5 | AF184: 0
A185: 骑士长枪 | B185: 1606 | C185: 骑士长枪 | D185: 1 | E185: 1555 | F185: 2 | G185: 0 | H185: 0 | I185: 0 | J185: 0 | K185: 1 | L185: 1 | M185: 100 | N185: 100 | Q185: 0 | R185: 0 | S185: 0 | U185: true | V185: 0 | W185: 0 | X185: 0 | Y185: 0 | Z185: 0 | AA185: 0 | AB185: 34 | AC185: 5 | AD185: 0 | AE185: -5 | AF185: 0
A186: 血腥之矛 | B186: 1607 | C186: 血腥之矛 | D186: 1 | E186: 1464 | F186: 2 | G186: 0 | H186: 0 | I186: 5 | J186: 0 | K186: 1 | L186: 1 | M186: 100 | N186: 100 | Q186: 0 | R186: 0 | S186: 0 | U186: true | V186: 0 | W186: 0 | X186: 0 | Y186: 0 | Z186: 0 | AA186: 0 | AB186: 46 | AC186: 0 | AD186: -5 | AE186: -5 | AF186: 0
A187: 三叉戟 | B187: 1608 | C187: 三叉戟 | D187: 1 | E187: 1646 | F187: 2 | G187: 0 | H187: 0 | I187: 1 | J187: 0 | K187: 1 | L187: 1 | M187: 100 | N187: 100 | Q187: 0 | R187: 0 | S187: 0 | U187: true | V187: 0 | W187: 0 | X187: 0 | Y187: 0 | Z187: 0 | AA187: 0 | AB187: 60 | AC187: 0 | AD187: 0 | AE187: -5 | AF187: 0
A188: 战斧 | B188: 1609 | C188: 战斧 | D188: 1 | E188: 0 | F188: 3 | G188: 0 | H188: 0 | I188: 0 | J188: 0 | K188: 1 | L188: 1 | M188: 100 | N188: 100 | Q188: 0 | R188: 0 | S188: 0 | U188: true | V188: 0 | W188: 0 | X188: 0 | Y188: 0 | Z188: 0 | AA188: 0 | AB188: 25 | AC188: 0 | AD188: 0 | AE188: -10 | AF188: 0
A189: 毒蜥之牙 | B189: 1610 | C189: 毒蜥之牙 | D189: 1 | E189: 1919 | F189: 3 | G189: 0 | H189: 0 | I189: 1 | J189: 0 | K189: 1 | L189: 1 | M189: 100 | N189: 100 | Q189: 0 | R189: 0 | S189: 0 | U189: true | V189: 0 | W189: 0 | X189: 0 | Y189: 0 | Z189: 0 | AA189: 0 | AB189: 38 | AC189: 0 | AD189: 0 | AE189: -10 | AF189: 0
A190: 恶魔之斧 | B190: 1611 | C190: 恶魔之斧 | D190: 1 | E190: 2010 | F190: 3 | G190: 0 | H190: 0 | I190: 5 | J190: 0 | K190: 1 | L190: 1 | M190: 100 | N190: 100 | Q190: 0 | R190: 0 | S190: 0 | U190: true | V190: 0 | W190: 0 | X190: 0 | Y190: 0 | Z190: 0 | AA190: 0 | AB190: 64 | AC190: 0 | AD190: 0 | AE190: -10 | AF190: 0
... A236: 战争头盔 | B236: 1808 | C236: 战争头盔 | D236: 8 | E236: 0 | F236: 0 | G236: 0 | H236: 0 | I236: 0 | J236: 0 | K236: 1 | L236: 1 | M236: 100 | N236: 100 | Q236: 0 | R236: 0 | S236: 0 | U236: true | V236: 0 | W236: 0 | X236: 0 | Y236: 0 | Z236: 50 | AA236: 0 | AB236: 20 | AC236: 10 | AD236: 0 | AE236: 0 | AF236: 0
A237: 锄头 | B237: 2000 | C237: Hoe | D237: 6 | E237: 1 | F237: 0 | G237: 0 | H237: 0 | I237: 0 | J237: 0 | K237: 1 | L237: 1 | M237: 100 | N237: 100 | Q237: 0 | R237: 0 | S237: 0 | U237: false | V237: 0 | W237: 0 | X237: 0 | Y237: 0 | Z237: 0 | AA237: 0 | AB237: 0 | AC237: 0 | AD237: 0 | AE237: 0 | AF237: 0 | AG237: 平整田地使用的工具。
A238: 洒水壶 | B238: 2001 | C238: Waterpot | D238: 6 | E238: 1 | F238: 0 | G238: 0 | H238: 1 | I238: 0 | J238: 0 | K238: 1 | L238: 1 | M238: 100 | N238: 100 | Q238: 0 | R238: 0 | S238: 0 | U238: false | V238: 0 | W238: 0 | X238: 0 | Y238: 0 | Z238: 0 | AA238: 0 | AB238: 0 | AC238: 0 | AD238: 0 | AE238: 0 | AF238: 0 | AG238: 浇灌农作物的工具。
A239: 斧头 | B239: 2002 | C239: 斧头 | D239: 6 | E239: 1 | F239: 0 | G239: 0 | H239: 0 | I239: 0 | J239: 0 | K239: 1 | L239: 1 | M239: 100 | N239: 100 | Q239: 0 | R239: 0 | S239: 0 | U239: false | V239: 0 | W239: 0 | X239: 0 | Y239: 0 | Z239: 0 | AA239: 0 | AB239: 0 | AC239: 0 | AD239: 0 | AE239: 0 | AF239: 0 | AG239: 砍伐树木的工具。
A240: 镰刀 | B240: 2003 | C240: Sickle | D240: 6 | E240: 1 | F240: 0 | G240: 0 | H240: 0 | I240: 0 | J240: 0 | K240: 1 | L240: 1 | M240: 100 | N240: 100 | Q240: 0 | R240: 0 | S240: 0 | U240: false | V240: 0 | W240: 0 | X240: 0 | Y240: 0 | Z240: 0 | AA240: 0 | AB240: 0 | AC240: 0 | AD240: 0 | AE240: 0 | AF240: 0 | AG240: 收割农作物种子的工具。
A241: 鱼竿 | B241: 2004 | C241: 鱼竿 | D241: 6 | E241: 1 | F241: 0 | G241: 0 | H241: 0 | I241: 0 | J241: 0 | K241: 1 | L241: 1 | M241: 100 | N241: 100 | Q241: 0 | R241: 0 | S241: 0 | U241: false | V241: 0 | W241: 0 | X241: 0 | Y241: 0 | Z241: 0 | AA241: 0 | AB241: 0 | AC241: 0 | AD241: 0 | AE241: 0 | AF241: 0 | AG241: 垂钓工具
A242: 缝纫机 | B242: 2100 | C242: 缝纫机 | D242: 10 | E242: 2100 | F242: 0 | G242: 0 | H242: 0 | I242: 0 | J242: 0 | K242: 1 | L242: 1 | M242: 2000 | N242: 100 | Q242: 0 | R242: 0 | S242: 0 | U242: false | V242: 0 | W242: 0 | X242: 0 | Y242: 0 | Z242: 0 | AA242: 0 | AB242: 0 | AC242: 0 | AD242: 0 | AE242: 0 | AF242: 0 | AG242: 用来制作衣物的设备
A243: 锻造炉 | B243: 2101 | C243: 锻造炉 | D243: 10 | E243: 2101 | F243: 0 | G243: 0 | H243: 0 | I243: 0 | J243: 0 | K243: 1 | L243: 1 | M243: 2000 | N243: 100 | Q243: 0 | R243: 0 | S243: 0 | U243: false | V243: 0 | W243: 0 | X243: 0 | Y243: 0 | Z243: 0 | AA243: 0 | AB243: 0 | AC243: 0 | AD243: 0 | AE243: 0 | AF243: 0 | AG243: 用来制作武器的设备
A244: 烘烤炉 | B244: 2102 | C244: 烤炉 | D244: 10 | E244: 2102 | F244: 0 | G244: 0 | H244: 0 | I244: 0 | J244: 0 | K244: 1 | L244: 1 | M244: 1000 | N244: 100 | Q244: 0 | R244: 0 | S244: 0 | U244: false | V244: 0 | W244: 0 | X244: 0 | Y244: 0 | Z244: 0 | AA244: 0 | AB244: 0 | AC244: 0 | AD244: 0 | AE244: 0 | AF244: 0 | AG244: 用来烘烤食物的设备
A245: 炖煮锅 | B245: 2103 | C245: 炖煮锅 | D245: 10 | E245: 2103 | F245: 0 | G245: 0 | H245: 0 | I245: 0 | J245: 0 | K245: 1 | L245: 1 | M245: 1000 | N245: 100 | Q245: 0 | R245: 0 | S245: 0 | U245: false | V245: 0 | W245: 0 | X245: 0 | Y245: 0 | Z245: 0 | AA245: 0 | AB245: 0 | AC245: 0 | AD245: 0 | AE245: 0 | AF245: 0 | AG245: 用来制作蒸煮食物的设备
A246: 冷餐台 | B246: 2104 | C246: 冷餐台 | D246: 10 | E246: 2104 | F246: 0 | G246: 0 | H246: 0 | I246: 0 | J246: 0 | K246: 1 | L246: 1 | M246: 500 | N246: 100 | Q246: 0 | R246: 0 | S246: 0 | U246: false | V246: 0 | W246: 0 | X246: 0 | Y246: 0 | Z246: 0 | AA246: 0 | AB246: 0 | AC246: 0 | AD246: 0 | AE246: 0 | AF246: 0 | AG246: 用来制作冷餐的设备
A247: 酿造桶 | B247: 2105 | C247: 酿造桶 | D247: 10 | E247: 2105 | F247: 0 | G247: 0 | H247: 0 | I247: 0 | J247: 0 | K247: 1 | L247: 1 | M247: 2000 | N247: 100 | Q247: 0 | R247: 0 | S247: 0 | U247: false | V247: 0 | W247: 0 | X247: 0 | Y247: 0 | Z247: 0 | AA247: 0 | AB247: 0 | AC247: 0 | AD247: 0 | AE247: 0 | AF247: 0 | AG247: 用来酿造酒水饮料的设备
A248: 绘写台 | B248: 2106 | C248: 绘写台 | D248: 10 | E248: 2106 | F248: 0 | G248: 0 | H248: 0 | I248: 0 | J248: 0 | K248: 1 | L248: 1 | M248: 2000 | N248: 100 | Q248: 0 | R248: 0 | S248: 0 | U248: false | V248: 0 | W248: 0 | X248: 0 | Y248: 0 | Z248: 0 | AA248: 0 | AB248: 0 | AC248: 0 | AD248: 0 | AE248: 0 | AF248: 0 | AG248: 用来绘写卷轴的设备
... A292: 斑马狮子鱼 | B292: 4117 | C292: 斑马狮子鱼 | D292: 3 | E292: 1117 | F292: 0 | G292: 1 | H292: 0 | I292: 0 | J292: 0 | K292: 9 | L292: 1 | M292: 100 | N292: 100 | Q292: 0 | R292: 0 | S292: 0 | U292: false | V292: 0 | W292: 0 | X292: 0 | Y292: 0 | Z292: 0 | AA292: 0 | AB292: 0 | AC292: 0 | AD292: 0 | AE292: 0 | AF292: 0 | AG292: 斑马狮子鱼
A293: 米饭 | B293: 3000 | C293: 米饭 | D293: 3 | E293: 0 | F293: 0 | G293: 1 | H293: 0 | I293: 0 | J293: 0 | K293: 9 | L293: 1 | M293: 100 | N293: 100 | Q293: 0 | R293: 0 | S293: 0 | U293: false | V293: 0 | W293: 0 | X293: 0 | Y293: 0 | Z293: 0 | AA293: 0 | AB293: 0 | AC293: 0 | AD293: 0 | AE293: 0 | AF293: 0
A294: 发酵粉 | B294: 3001 | C294: 发酵粉 | D294: 3 | E294: 0 | F294: 0 | G294: 0 | H294: 0 | I294: 0 | J294: 0 | K294: 29 | L294: 1 | M294: 100 | N294: 100 | Q294: 0 | R294: 0 | S294: 0 | U294: false | V294: 0 | W294: 0 | X294: 0 | Y294: 0 | Z294: 0 | AA294: 0 | AB294: 0 | AC294: 0 | AD294: 0 | AE294: 0 | AF294: 0
A295: 盐 | B295: 3002 | C295: 盐 | D295: 3 | E295: 0 | F295: 0 | G295: 0 | H295: 0 | I295: 0 | J295: 0 | K295: 29 | L295: 1 | M295: 100 | N295: 100 | Q295: 0 | R295: 0 | S295: 0 | U295: false | V295: 0 | W295: 0 | X295: 0 | Y295: 0 | Z295: 0 | AA295: 0 | AB295: 0 | AC295: 0 | AD295: 0 | AE295: 0 | AF295: 0
A296: 酸味香料 | B296: 3003 | C296: 酸味香料 | D296: 3 | E296: 0 | F296: 0 | G296: 0 | H296: 0 | I296: 0 | J296: 0 | K296: 29 | L296: 1 | M296: 100 | N296: 100 | Q296: 0 | R296: 0 | S296: 0 | U296: false | V296: 0 | W296: 0 | X296: 0 | Y296: 0 | Z296: 0 | AA296: 0 | AB296: 0 | AC296: 0 | AD296: 0 | AE296: 0 | AF296: 0
A297: 蜂蜜 | B297: 3005 | C297: 蜂蜜 | D297: 3 | E297: 0 | F297: 0 | G297: 0 | H297: 0 | I297: 0 | J297: 0 | K297: 29 | L297: 1 | M297: 100 | N297: 100 | Q297: 0 | R297: 0 | S297: 0 | U297: false | V297: 0 | W297: 0 | X297: 0 | Y297: 0 | Z297: 0 | AA297: 0 | AB297: 0 | AC297: 0 | AD297: 0 | AE297: 0 | AF297: 0
A298: 牛奶 | B298: 3006 | C298: 牛奶 | D298: 3 | E298: 0 | F298: 0 | G298: 1 | H298: 0 | I298: 0 | J298: 0 | K298: 29 | L298: 1 | M298: 100 | N298: 100 | Q298: 0 | R298: 0 | S298: 0 | U298: false | V298: 0 | W298: 0 | X298: 0 | Y298: 0 | Z298: 0 | AA298: 0 | AB298: 0 | AC298: 0 | AD298: 0 | AE298: 0 | AF298: 0
A299: 鸡蛋 | B299: 3007 | C299: 鸡蛋 | D299: 3 | E299: 0 | F299: 0 | G299: 1 | H299: 0 | I299: 0 | J299: 0 | K299: 9 | L299: 1 | M299: 100 | N299: 100 | Q299: 0 | R299: 0 | S299: 0 | U299: false | V299: 0 | W299: 0 | X299: 0 | Y299: 0 | Z299: 0 | AA299: 0 | AB299: 0 | AC299: 0 | AD299: 0 | AE299: 0 | AF299: 0
A300: 猪肉 | B300: 3008 | C300: 猪肉 | D300: 3 | E300: 0 | F300: 0 | G300: 1 | H300: 0 | I300: 0 | J300: 0 | K300: 9 | L300: 1 | M300: 100 | N300: 100 | Q300: 0 | R300: 0 | S300: 0 | U300: false | V300: 0 | W300: 0 | X300: 0 | Y300: 0 | Z300: 0 | AA300: 0 | AB300: 0 | AC300: 0 | AD300: 0 | AE300: 0 | AF300: 0
A301: 面粉 | B301: 3009 | C301: 面粉 | D301: 3 | E301: 0 | F301: 0 | G301: 0 | H301: 0 | I301: 0 | J301: 0 | K301: 29 | L301: 1 | M301: 100 | N301: 100 | Q301: 0 | R301: 0 | S301: 0 | U301: false | V301: 0 | W301: 0 | X301: 0 | Y301: 0 | Z301: 0 | AA301: 0 | AB301: 0 | AC301: 0 | AD301: 0 | AE301: 0 | AF301: 0
A302: 咖啡粉 | B302: 3010 | C302: 咖啡粉 | D302: 3 | E302: 0 | F302: 0 | G302: 0 | H302: 0 | I302: 0 | J302: 0 | K302: 29 | L302: 1 | M302: 100 | N302: 100 | Q302: 0 | R302: 0 | S302: 0 | U302: false | V302: 0 | W302: 0 | X302: 0 | Y302: 0 | Z302: 0 | AA302: 0 | AB302: 0 | AC302: 0 | AD302: 0 | AE302: 0 | AF302: 0
A303: 海苔 | B303: 3011 | C303: 海苔 | D303: 3 | E303: 0 | F303: 0 | G303: 0 | H303: 0 | I303: 0 | J303: 0 | K303: 29 | L303: 1 | M303: 100 | N303: 100 | Q303: 0 | R303: 0 | S303: 0 | U303: false | V303: 0 | W303: 0 | X303: 0 | Y303: 0 | Z303: 0 | AA303: 0 | AB303: 0 | AC303: 0 | AD303: 0 | AE303: 0 | AF303: 0
...

Sheet Sheet2
D5: 322
B6: 1600 | C6: 长剑 | E6: 木材 | F6: 铸造 | H6: 长剑 | J6: 铁块 | K6: 刀刃 | N6: =VLOOKUP(J6,ItemData!$A$4:$B$394,2,FALSE) -> 298 | O6: =VLOOKUP(K6,ItemData!$A$4:$B$394,2,FALSE) -> 274 | S6: =N6&","&O6&IF(P6<>"",","&P6,"")&IF(Q6<>"",","&Q6,"") -> 298,274
B7: 1601 | C7: 诅咒之剑 | E7: 原木 | F7: 铸造 | G7: 诅咒猎杀 | H7: 诅咒之剑 | J7: 长剑 | K7: 眼球 | L7: 诅咒宝珠 | N7: =VLOOKUP(J7,ItemData!$A$4:$B$394,2,FALSE) -> 1600 | O7: =VLOOKUP(K7,ItemData!$A$4:$B$394,2,FALSE) -> 220 | P7: =VLOOKUP(L7,ItemData!$A$4:$B$394,2,FALSE) -> 257 | S7: =N7&","&O7&IF(P7<>"",","&P7,"")&IF(Q7<>"",","&Q7,"") -> 1600,220,257
B8: 1602 | C8: 烈焰之刃 | E8: 木柴 | F8: 铸造 | G8: 烈焰斩 | H8: 烈焰之刃 | J8: 长剑 | K8: 火晶石 | L8: 石英砂 | M8: 白磷粉末 | N8: =VLOOKUP(J8,ItemData!$A$4:$B$394,2,FALSE) -> 1600 | O8: =VLOOKUP(K8,ItemData!$A$4:$B$394,2,FALSE) -> 229 | P8: =VLOOKUP(L8,ItemData!$A$4:$B$394,2,FALSE) -> 205 | Q8: =VLOOKUP(M8,ItemData!$A$4:$B$394,2,FALSE) -> 284 | S8: =N8&","&O8&IF(P8<>"",","&P8,"")&IF(Q8<>"",","&Q8,"") -> 1600,229,205,284
B9: 1603 | C9: 大地之剑 | E9: 木棒 | F9: 铸造 | G9: 地刺 | H9: 大地之剑 | J9: 长剑 | K9: 土晶石 | L9: 钢 | M9: 粘土 | N9: =VLOOKUP(J9,ItemData!$A$4:$B$394,2,FALSE) -> 1600 | O9: =VLOOKUP(K9,ItemData!$A$4:$B$394,2,FALSE) -> 218 | P9: =VLOOKUP(L9,ItemData!$A$4:$B$394,2,FALSE) -> 299 | Q9: =VLOOKUP(M9,ItemData!$A$4:$B$394,2,FALSE) -> 212 | S9: =N9&","&O9&IF(P9<>"",","&P9,"")&IF(Q9<>"",","&Q9,"") -> 1600,218,299,212
B10: 1604 | C10: 冰之刃 | F10: 铸造 | G10: 寒冰斩 | H10: 冰之刃 | J10: 长剑 | K10: 冰晶石 | L10: 冰的结晶 | M10: 雪球 | N10: =VLOOKUP(J10,ItemData!$A$4:$B$394,2,FALSE) -> 1600 | O10: =VLOOKUP(K10,ItemData!$A$4:$B$394,2,FALSE) -> 260 | P10: =VLOOKUP(L10,ItemData!$A$4:$B$394,2,FALSE) -> 261 | Q10: =VLOOKUP(M10,ItemData!$A$4:$B$394,2,FALSE) -> 253 | S10: =N10&","&O10&IF(P10<>"",","&P10,"")&IF(Q10<>"",","&Q10,"") -> 1600,260,261,253
B11: 1605 | C11: 铁枪 | F11: 铸造 | H11: 铁枪 | J11: 木棒 | K11: 鹿角 | L11: 刀刃 | N11: =VLOOKUP(J11,ItemData!$A$4:$B$394,2,FALSE) -> 104 | O11: =VLOOKUP(K11,ItemData!$A$4:$B$394,2,FALSE) -> 222 | P11: =VLOOKUP(L11,ItemData!$A$4:$B$394,2,FALSE) -> 274 | S11: =N11&","&O11&IF(P11<>"",","&P11,"")&IF(Q11<>"",","&Q11,"") -> 104,222,274
B12: 1606 | C12: 骑士长枪 | F12: 铸造 | G12: 血腥囚笼 | H12: 血腥之枪 | J12: 铁枪 | K12: 魔族之血 | L12: 银块 | M12: 蜂刺 | N12: =VLOOKUP(J12,ItemData!$A$4:$B$394,2,FALSE) -> 1605 | O12: =VLOOKUP(K12,ItemData!$A$4:$B$394,2,FALSE) -> 259 | P12: =VLOOKUP(L12,ItemData!$A$4:$B$394,2,FALSE) -> 237 | Q12: =VLOOKUP(M12,ItemData!$A$4:$B$394,2,FALSE) -> 239 | S12: =N12&","&O12&IF(P12<>"",","&P12,"")&IF(Q12<>"",","&Q12,"") -> 1605,259,237,239
B13: 1607 | C13: 血腥之枪 | F13: 铸造 | G13: 骑士冲击 | H13: 骑士长枪 | J13: 铁枪 | K13: 骑士之证 | L13: 钢 | N13: =VLOOKUP(J13,ItemData!$A$4:$B$394,2,FALSE) -> 1605 | O13: =VLOOKUP(K13,ItemData!$A$4:$B$394,2,FALSE) -> 275 | P13: =VLOOKUP(L13,ItemData!$A$4:$B$394,2,FALSE) -> 299 | S13: =N13&","&O13&IF(P13<>"",","&P13,"")&IF(Q13<>"",","&Q13,"") -> 1605,275,299
B14: 1608 | C14: 三叉戟 | F14: 铸造 | G14: 龙卷风 | H14: 三叉戟 | J14: 铁枪 | K14: 珊瑚 | L14: 象牙 | M14: 水晶石 | N14: =VLOOKUP(J14,ItemData!$A$4:$B$394,2,FALSE) -> 1605 | O14: =VLOOKUP(K14,ItemData!$A$4:$B$394,2,FALSE) -> 227 | P14: =VLOOKUP(L14,ItemData!$A$4:$B$394,2,FALSE) -> 240 | Q14: =VLOOKUP(M14,ItemData!$A$4:$B$394,2,FALSE) -> 232 | S14: =N14&","&O14&IF(P14<>"",","&P14,"")&IF(Q14<>"",","&Q14,"") -> 1605,227,240,232
B15: 1609 | C15: 战斧 | F15: 铸造 | G15: 奇迹斩 | H15: 秘银长剑 | J15: 银块 | K15: 刀刃 | L15: 咒术药水 | M15: 暮光结晶 | N15: =VLOOKUP(J15,ItemData!$A$4:$B$394,2,FALSE) -> 237 | O15: =VLOOKUP(K15,ItemData!$A$4:$B$394,2,FALSE) -> 274 | P15: =VLOOKUP(L15,ItemData!$A$4:$B$394,2,FALSE) -> 256 | Q15: =VLOOKUP(M15,ItemData!$A$4:$B$394,2,FALSE) -> 285 | S15: =N15&","&O15&IF(P15<>"",","&P15,"")&IF(Q15<>"",","&Q15,"") -> 237,274,256,285
B16: 1610 | C16: 毒蜥之牙 | F16: 铸造 | G16: 幻影突刺 | H16: 幻影长枪 | J16: 幻影水晶 | K16: 铁枪 | L16: 夜之幕 | M16: 风晶石 | N16: =VLOOKUP(J16,ItemData!$A$4:$B$394,2,FALSE) -> 269 | O16: =VLOOKUP(K16,ItemData!$A$4:$B$394,2,FALSE) -> 1605 | P16: =VLOOKUP(L16,ItemData!$A$4:$B$394,2,FALSE) -> 264 | Q16: =VLOOKUP(M16,ItemData!$A$4:$B$394,2,FALSE) -> 208 | S16: =N16&","&O16&IF(P16<>"",","&P16,"")&IF(Q16<>"",","&Q16,"") -> 269,1605,264,208
B17: 1611 | C17: 恶魔之斧 | F17: 铸造 | H17: 战斧 | J17: 钢 | K17: 刀刃 | L17: 兽角 | N17: =VLOOKUP(J17,ItemData!$A$4:$B$394,2,FALSE) -> 299 | O17: =VLOOKUP(K17,ItemData!$A$4:$B$394,2,FALSE) -> 274 | P17: =VLOOKUP(L17,ItemData!$A$4:$B$394,2,FALSE) -> 241 | S17: =N17&","&O17&IF(P17<>"",","&P17,"")&IF(Q17<>"",","&Q17,"") -> 299,274,241
B18: 1612 | C18: 蛇皮鞭 | F18: 铸造 | G18: 剧毒风暴 | H18: 毒蜥之牙 | J18: 战斧 | K18: 毒淤泥 | L18: 狼牙 | N18: =VLOOKUP(J18,ItemData!$A$4:$B$394,2,FALSE) -> 1609 | O18: =VLOOKUP(K18,ItemData!$A$4:$B$394,2,FALSE) -> 254 | P18: =VLOOKUP(L18,ItemData!$A$4:$B$394,2,FALSE) -> 211 | S18: =N18&","&O18&IF(P18<>"",","&P18,"")&IF(Q18<>"",","&Q18,"") -> 1609,254,211
B19: 1613 | C19: 藤鞭 | F19: 铸造 | G19: 恶魔幻影 | H19: 恶魔之斧 | J19: 战斧 | K19: 魔族之血 | L19: 人狼之证 | M19: 石化之眼 | N19: =VLOOKUP(J19,ItemData!$A$4:$B$394,2,FALSE) -> 1609 | O19: =VLOOKUP(K19,ItemData!$A$4:$B$394,2,FALSE) -> 259 | P19: =VLOOKUP(L19,ItemData!$A$4:$B$394,2,FALSE) -> 258 | Q19: =VLOOKUP(M19,ItemData!$A$4:$B$394,2,FALSE) -> 263 | S19: =N19&","&O19&IF(P19<>"",","&P19,"")&IF(Q19<>"",","&Q19,"") -> 1609,259,258,263
B20: 1614 | C20: 女王鞭 | F20: 铸造 | G20: 暴风雪 | H20: 暴雪斧 | J20: 战斧 | K20: 雪球 | L20: 冰晶石 | M20: 寒冰气息 | N20: =VLOOKUP(J20,ItemData!$A$4:$B$394,2,FALSE) -> 1609 | O20: =VLOOKUP(K20,ItemData!$A$4:$B$394,2,FALSE) -> 253 | P20: =VLOOKUP(L20,ItemData!$A$4:$B$394,2,FALSE) -> 260 | Q20: =VLOOKUP(M20,ItemData!$A$4:$B$394,2,FALSE) -> 267 | S20: =N20&","&O20&IF(P20<>"",","&P20,"")&IF(Q20<>"",","&Q20,"") -> 1609,253,260,267
B21: 1615 | C21: 蛇牙鞭 | F21: 缝纫 | H21: 蛇皮鞭 | J21: 蛇皮 | K21: 马尾 | L21: 蛛丝 | N21: =VLOOKUP(J21,ItemData!$A$4:$B$394,2,FALSE) -> 238 | O21: =VLOOKUP(K21,ItemData!$A$4:$B$394,2,FALSE) -> 276 | P21: =VLOOKUP(L21,ItemData!$A$4:$B$394,2,FALSE) -> 214 | S21: =N21&","&O21&IF(P21<>"",","&P21,"")&IF(Q21<>"",","&Q21,"") -> 238,276,214
B22: 1616 | C22: 暴雪斧 | F22: 缝纫 | H22: 藤鞭 | J22: 植物的藤 | K22: 马尾 | L22: 蛛丝 | N22: =VLOOKUP(J22,ItemData!$A$4:$B$394,2,FALSE) -> 221 | O22: =VLOOKUP(K22,ItemData!$A$4:$B$394,2,FALSE) -> 276 | P22: =VLOOKUP(L22,ItemData!$A$4:$B$394,2,FALSE) -> 214 | S22: =N22&","&O22&IF(P22<>"",","&P22,"")&IF(Q22<>"",","&Q22,"") -> 221,276,214
B23: 1617 | C23: 秘银长剑 | F23: 缝纫 | G23: 女王之春 | H23: 女王鞭 | J23: 藤鞭 | K23: 尖刺 | L23: 幽魂 | N23: =VLOOKUP(J23,ItemData!$A$4:$B$394,2,FALSE) -> #N/A | O23: =VLOOKUP(K23,ItemData!$A$4:$B$394,2,FALSE) -> 213 | P23: =VLOOKUP(L23,ItemData!$A$4:$B$394,2,FALSE) -> 246 | S23: =N23&","&O23&IF(P23<>"",","&P23,"")&IF(Q23<>"",","&Q23,"") -> #N/A
B24: 1618 | C24: 幻影长枪 | F24: 缝纫 | G24: 刺颈鞭挞 | H24: 蛇牙鞭 | J24: 蛇皮鞭 | K24: 狼牙 | L24: 蛇皮鞭 | N24: =VLOOKUP(J24,ItemData!$A$4:$B$394,2,FALSE) -> 1612 | O24: =VLOOKUP(K24,ItemData!$A$4:$B$394,2,FALSE) -> 211 | P24: =VLOOKUP(L24,ItemData!$A$4:$B$394,2,FALSE) -> 1612 | S24: =N24&","&O24&IF(P24<>"",","&P24,"")&IF(Q24<>"",","&Q24,"") -> 1612,211,1612
B25: 1619 | C25: 雷神之鞭 | F25: 铸造 | G25: 雷暴 | H25: 雷神之鞭 | J25: 雷鸣宝珠 | K25: 电偶瓶 | L25: 蜂刺 | M25: 女王鞭 | N25: =VLOOKUP(J25,ItemData!$A$4:$B$394,2,FALSE) -> 270 | O25: =VLOOKUP(K25,ItemData!$A$4:$B$394,2,FALSE) -> 225 | P25: =VLOOKUP(L25,ItemData!$A$4:$B$394,2,FALSE) -> 239 | Q25: =VLOOKUP(M25,ItemData!$A$4:$B$394,2,FALSE) -> #N/A | S25: =N25&","&O25&IF(P25<>"",","&P25,"")&IF(Q25<>"",","&Q25,"") -> #N/A
B26: 1620 | C26: 死亡之鞭 | F26: 铸造 | G26: 幽冥黑洞 | H26: 死亡之鞭 | J26: 脏绷带 | K26: 亡者之土 | L26: 寒冰火种 | M26: 蛇牙鞭 | N26: =VLOOKUP(J26,ItemData!$A$4:$B$394,2,FALSE) -> 245 | O26: =VLOOKUP(K26,ItemData!$A$4:$B$394,2,FALSE) -> 255 | P26: =VLOOKUP(L26,ItemData!$A$4:$B$394,2,FALSE) -> 268 | Q26: =VLOOKUP(M26,ItemData!$A$4:$B$394,2,FALSE) -> 1615 | S26: =N26&","&O26&IF(P26<>"",","&P26,"")&IF(Q26<>"",","&Q26,"") -> 245,255,268,1615
B27: 1650 | C27: 布衣 | F27: 缝纫 | H27: 布衣 | J27: 布片 | K27: 毛线 | N27: =VLOOKUP(J27,ItemData!$A$4:$B$394,2,FALSE) -> 204 | O27: =VLOOKUP(K27,ItemData!$A$4:$B$394,2,FALSE) -> 277 | S27: =N27&","&O27&IF(P27<>"",","&P27,"")&IF(Q27<>"",","&Q27,"") -> 204,277
B28: 1651 | C28: 皮铠 | F28: 缝纫 | H28: 皮铠 | J28: 皮革 | K28: 粘液 | L28: 蛛丝 | N28: =VLOOKUP(J28,ItemData!$A$4:$B$394,2,FALSE) -> 271 | O28: =VLOOKUP(K28,ItemData!$A$4:$B$394,2,FALSE) -> 278 | P28: =VLOOKUP(L28,ItemData!$A$4:$B$394,2,FALSE) -> 214 | S28: =N28&","&O28&IF(P28<>"",","&P28,"")&IF(Q28<>"",","&Q28,"") -> 271,278,214
B29: 1652 | C29: 锁子甲 | F29: 缝纫 | H29: 锁子甲 | J29: 皮铠 | K29: 珊瑚 | L29: 钢 | N29: =VLOOKUP(J29,ItemData!$A$4:$B$394,2,FALSE) -> 1651 | O29: =VLOOKUP(K29,ItemData!$A$4:$B$394,2,FALSE) -> 227 | P29: =VLOOKUP(L29,ItemData!$A$4:$B$394,2,FALSE) -> 299 | S29: =N29&","&O29&IF(P29<>"",","&P29,"")&IF(Q29<>"",","&Q29,"") -> 1651,227,299
B30: 1653 | C30: 毛皮斗篷 | F30: 缝纫 | H30: 毛皮斗篷 | J30: 皮铠 | K30: 魔兽皮毛 | L30: 鸭绒 | N30: =VLOOKUP(J30,ItemData!$A$4:$B$394,2,FALSE) -> 1651 | O30: =VLOOKUP(K30,ItemData!$A$4:$B$394,2,FALSE) -> 223 | P30: =VLOOKUP(L30,ItemData!$A$4:$B$394,2,FALSE) -> 301 | S30: =N30&","&O30&IF(P30<>"",","&P30,"")&IF(Q30<>"",","&Q30,"") -> 1651,223,301
B31: 1654 | C31: 铁铠甲 | F31: 铸造 | H31: 铁铠甲 | J31: 铁块 | K31: 石英砂 | N31: =VLOOKUP(J31,ItemData!$A$4:$B$394,2,FALSE) -> 298 | O31: =VLOOKUP(K31,ItemData!$A$4:$B$394,2,FALSE) -> 205 | S31: =N31&","&O31&IF(P31<>"",","&P31,"")&IF(Q31<>"",","&Q31,"") -> 298,205
B32: 1655 | C32: 红莲之铠 | F32: 铸造 | H32: 红莲之铠 | J32: 铁铠甲 | K32: 遗骨 | L32: 火晶石 | M32: 魔力之土 | N32: =VLOOKUP(J32,ItemData!$A$4:$B$394,2,FALSE) -> 1654 | O32: =VLOOKUP(K32,ItemData!$A$4:$B$394,2,FALSE) -> 250 | P32: =VLOOKUP(L32,ItemData!$A$4:$B$394,2,FALSE) -> 229 | Q32: =VLOOKUP(M32,ItemData!$A$4:$B$394,2,FALSE) -> 286 | S32: =N32&","&O32&IF(P32<>"",","&P32,"")&IF(Q32<>"",","&Q32,"") -> 1654,250,229,286
B33: 1656 | C33: 铁龟铠 | F33: 铸造 | H33: 铁龟铠 | J33: 龟壳 | K33: 铁铠甲 | L33: 琥珀 | N33: =VLOOKUP(J33,ItemData!$A$4:$B$394,2,FALSE) -> 202 | O33: =VLOOKUP(K33,ItemData!$A$4:$B$394,2,FALSE) -> 1654 | P33: =VLOOKUP(L33,ItemData!$A$4:$B$394,2,FALSE) -> 210 | S33: =N33&","&O33&IF(P33<>"",","&P33,"")&IF(Q33<>"",","&Q33,"") -> 202,1654,210
B34: 1657 | C34: 华丽背心 | F34: 缝纫 | H34: 华丽背心 | J34: 彩色的布 | K34: 彩色羽毛 | L34: 毛线 | M34: 鸭绒 | N34: =VLOOKUP(J34,ItemData!$A$4:$B$394,2,FALSE) -> 272 | O34: =VLOOKUP(K34,ItemData!$A$4:$B$394,2,FALSE) -> 228 | P34: =VLOOKUP(L34,ItemData!$A$4:$B$394,2,FALSE) -> 277 | S34: =N34&","&O34&IF(P34<>"",","&P34,"")&IF(Q34<>"",","&Q34,"") -> 272,228,277
B35: 1658 | C35: 鳞铠 | F35: 缝纫 | H35: 鳞铠 | J35: 鳞片 | K35: 粘液 | L35: 皮革 | N35: =VLOOKUP(J35,ItemData!$A$4:$B$394,2,FALSE) -> 273 | O35: =VLOOKUP(K35,ItemData!$A$4:$B$394,2,FALSE) -> 278 | P35: =VLOOKUP(L35,ItemData!$A$4:$B$394,2,FALSE) -> 271 | S35: =N35&","&O35&IF(P35<>"",","&P35,"")&IF(Q35<>"",","&Q35,"") -> 273,278,271
B36: 1659 | C36: 暗之袍 | F36: 缝纫 | H36: 暗之袍 | J36: 夜之幕 | K36: 毛线 | L36: 亡者之土 | M36: 幽魂 | N36: =VLOOKUP(J36,ItemData!$A$4:$B$394,2,FALSE) -> 264 | O36: =VLOOKUP(K36,ItemData!$A$4:$B$394,2,FALSE) -> 277 | P36: =VLOOKUP(L36,ItemData!$A$4:$B$394,2,FALSE) -> 255 | Q36: =VLOOKUP(M36,ItemData!$A$4:$B$394,2,FALSE) -> 246 | S36: =N36&","&O36&IF(P36<>"",","&P36,"")&IF(Q36<>"",","&Q36,"") -> 264,277,255,246
B37: 1660 | C37: 疾风背心 | F37: 缝纫 | H37: 疾风背心 | J37: 布衣 | K37: 风晶石 | L37: 奇美拉之翼 | N37: =VLOOKUP(J37,ItemData!$A$4:$B$394,2,FALSE) -> 1650 | O37: =VLOOKUP(K37,ItemData!$A$4:$B$394,2,FALSE) -> 208 | P37: =VLOOKUP(L37,ItemData!$A$4:$B$394,2,FALSE) -> 224 | S37: =N37&","&O37&IF(P37<>"",","&P37,"")&IF(Q37<>"",","&Q37,"") -> 1650,208,224
B38: 1661 | C38: 魔法铠甲 | F38: 缝纫 | H38: 魔法铠甲 | J38: 皮铠 | K38: 水晶球 | L38: 金块 | M38: 兽角 | N38: =VLOOKUP(J38,ItemData!$A$4:$B$394,2,FALSE) -> 1651 | O38: =VLOOKUP(K38,ItemData!$A$4:$B$394,2,FALSE) -> 242 | P38: =VLOOKUP(L38,ItemData!$A$4:$B$394,2,FALSE) -> 247 | Q38: =VLOOKUP(M38,ItemData!$A$4:$B$394,2,FALSE) -> 241 | S38: =N38&","&O38&IF(P38<>"",","&P38,"")&IF(Q38<>"",","&Q38,"") -> 1651,242,247,241
B39: 1662 | C39: 钢刃锁甲 | F39: 铸造 | H39: 钢刃锁甲 | J39: 铁铠甲 | K39: 刀刃 | L39: 钢 | M39: 土晶石 | N39: =VLOOKUP(J39,ItemData!$A$4:$B$394,2,FALSE) -> 1654 | O39: =VLOOKUP(K39,ItemData!$A$4:$B$394,2,FALSE) -> 274 | P39: =VLOOKUP(L39,ItemData!$A$4:$B$394,2,FALSE) -> 299 | Q39: =VLOOKUP(M39,ItemData!$A$4:$B$394,2,FALSE) -> 218 | S39: =N39&","&O39&IF(P39<>"",","&P39,"")&IF(Q39<>"",","&Q39,"") -> 1654,274,299,218
B40: 1663 | C40: 丝织长袍 | F40: 缝纫 | H40: 丝织长袍 | J40: 布片 | K40: 蛛丝 | L40: 彩色羽毛 | N40: =VLOOKUP(J40,ItemData!$A$4:$B$394,2,FALSE) -> 204 | O40: =VLOOKUP(K40,ItemData!$A$4:$B$394,2,FALSE) -> 214 | P40: =VLOOKUP(L40,ItemData!$A$4:$B$394,2,FALSE) -> 228 | S40: =N40&","&O40&IF(P40<>"",","&P40,"")&IF(Q40<>"",","&Q40,"") -> 204,214,228
B41: 1664 | C41: 水之羽衣 | F41: 缝纫 | H41: 水之羽衣 | J41: 布衣 | K41: 水晶石 | L41: 防水皮革 | N41: =VLOOKUP(J41,ItemData!$A$4:$B$394,2,FALSE) -> 1650 | O41: =VLOOKUP(K41,ItemData!$A$4:$B$394,2,FALSE) -> 232 | P41: =VLOOKUP(L41,ItemData!$A$4:$B$394,2,FALSE) -> 282 | S41: =N41&","&O41&IF(P41<>"",","&P41,"")&IF(Q41<>"",","&Q41,"") -> 1650,232,282
B42: 1665 | C42: 贵族长裙 | F42: 缝纫 | H42: 贵族长裙 | J42: 华丽背心 | K42: 贵族徽章 | L42: 珍珠 | M42: 金块 | N42: =VLOOKUP(J42,ItemData!$A$4:$B$394,2,FALSE) -> 1657 | O42: =VLOOKUP(K42,ItemData!$A$4:$B$394,2,FALSE) -> 279 | P42: =VLOOKUP(L42,ItemData!$A$4:$B$394,2,FALSE) -> 234 | Q42: =VLOOKUP(M42,ItemData!$A$4:$B$394,2,FALSE) -> 247 | S42: =N42&","&O42&IF(P42<>"",","&P42,"")&IF(Q42<>"",","&Q42,"") -> 1657,279,234,247
B43: 1666 | C43: 幸运之衣 | F43: 缝纫 | H43: 幸运之衣 | J43: 远古的硬币 | K43: 布衣 | L43: 脏绷带 | M43: 暮光结晶 | N43: =VLOOKUP(J43,ItemData!$A$4:$B$394,2,FALSE) -> 248 | O43: =VLOOKUP(K43,ItemData!$A$4:$B$394,2,FALSE) -> 1650 | P43: =VLOOKUP(L43,ItemData!$A$4:$B$394,2,FALSE) -> 245 | Q43: =VLOOKUP(M43,ItemData!$A$4:$B$394,2,FALSE) -> 285 | S43: =N43&","&O43&IF(P43<>"",","&P43,"")&IF(Q43<>"",","&Q43,"") -> 248,1650,245,285
B44: 1700 | C44: 布鞋 | F44: 缝纫 | H44: 布鞋 | J44: 布片 | K44: 兔子脚 | L44: 粘液 | N44: =VLOOKUP(J44,ItemData!$A$4:$B$394,2,FALSE) -> 204 | O44: =VLOOKUP(K44,ItemData!$A$4:$B$394,2,FALSE) -> 302 | P44: =VLOOKUP(L44,ItemData!$A$4:$B$394,2,FALSE) -> 278 | S44: =N44&","&O44&IF(P44<>"",","&P44,"")&IF(Q44<>"",","&Q44,"") -> 204,302,278
B45: 1701 | C45: 皮鞋 | F45: 缝纫 | H45: 皮鞋 | J45: 皮革 | K45: 鹿角 | L45: 粘液 | N45: =VLOOKUP(J45,ItemData!$A$4:$B$394,2,FALSE) -> 271 | O45: =VLOOKUP(K45,ItemData!$A$4:$B$394,2,FALSE) -> 222 | P45: =VLOOKUP(L45,ItemData!$A$4:$B$394,2,FALSE) -> 278 | S45: =N45&","&O45&IF(P45<>"",","&P45,"")&IF(Q45<>"",","&Q45,"") -> 271,222,278
B46: 1702 | C46: 士兵长靴 | F46: 铸造 | H46: 士兵长靴 | J46: 铁块 | K46: 琥珀 | L46: 龟壳 | N46: =VLOOKUP(J46,ItemData!$A$4:$B$394,2,FALSE) -> 298 | O46: =VLOOKUP(K46,ItemData!$A$4:$B$394,2,FALSE) -> 210 | P46: =VLOOKUP(L46,ItemData!$A$4:$B$394,2,FALSE) -> 202 | S46: =N46&","&O46&IF(P46<>"",","&P46,"")&IF(Q46<>"",","&Q46,"") -> 298,210,202
B47: 1703 | C47: 登山者之靴 | F47: 缝纫 | H47: 登山者之靴 | J47: 皮鞋 | K47: 鳞片 | L47: 蛇皮 | M47: 鸭绒 | N47: =VLOOKUP(J47,ItemData!$A$4:$B$394,2,FALSE) -> 1701 | O47: =VLOOKUP(K47,ItemData!$A$4:$B$394,2,FALSE) -> 273 | P47: =VLOOKUP(L47,ItemData!$A$4:$B$394,2,FALSE) -> 238 | S47: =N47&","&O47&IF(P47<>"",","&P47,"")&IF(Q47<>"",","&Q47,"") -> 1701,273,238
B48: 1704 | C48: 运动鞋 | F48: 缝纫 | H48: 运动鞋 | J48: 布鞋 | K48: 鸭绒 | L48: 蛛丝 | N48: =VLOOKUP(J48,ItemData!$A$4:$B$394,2,FALSE) -> 1700 | O48: =VLOOKUP(K48,ItemData!$A$4:$B$394,2,FALSE) -> 301 | P48: =VLOOKUP(L48,ItemData!$A$4:$B$394,2,FALSE) -> 214 | S48: =N48&","&O48&IF(P48<>"",","&P48,"")&IF(Q48<>"",","&Q48,"") -> 1700,301,214
B49: 1705 | C49: 贵族长靴 | F49: 缝纫 | H49: 贵族长靴 | J49: 皮鞋 | K49: 珍珠 | L49: 魔兽皮毛 | M49: 贵族徽章 | N49: =VLOOKUP(J49,ItemData!$A$4:$B$394,2,FALSE) -> 1701 | O49: =VLOOKUP(K49,ItemData!$A$4:$B$394,2,FALSE) -> 234 | P49: =VLOOKUP(L49,ItemData!$A$4:$B$394,2,FALSE) -> 223 | Q49: =VLOOKUP(M49,ItemData!$A$4:$B$394,2,FALSE) -> 279 | S49: =N49&","&O49&IF(P49<>"",","&P49,"")&IF(Q49<>"",","&Q49,"") -> 1701,234,223,279
B50: 1706 | C50: 武道鞋 | F50: 缝纫 | H50: 武道鞋 | J50: 布鞋 | K50: 武道精华 | L50: 水晶石 | M50: 彩色的布 | N50: =VLOOKUP(J50,ItemData!$A$4:$B$394,2,FALSE) -> 1700 | O50: =VLOOKUP(K50,ItemData!$A$4:$B$394,2,FALSE) -> 280 | P50: =VLOOKUP(L50,ItemData!$A$4:$B$394,2,FALSE) -> 232 | Q50: =VLOOKUP(M50,ItemData!$A$4:$B$394,2,FALSE) -> 272 | S50: =N50&","&O50&IF(P50<>"",","&P50,"")&IF(Q50<>"",","&Q50,"") -> 1700,280,232,272
B51: 1707 | C51: 骑士护胫 | F51: 铸造 | H51: 骑士护胫 | J51: 士兵长靴 | K51: 骑士之证 | L51: 象牙 | M51: 钢 | N51: =VLOOKUP(J51,ItemData!$A$4:$B$394,2,FALSE) -> 1702 | O51: =VLOOKUP(K51,ItemData!$A$4:$B$394,2,FALSE) -> 275 | P51: =VLOOKUP(L51,ItemData!$A$4:$B$394,2,FALSE) -> 240 | Q51: =VLOOKUP(M51,ItemData!$A$4:$B$394,2,FALSE) -> 299 | S51: =N51&","&O51&IF(P51<>"",","&P51,"")&IF(Q51<>"",","&Q51,"") -> 1702,275,240,299
B52: 1708 | C52: 贤者之履 | F52: 缝纫 | H52: 贤者之履 | J52: 布鞋 | K52: 贤者晶石 | L52: 妖精粉 | M52: 防水皮革 | N52: =VLOOKUP(J52,ItemData!$A$4:$B$394,2,FALSE) -> 1700 | O52: =VLOOKUP(K52,ItemData!$A$4:$B$394,2,FALSE) -> 281 | P52: =VLOOKUP(L52,ItemData!$A$4:$B$394,2,FALSE) -> 251 | Q52: =VLOOKUP(M52,ItemData!$A$4:$B$394,2,FALSE) -> 282 | S52: =N52&","&O52&IF(P52<>"",","&P52,"")&IF(Q52<>"",","&Q52,"") -> 1700,281,251,282
B53: 1709 | C53: 风神之履 | F53: 缝纫 | H53: 风神之履 | J53: 奇美拉之翼 | K53: 运动鞋 | L53: 夜之幕 | M53: 人狼之证 | N53: =VLOOKUP(J53,ItemData!$A$4:$B$394,2,FALSE) -> 224 | O53: =VLOOKUP(K53,ItemData!$A$4:$B$394,2,FALSE) -> 1704 | P53: =VLOOKUP(L53,ItemData!$A$4:$B$394,2,FALSE) -> 264 | Q53: =VLOOKUP(M53,ItemData!$A$4:$B$394,2,FALSE) -> 258 | S53: =N53&","&O53&IF(P53<>"",","&P53,"")&IF(Q53<>"",","&Q53,"") -> 224,1704,264,258
B54: 1710 | C54: 踏浪长靴 | F54: 缝纫 | H54: 踏浪长靴 | J54: 登山者之靴 | K54: 防水皮革 | L54: 水晶石 | M54: 寒冰气息 | N54: =VLOOKUP(J54,ItemData!$A$4:$B$394,2,FALSE) -> 1703 | O54: =VLOOKUP(K54,ItemData!$A$4:$B$394,2,FALSE) -> 282 | P54: =VLOOKUP(L54,ItemData!$A$4:$B$394,2,FALSE) -> 232 | Q54: =VLOOKUP(M54,ItemData!$A$4:$B$394,2,FALSE) -> 267 | S54: =N54&","&O54&IF(P54<>"",","&P54,"")&IF(Q54<>"",","&Q54,"") -> 1703,282,232,267
H56: 布口袋
H57: 皮革背囊
H58: 行者背包
D62: 迷幻孢子 | F62: 加工 | H62: 毛线 | J62: 羊毛
D63: 力量果实 | F63: 加工 | H63: 布片 | J63: 毛线
D64: 恶魔花瓣 | F64: 加工 | H64: 皮革 | J64: 兽皮
D65: 白磷粉末 | F65: 铸造 | H65: 铁块 | J65: 废铁 | K65: 焦炭
D66: 雷鸣宝珠 | F66: 铸造 | H66: 铁块 | J66: 铁矿 | K66: 焦炭
D67: 贤者晶石 | F67: 铸造 | H67: 钢 | J67: 铁块 | K67: 焦炭
D68: 月之光华
D69: 贵族徽章 | F69: 绘写 | H69: 回春卷轴 | J69: 月之光华 | K69: 暗夜之露 | L69: 仙人掌 | N69: =VLOOKUP(J69,ItemData!$A$4:$B$394,2,FALSE) -> 290 | O69: =VLOOKUP(K69,ItemData!$A$4:$B$394,2,FALSE) -> 292 | P69: =VLOOKUP(L69,ItemData!$A$4:$B$394,2,FALSE) -> 244 | R69: =N69&","&O69&","&P69 -> 290,292,244
D70: 骑士之证 | F70: 绘写 | H70: 振奋卷轴 | J70: 图腾号角 | K70: 星的眼泪 | L70: 草药茶 | N70: =VLOOKUP(J70,ItemData!$A$4:$B$394,2,FALSE) -> 294 | O70: =VLOOKUP(K70,ItemData!$A$4:$B$394,2,FALSE) -> 265 | P70: =VLOOKUP(L70,ItemData!$A$4:$B$394,2,FALSE) -> 207 | R70: =N70&","&O70&","&P70 -> 294,265,207
D71: 武道精华 | F71: 绘写 | H71: 昏睡卷轴 | J71: 妖精粉 | K71: 迷幻孢子 | L71: 诅咒宝珠 | N71: =VLOOKUP(J71,ItemData!$A$4:$B$394,2,FALSE) -> 251 | O71: =VLOOKUP(K71,ItemData!$A$4:$B$394,2,FALSE) -> 287 | P71: =VLOOKUP(L71,ItemData!$A$4:$B$394,2,FALSE) -> 257 | R71: =N71&","&O71&","&P71 -> 251,287,257
D72: 魔力之土 | F72: 绘写 | H72: 感电卷轴 | J72: 月之光华 | K72: 电偶瓶 | L72: 魔力之土 | N72: =VLOOKUP(J72,ItemData!$A$4:$B$394,2,FALSE) -> 290 | O72: =VLOOKUP(K72,ItemData!$A$4:$B$394,2,FALSE) -> 225 | P72: =VLOOKUP(L72,ItemData!$A$4:$B$394,2,FALSE) -> 286 | R72: =N72&","&O72&","&P72 -> 290,225,286
D73: 萤火树汁 | F73: 绘写 | H73: 冰氛卷轴 | J73: 寒冰气息 | K73: 冰的结晶 | L73: 魔力之土 | N73: =VLOOKUP(J73,ItemData!$A$4:$B$394,2,FALSE) -> 267 | O73: =VLOOKUP(K73,ItemData!$A$4:$B$394,2,FALSE) -> 261 | P73: =VLOOKUP(L73,ItemData!$A$4:$B$394,2,FALSE) -> 286 | R73: =N73&","&O73&","&P73 -> 267,261,286
D74: 暗夜之露 | F74: 绘写 | H74: 火氛卷轴 | J74: 白磷粉末 | K74: 萤火树汁 | L74: 魔力之土 | N74: =VLOOKUP(J74,ItemData!$A$4:$B$394,2,FALSE) -> 284 | O74: =VLOOKUP(K74,ItemData!$A$4:$B$394,2,FALSE) -> 291 | P74: =VLOOKUP(L74,ItemData!$A$4:$B$394,2,FALSE) -> 286 | R74: =N74&","&O74&","&P74 -> 284,291,286
F75: 绘写 | H75: 沉默卷轴 | J75: 石化之眼 | K75: 亡者之土 | L75: 琥珀 | N75: =VLOOKUP(J75,ItemData!$A$4:$B$394,2,FALSE) -> 263 | O75: =VLOOKUP(K75,ItemData!$A$4:$B$394,2,FALSE) -> 255 | P75: =VLOOKUP(L75,ItemData!$A$4:$B$394,2,FALSE) -> 210 | R75: =N75&","&O75&","&P75 -> 263,255,210
D76: 幻影水晶 | F76: 绘写 | H76: 减速卷轴 | J76: 神奇泥浆 | K76: 魔族之血 | L76: 遗骨 | N76: =VLOOKUP(J76,ItemData!$A$4:$B$394,2,FALSE) -> 236 | O76: =VLOOKUP(K76,ItemData!$A$4:$B$394,2,FALSE) -> 259 | P76: =VLOOKUP(L76,ItemData!$A$4:$B$394,2,FALSE) -> 250 | R76: =N76&","&O76&","&P76 -> 236,259,250
D77: 魅惑药水 | F77: 绘写 | H77: 闪避卷轴 | J77: 风晶石 | K77: 粘液 | L77: 贤者晶石 | N77: =VLOOKUP(J77,ItemData!$A$4:$B$394,2,FALSE) -> 208 | O77: =VLOOKUP(K77,ItemData!$A$4:$B$394,2,FALSE) -> 278 | P77: =VLOOKUP(L77,ItemData!$A$4:$B$394,2,FALSE) -> 281 | R77: =N77&","&O77&","&P77 -> 208,278,281
D78: 暮光结晶 | F78: 绘写 | H78: 力量卷轴 | J78: 力量果实 | K78: 咒术药水 | L78: 象牙 | N78: =VLOOKUP(J78,ItemData!$A$4:$B$394,2,FALSE) -> 288 | O78: =VLOOKUP(K78,ItemData!$A$4:$B$394,2,FALSE) -> 256 | P78: =VLOOKUP(L78,ItemData!$A$4:$B$394,2,FALSE) -> 240 | R78: =N78&","&O78&","&P78 -> 288,256,240
D79: 图腾号角 | F79: 绘写 | H79: 魅惑卷轴 | J79: 魅惑药水 | K79: 恶魔花瓣 | L79: 毒淤泥 | N79: =VLOOKUP(J79,ItemData!$A$4:$B$394,2,FALSE) -> 293 | O79: =VLOOKUP(K79,ItemData!$A$4:$B$394,2,FALSE) -> 289 | P79: =VLOOKUP(L79,ItemData!$A$4:$B$394,2,FALSE) -> 254 | R79: =N79&","&O79&","&P79 -> 293,289,254
H80: 传送卷轴 | J80: 奇美拉之翼 | K80: 幻影水晶 | L80: 萤火树汁 | N80: =VLOOKUP(J80,ItemData!$A$4:$B$394,2,FALSE) -> 224 | O80: =VLOOKUP(K80,ItemData!$A$4:$B$394,2,FALSE) -> 269 | P80: =VLOOKUP(L80,ItemData!$A$4:$B$394,2,FALSE) -> 291 | R80: =N80&","&O80&","&P80 -> 224,269,291
D81: 空白卷轴
F83: 缝纫 | H83: 草帽 | J83: 干草 | K83: 布片 | N83: =VLOOKUP(J83,ItemData!$A$4:$B$394,2,FALSE) -> 105 | O83: =VLOOKUP(K83,ItemData!$A$4:$B$394,2,FALSE) -> 204 | S83: =N83&","&O83&IF(P83<>"",","&P83,"")&IF(Q83<>"",","&Q83,"") -> 105,204
F84: 缝纫 | H84: 暮光草帽 | J84: 草帽 | K84: 暮光结晶 | N84: =VLOOKUP(J84,ItemData!$A$4:$B$394,2,FALSE) -> 1800 | O84: =VLOOKUP(K84,ItemData!$A$4:$B$394,2,FALSE) -> 285 | S84: =N84&","&O84&IF(P84<>"",","&P84,"")&IF(Q84<>"",","&Q84,"") -> 1800,285
F85: 缝纫 | H85: 法师帽 | J85: 布片 | K85: 魔力之土 | L85: 咒术药水 | N85: =VLOOKUP(J85,ItemData!$A$4:$B$394,2,FALSE) -> 204 | O85: =VLOOKUP(K85,ItemData!$A$4:$B$394,2,FALSE) -> 286 | P85: =VLOOKUP(L85,ItemData!$A$4:$B$394,2,FALSE) -> 256 | S85: =N85&","&O85&IF(P85<>"",","&P85,"")&IF(Q85<>"",","&Q85,"") -> 204,286,256
F86: 铸造 | H86: 士兵头盔 | J86: 铁块 | K86: 皮革 | N86: =VLOOKUP(J86,ItemData!$A$4:$B$394,2,FALSE) -> 298 | O86: =VLOOKUP(K86,ItemData!$A$4:$B$394,2,FALSE) -> 271 | S86: =N86&","&O86&IF(P86<>"",","&P86,"")&IF(Q86<>"",","&Q86,"") -> 298,271
F87: 铸造 | H87: 尖角头盔 | J87: 士兵头盔 | K87: 兽角 | L87: 尖刺 | N87: =VLOOKUP(J87,ItemData!$A$4:$B$394,2,FALSE) -> 1803 | O87: =VLOOKUP(K87,ItemData!$A$4:$B$394,2,FALSE) -> 241 | P87: =VLOOKUP(L87,ItemData!$A$4:$B$394,2,FALSE) -> 213 | S87: =N87&","&O87&IF(P87<>"",","&P87,"")&IF(Q87<>"",","&Q87,"") -> 1803,241,213
F88: 缝纫 | H88: 幸运头巾 | J88: 彩色的布 | K88: 远古的硬币 | L88: 奇美拉之翼 | N88: =VLOOKUP(J88,ItemData!$A$4:$B$394,2,FALSE) -> 272 | O88: =VLOOKUP(K88,ItemData!$A$4:$B$394,2,FALSE) -> 248 | P88: =VLOOKUP(L88,ItemData!$A$4:$B$394,2,FALSE) -> 224 | S88: =N88&","&O88&IF(P88<>"",","&P88,"")&IF(Q88<>"",","&Q88,"") -> 272,248,224
F89: 缝纫 | H89: 绅士礼帽 | J89: 彩色的布 | K89: 彩色羽毛 | L89: 妖精粉 | N89: =VLOOKUP(J89,ItemData!$A$4:$B$394,2,FALSE) -> 272 | O89: =VLOOKUP(K89,ItemData!$A$4:$B$394,2,FALSE) -> 228 | P89: =VLOOKUP(L89,ItemData!$A$4:$B$394,2,FALSE) -> 251 | S89: =N89&","&O89&IF(P89<>"",","&P89,"")&IF(Q89<>"",","&Q89,"") -> 272,228,251
F90: 缝纫 | H90: 贵族头巾 | J90: 彩色的布 | K90: 贵族徽章 | L90: 珍珠 | N90: =VLOOKUP(J90,ItemData!$A$4:$B$394,2,FALSE) -> 272 | O90: =VLOOKUP(K90,ItemData!$A$4:$B$394,2,FALSE) -> 279 | P90: =VLOOKUP(L90,ItemData!$A$4:$B$394,2,FALSE) -> 234 | S90: =N90&","&O90&IF(P90<>"",","&P90,"")&IF(Q90<>"",","&Q90,"") -> 272,279,234
F91: 铸造 | H91: 战争头盔 | J91: 尖角头盔 | K91: 力量果实 | L91: 金块 | N91: =VLOOKUP(J91,ItemData!$A$4:$B$394,2,FALSE) -> 1804 | O91: =VLOOKUP(K91,ItemData!$A$4:$B$394,2,FALSE) -> 288 | P91: =VLOOKUP(L91,ItemData!$A$4:$B$394,2,FALSE) -> 247 | S91: =N91&","&O91&IF(P91<>"",","&P91,"")&IF(Q91<>"",","&Q91,"") -> 1804,288,247
G96: dd
G97: 缝纫
G98: 缝纫
G99: 缝纫
G100: 缝纫
G101: 缝纫
G102: 缝纫
G103: 缝纫
G104: 缝纫
G105: 缝纫
G106: 缝纫
G107: 缝纫
... G145: 铸造

Sheet Sheet3
E5: 长剑 | G5: =$I5&","&$J5&","&$K5&","&$L5 -> 铁块,刀刃,, | I5: 铁块 | J5: 刀刃 | N5: 铸造,废铁,焦炭, | T5: 铸造,废铁,焦炭, | U5: 刀刃 | Z5: =T5&","&U5&","&V5&","&W5 -> 铸造,废铁,焦炭,,刀刃,,
E6: 诅咒之剑 | G6: =$I6&","&$J6&","&$K6&","&$L6 -> 长剑,眼球,诅咒宝珠, | I6: 长剑 | J6: 眼球 | K6: 诅咒宝珠 | N6: 铁块,刀刃,, | T6: 铁块,刀刃,, | U6: 眼球 | V6: 诅咒宝珠 | Z6: =T6&","&U6&","&V6&","&W6 -> 铁块,刀刃,,,眼球,诅咒宝珠,
E7: 烈焰之刃 | G7: =$I7&","&$J7&","&$K7&","&$L7 -> 长剑,火晶石,石英砂,白磷粉末 | I7: 长剑 | J7: 火晶石 | K7: 石英砂 | L7: 白磷粉末 | N7: 铁块,刀刃,, | T7: 铁块,刀刃,, | U7: 火晶石 | V7: 石英砂 | W7: 白磷粉末 | Z7: =T7&","&U7&","&V7&","&W7 -> 铁块,刀刃,,,火晶石,石英砂,白磷粉末
E8: 大地之剑 | G8: =$I8&","&$J8&","&$K8&","&$L8 -> 长剑,土晶石,钢,粘土 | I8: 长剑 | J8: 土晶石 | K8: 钢 | L8: 粘土 | N8: 铁块,刀刃,, | P8: 铸造,铁块,焦炭, | T8: 铁块,刀刃,, | U8: 土晶石 | V8: 铸造,铁块,焦炭, | W8: 粘土 | Z8: =T8&","&U8&","&V8&","&W8 -> 铁块,刀刃,,,土晶石,铸造,铁块,焦炭,,粘土
E9: 冰之刃 | G9: =$I9&","&$J9&","&$K9&","&$L9 -> 长剑,冰晶石,冰的结晶,雪球 | I9: 长剑 | J9: 冰晶石 | K9: 冰的结晶 | L9: 雪球 | N9: 铁块,刀刃,, | T9: 铁块,刀刃,, | U9: 冰晶石 | V9: 冰的结晶 | W9: 雪球 | Z9: =T9&","&U9&","&V9&","&W9 -> 铁块,刀刃,,,冰晶石,冰的结晶,雪球
E10: 铁枪 | G10: =$I10&","&$J10&","&$K10&","&$L10 -> 木棒,铁块,刀刃, | I10: 木棒 | J10: 铁块 | K10: 刀刃 | O10: 铸造,废铁,焦炭, | T10: 木棒 | U10: 铸造,废铁,焦炭, | V10: 刀刃 | Z10: =T10&","&U10&","&V10&","&W10 -> 木棒,铸造,废铁,焦炭,,刀刃,
E11: 血腥之枪 | G11: =$I11&","&$J11&","&$K11&","&$L11 -> 铁枪,魔族之血,银块,蜂刺 | I11: 铁枪 | J11: 魔族之血 | K11: 银块 | L11: 蜂刺 | N11: 木棒,铁块,刀刃, | T11: 木棒,铁块,刀刃, | U11: 魔族之血 | V11: 银块 | W11: 蜂刺 | Z11: =T11&","&U11&","&V11&","&W11 -> 木棒,铁块,刀刃,,魔族之血,银块,蜂刺
E12: 骑士长枪 | G12: =$I12&","&$J12&","&$K12&","&$L12 -> 铁枪,骑士之证,钢, | I12: 铁枪 | J12: 骑士之证 | K12: 钢 | N12: 木棒,铁块,刀刃, | P12: 铸造,铁块,焦炭, | T12: 木棒,铁块,刀刃, | U12: 骑士之证 | V12: 铸造,铁块,焦炭, | Z12: =T12&","&U12&","&V12&","&W12 -> 木棒,铁块,刀刃,,骑士之证,铸造,铁块,焦炭,,
E13: 三叉戟 | G13: =$I13&","&$J13&","&$K13&","&$L13 -> 铁枪,珊瑚,象牙,水晶石 | I13: 铁枪 | J13: 珊瑚 | K13: 象牙 | L13: 水晶石 | N13: 木棒,铁块,刀刃, | T13: 木棒,铁块,刀刃, | U13: 珊瑚 | V13: 象牙 | W13: 水晶石 | Z13: =T13&","&U13&","&V13&","&W13 -> 木棒,铁块,刀刃,,珊瑚,象牙,水晶石
E14: 秘银长剑 | G14: =$I14&","&$J14&","&$K14&","&$L14 -> 银块,刀刃,咒术药水,暮光结晶 | I14: 银块 | J14: 刀刃 | K14: 咒术药水 | L14: 暮光结晶 | T14: 银块 | U14: 刀刃 | V14: 咒术药水 | W14: 暮光结晶 | Z14: =T14&","&U14&","&V14&","&W14 -> 银块,刀刃,咒术药水,暮光结晶
E15: 幻影长枪 | G15: =$I15&","&$J15&","&$K15&","&$L15 -> 幻影水晶,铁枪,夜之幕,风晶石 | I15: 幻影水晶 | J15: 铁枪 | K15: 夜之幕 | L15: 风晶石 | O15: 木棒,铁块,刀刃, | T15: 幻影水晶 | U15: 木棒,铁块,刀刃, | V15: 夜之幕 | W15: 风晶石 | Z15: =T15&","&U15&","&V15&","&W15 -> 幻影水晶,木棒,铁块,刀刃,,夜之幕,风晶石
E16: 战斧 | G16: =$I16&","&$J16&","&$K16&","&$L16 -> 钢,刀刃,兽角, | I16: 钢 | J16: 刀刃 | K16: 兽角 | N16: 铸造,铁块,焦炭, | T16: 铸造,铁块,焦炭, | U16: 刀刃 | V16: 兽角 | Z16: =T16&","&U16&","&V16&","&W16 -> 铸造,铁块,焦炭,,刀刃,兽角,
E17: 毒蜥之牙 | G17: =$I17&","&$J17&","&$K17&","&$L17 -> 战斧,毒淤泥,狼牙, | I17: 战斧 | J17: 毒淤泥 | K17: 狼牙 | N17: 钢,刀刃,兽角, | T17: 钢,刀刃,兽角, | U17: 毒淤泥 | V17: 狼牙 | Z17: =T17&","&U17&","&V17&","&W17 -> 钢,刀刃,兽角,,毒淤泥,狼牙,
E18: 恶魔之斧 | G18: =$I18&","&$J18&","&$K18&","&$L18 -> 战斧,魔族之血,人狼之证,石化之眼 | I18: 战斧 | J18: 魔族之血 | K18: 人狼之证 | L18: 石化之眼 | N18: 钢,刀刃,兽角, | T18: 钢,刀刃,兽角, | U18: 魔族之血 | V18: 人狼之证 | W18: 石化之眼 | Z18: =T18&","&U18&","&V18&","&W18 -> 钢,刀刃,兽角,,魔族之血,人狼之证,石化之眼
E19: 暴雪斧 | G19: =$I19&","&$J19&","&$K19&","&$L19 -> 战斧,雪球,冰晶石,寒冰气息 | I19: 战斧 | J19: 雪球 | K19: 冰晶石 | L19: 寒冰气息 | N19: 钢,刀刃,兽角, | T19: 钢,刀刃,兽角, | U19: 雪球 | V19: 冰晶石 | W19: 寒冰气息 | Z19: =T19&","&U19&","&V19&","&W19 -> 钢,刀刃,兽角,,雪球,冰晶石,寒冰气息
E20: 蛇皮鞭 | G20: =$I20&","&$J20&","&$K20&","&$L20 -> 蛇皮,马尾,蛛丝, | I20: 蛇皮 | J20: 马尾 | K20: 蛛丝 | T20: 蛇皮 | U20: 马尾 | V20: 蛛丝 | Z20: =T20&","&U20&","&V20&","&W20 -> 蛇皮,马尾,蛛丝,
E21: 藤鞭 | G21: =$I21&","&$J21&","&$K21&","&$L21 -> 植物的藤,马尾,蛛丝, | I21: 植物的藤 | J21: 马尾 | K21: 蛛丝 | T21: 植物的藤 | U21: 马尾 | V21: 蛛丝 | Z21: =T21&","&U21&","&V21&","&W21 -> 植物的藤,马尾,蛛丝,
E22: 女王鞭 | G22: =$I22&","&$J22&","&$K22&","&$L22 -> 藤鞭,尖刺,幽魂, | I22: 藤鞭 | J22: 尖刺 | K22: 幽魂 | N22: 植物的藤,马尾,蛛丝, | T22: 植物的藤,马尾,蛛丝, | U22: 尖刺 | V22: 幽魂 | Z22: =T22&","&U22&","&V22&","&W22 -> 植物的藤,马尾,蛛丝,,尖刺,幽魂,
E23: 蛇牙鞭 | G23: =$I23&","&$J23&","&$K23&","&$L23 -> 蛇皮鞭,狼牙,, | I23: 蛇皮鞭 | J23: 狼牙 | N23: 蛇皮,马尾,蛛丝, | P23: 蛇皮,马尾,蛛丝, | T23: 蛇皮,马尾,蛛丝, | U23: 狼牙 | V23: 蛇皮,马尾,蛛丝, | Z23: =T23&","&U23&","&V23&","&W23 -> 蛇皮,马尾,蛛丝,,狼牙,蛇皮,马尾,蛛丝,,
E24: 雷神之鞭 | G24: =$I24&","&$J24&","&$K24&","&$L24 -> 雷鸣宝珠,电偶瓶,蜂刺,女王鞭 | I24: 雷鸣宝珠 | J24: 电偶瓶 | K24: 蜂刺 | L24: 女王鞭 | Q24: 植物的藤,马尾,蛛丝,尖刺,幽魂, | T24: 雷鸣宝珠 | U24: 电偶瓶 | V24: 蜂刺 | W24: 植物的藤,马尾,蛛丝,尖刺,幽魂, | Z24: =T24&","&U24&","&V24&","&W24 -> 雷鸣宝珠,电偶瓶,蜂刺,植物的藤,马尾,蛛丝,尖刺,幽魂,
E25: 死亡之鞭 | G25: =$I25&","&$J25&","&$K25&","&$L25 -> 脏绷带,亡者之土,寒冰火种,蛇牙鞭 | I25: 脏绷带 | J25: 亡者之土 | K25: 寒冰火种 | L25: 蛇牙鞭 | Q25: 蛇皮,马尾,蛛丝,,狼牙, | T25: 脏绷带 | U25: 亡者之土 | V25: 寒冰火种 | W25: 蛇皮,马尾,蛛丝,,狼牙, | Z25: =T25&","&U25&","&V25&","&W25 -> 脏绷带,亡者之土,寒冰火种,蛇皮,马尾,蛛丝,,狼牙,
E26: 布衣 | G26: =$I26&","&$J26&","&$K26&","&$L26 -> 布片,毛线,, | I26: 布片 | J26: 毛线 | N26: 纺织,毛线,, | O26: 纺线,羊毛,, | T26: 纺织,毛线,, | U26: 纺线,羊毛,, | Z26: =T26&","&U26&","&V26&","&W26 -> 纺织,毛线,,,纺线,羊毛,,,,
E27: 皮铠 | G27: =$I27&","&$J27&","&$K27&","&$L27 -> 皮革,粘液,蛛丝, | I27: 皮革 | J27: 粘液 | K27: 蛛丝 | N27: 鞣制,兽皮,, | T27: 鞣制,兽皮,, | U27: 粘液 | V27: 蛛丝 | Z27: =T27&","&U27&","&V27&","&W27 -> 鞣制,兽皮,,,粘液,蛛丝,
E28: 锁子甲 | G28: =$I28&","&$J28&","&$K28&","&$L28 -> 皮铠,珊瑚,钢, | I28: 皮铠 | J28: 珊瑚 | K28: 钢 | N28: 皮革,粘液,蛛丝, | P28: 铸造,铁块,焦炭, | T28: 皮革,粘液,蛛丝, | U28: 珊瑚 | V28: 铸造,铁块,焦炭, | Z28: =T28&","&U28&","&V28&","&W28 -> 皮革,粘液,蛛丝,,珊瑚,铸造,铁块,焦炭,,
E29: 毛皮斗篷 | G29: =$I29&","&$J29&","&$K29&","&$L29 -> 皮铠,魔兽皮毛,羊毛, | I29: 皮铠 | J29: 魔兽皮毛 | K29: 羊毛 | N29: 皮革,粘液,蛛丝, | T29: 皮革,粘液,蛛丝, | U29: 魔兽皮毛 | V29: 羊毛 | Z29: =T29&","&U29&","&V29&","&W29 -> 皮革,粘液,蛛丝,,魔兽皮毛,羊毛,
E30: 铁铠甲 | G30: =$I30&","&$J30&","&$K30&","&$L30 -> 铁块,石英砂,, | I30: 铁块 | J30: 石英砂 | N30: 铸造,废铁,焦炭, | T30: 铸造,废铁,焦炭, | U30: 石英砂 | Z30: =T30&","&U30&","&V30&","&W30 -> 铸造,废铁,焦炭,,石英砂,,
E31: 红莲之铠 | G31: =$I31&","&$J31&","&$K31&","&$L31 -> 铁铠甲,遗骨,火晶石,魔力之土 | I31: 铁铠甲 | J31: 遗骨 | K31: 火晶石 | L31: 魔力之土 | N31: 铁块,石英砂,, | T31: 铁块,石英砂,, | U31: 遗骨 | V31: 火晶石 | W31: 魔力之土 | Z31: =T31&","&U31&","&V31&","&W31 -> 铁块,石英砂,,,遗骨,火晶石,魔力之土
E32: 铁龟铠 | G32: =$I32&","&$J32&","&$K32&","&$L32 -> 龟壳,铁铠甲,琥珀, | I32: 龟壳 | J32: 铁铠甲 | K32: 琥珀 | O32: 铁块,石英砂,, | T32: 龟壳 | U32: 铁块,石英砂,, | V32: 琥珀 | Z32: =T32&","&U32&","&V32&","&W32 -> 龟壳,铁块,石英砂,,,琥珀,
E33: 华丽背心 | G33: =$I33&","&$J33&","&$K33&","&$L33 -> 彩色的布,彩色羽毛,毛线, | I33: 彩色的布 | J33: 彩色羽毛 | K33: 毛线 | P33: 纺线,羊毛,, | T33: 彩色的布 | U33: 彩色羽毛 | V33: 纺线,羊毛,, | Z33: =T33&","&U33&","&V33&","&W33 -> 彩色的布,彩色羽毛,纺线,羊毛,,,
E34: 鳞铠 | G34: =$I34&","&$J34&","&$K34&","&$L34 -> 鳞片,粘液,皮革, | I34: 鳞片 | J34: 粘液 | K34: 皮革 | P34: 鞣制,兽皮,, | T34: 鳞片 | U34: 粘液 | V34: 鞣制,兽皮,, | Z34: =T34&","&U34&","&V34&","&W34 -> 鳞片,粘液,鞣制,兽皮,,,
E35: 暗之袍 | G35: =$I35&","&$J35&","&$K35&","&$L35 -> 夜之幕,毛线,亡者之土,幽魂 | I35: 夜之幕 | J35: 毛线 | K35: 亡者之土 | L35: 幽魂 | O35: 纺线,羊毛,, | T35: 夜之幕 | U35: 纺线,羊毛,, | V35: 亡者之土 | W35: 幽魂 | Z35: =T35&","&U35&","&V35&","&W35 -> 夜之幕,纺线,羊毛,,,亡者之土,幽魂
E36: 疾风背心 | G36: =$I36&","&$J36&","&$K36&","&$L36 -> 布衣,风晶石,奇美拉之翼, | I36: 布衣 | J36: 风晶石 | K36: 奇美拉之翼 | N36: 布片,毛线,, | T36: 布片,毛线,, | U36: 风晶石 | V36: 奇美拉之翼 | Z36: =T36&","&U36&","&V36&","&W36 -> 布片,毛线,,,风晶石,奇美拉之翼,
E37: 魔法铠甲 | G37: =$I37&","&$J37&","&$K37&","&$L37 -> 皮铠,水晶球,金块,兽角 | I37: 皮铠 | J37: 水晶球 | K37: 金块 | L37: 兽角 | N37: 皮革,粘液,蛛丝, | T37: 皮革,粘液,蛛丝, | U37: 水晶球 | V37: 金块 | W37: 兽角 | Z37: =T37&","&U37&","&V37&","&W37 -> 皮革,粘液,蛛丝,,水晶球,金块,兽角
E38: 钢刃锁甲 | G38: =$I38&","&$J38&","&$K38&","&$L38 -> 铁铠甲,刀刃,钢,土晶石 | I38: 铁铠甲 | J38: 刀刃 | K38: 钢 | L38: 土晶石 | N38: 铁块,石英砂,, | P38: 铸造,铁块,焦炭, | T38: 铁块,石英砂,, | U38: 刀刃 | V38: 铸造,铁块,焦炭, | W38: 土晶石 | Z38: =T38&","&U38&","&V38&","&W38 -> 铁块,石英砂,,,刀刃,铸造,铁块,焦炭,,土晶石
E39: 丝织长袍 | G39: =$I39&","&$J39&","&$K39&","&$L39 -> 布片,蛛丝,彩色羽毛, | I39: 布片 | J39: 蛛丝 | K39: 彩色羽毛 | N39: 纺织,毛线,, | T39: 纺织,毛线,, | U39: 蛛丝 | V39: 彩色羽毛 | Z39: =T39&","&U39&","&V39&","&W39 -> 纺织,毛线,,,蛛丝,彩色羽毛,
E40: 水之羽衣 | G40: =$I40&","&$J40&","&$K40&","&$L40 -> 布衣,水晶石,防水皮革, | I40: 布衣 | J40: 水晶石 | K40: 防水皮革 | N40: 布片,毛线,, | T40: 布片,毛线,, | U40: 水晶石 | V40: 防水皮革 | Z40: =T40&","&U40&","&V40&","&W40 -> 布片,毛线,,,水晶石,防水皮革,
E41: 贵族长裙 | G41: =$I41&","&$J41&","&$K41&","&$L41 -> 华丽背心,贵族徽章,珍珠,金块 | I41: 华丽背心 | J41: 贵族徽章 | K41: 珍珠 | L41: 金块 | N41: 彩色的布,彩色羽毛,毛线, | T41: 彩色的布,彩色羽毛,毛线, | U41: 贵族徽章 | V41: 珍珠 | W41: 金块 | Z41: =T41&","&U41&","&V41&","&W41 -> 彩色的布,彩色羽毛,毛线,,贵族徽章,珍珠,金块
E42: 幸运之衣 | G42: =$I42&","&$J42&","&$K42&","&$L42 -> 远古的硬币,布衣,脏绷带,暮光结晶 | I42: 远古的硬币 | J42: 布衣 | K42: 脏绷带 | L42: 暮光结晶 | O42: 布片,毛线,, | T42: 远古的硬币 | U42: 布片,毛线,, | V42: 脏绷带 | W42: 暮光结晶 | Z42: =T42&","&U42&","&V42&","&W42 -> 远古的硬币,布片,毛线,,,脏绷带,暮光结晶
E43: 布鞋 | G43: =$I43&","&$J43&","&$K43&","&$L43 -> 布片,鹿角,粘液, | I43: 布片 | J43: 鹿角 | K43: 粘液 | N43: 纺织,毛线,, | T43: 纺织,毛线,, | U43: 鹿角 | V43: 粘液 | Z43: =T43&","&U43&","&V43&","&W43 -> 纺织,毛线,,,鹿角,粘液,
E44: 皮鞋 | G44: =$I44&","&$J44&","&$K44&","&$L44 -> 皮革,鹿角,粘液, | I44: 皮革 | J44: 鹿角 | K44: 粘液 | N44: 鞣制,兽皮,, | T44: 鞣制,兽皮,, | U44: 鹿角 | V44: 粘液 | Z44: =T44&","&U44&","&V44&","&W44 -> 鞣制,兽皮,,,鹿角,粘液,
E45: 士兵长靴 | G45: =$I45&","&$J45&","&$K45&","&$L45 -> 铁块,琥珀,龟壳, | I45: 铁块 | J45: 琥珀 | K45: 龟壳 | N45: 铸造,废铁,焦炭, | T45: 铸造,废铁,焦炭, | U45: 琥珀 | V45: 龟壳 | Z45: =T45&","&U45&","&V45&","&W45 -> 铸造,废铁,焦炭,,琥珀,龟壳,
E46: 登山者之靴 | G46: =$I46&","&$J46&","&$K46&","&$L46 -> 皮鞋,鳞片,蛇皮, | I46: 皮鞋 | J46: 鳞片 | K46: 蛇皮 | N46: 皮革,鹿角,粘液, | T46: 皮革,鹿角,粘液, | U46: 鳞片 | V46: 蛇皮 | Z46: =T46&","&U46&","&V46&","&W46 -> 皮革,鹿角,粘液,,鳞片,蛇皮,
E47: 运动鞋 | G47: =$I47&","&$J47&","&$K47&","&$L47 -> 布鞋,风晶石,蛛丝, | I47: 布鞋 | J47: 风晶石 | K47: 蛛丝 | N47: 布片,鹿角,粘液, | T47: 布片,鹿角,粘液, | U47: 风晶石 | V47: 蛛丝 | Z47: =T47&","&U47&","&V47&","&W47 -> 布片,鹿角,粘液,,风晶石,蛛丝,
E48: 贵族长靴 | G48: =$I48&","&$J48&","&$K48&","&$L48 -> 皮鞋,珍珠,魔兽皮毛,贵族徽章 | I48: 皮鞋 | J48: 珍珠 | K48: 魔兽皮毛 | L48: 贵族徽章 | N48: 皮革,鹿角,粘液, | T48: 皮革,鹿角,粘液, | U48: 珍珠 | V48: 魔兽皮毛 | W48: 贵族徽章 | Z48: =T48&","&U48&","&V48&","&W48 -> 皮革,鹿角,粘液,,珍珠,魔兽皮毛,贵族徽章
E49: 武道鞋 | G49: =$I49&","&$J49&","&$K49&","&$L49 -> 布鞋,武道精华,水晶石,彩色的布 | I49: 布鞋 | J49: 武道精华 | K49: 水晶石 | L49: 彩色的布 | N49: 布片,鹿角,粘液, | T49: 布片,鹿角,粘液, | U49: 武道精华 | V49: 水晶石 | W49: 彩色的布 | Z49: =T49&","&U49&","&V49&","&W49 -> 布片,鹿角,粘液,,武道精华,水晶石,彩色的布
E50: 骑士护胫 | G50: =$I50&","&$J50&","&$K50&","&$L50 -> 士兵长靴,骑士之证,象牙,钢 | I50: 士兵长靴 | J50: 骑士之证 | K50: 象牙 | L50: 钢 | N50: 铁块,琥珀,龟壳, | Q50: 铸造,铁块,焦炭, | T50: 铁块,琥珀,龟壳, | U50: 骑士之证 | V50: 象牙 | W50: 铸造,铁块,焦炭, | Z50: =T50&","&U50&","&V50&","&W50 -> 铁块,琥珀,龟壳,,骑士之证,象牙,铸造,铁块,焦炭,
E51: 贤者之履 | G51: =$I51&","&$J51&","&$K51&","&$L51 -> 布鞋,贤者晶石,妖精粉,防水皮革 | I51: 布鞋 | J51: 贤者晶石 | K51: 妖精粉 | L51: 防水皮革 | N51: 布片,鹿角,粘液, | T51: 布片,鹿角,粘液, | U51: 贤者晶石 | V51: 妖精粉 | W51: 防水皮革 | Z51: =T51&","&U51&","&V51&","&W51 -> 布片,鹿角,粘液,,贤者晶石,妖精粉,防水皮革
E52: 风神之履 | G52: =$I52&","&$J52&","&$K52&","&$L52 -> 奇美拉之翼,运动鞋,夜之幕,人狼之证 | I52: 奇美拉之翼 | J52: 运动鞋 | K52: 夜之幕 | L52: 人狼之证 | O52: 布片,鹿角,粘液,,风晶石,蛛丝, | T52: 奇美拉之翼 | U52: 布片,鹿角,粘液,,风晶石,蛛丝, | V52: 夜之幕 | W52: 人狼之证 | Z52: =T52&","&U52&","&V52&","&W52 -> 奇美拉之翼,布片,鹿角,粘液,,风晶石,蛛丝,,夜之幕,人狼之证
E53: 踏浪长靴 | G53: =$I53&","&$J53&","&$K53&","&$L53 -> 登山者之靴,防水皮革,水晶石,寒冰气息 | I53: 登山者之靴 | J53: 防水皮革 | K53: 水晶石 | L53: 寒冰气息 | N53: 皮革,鹿角,粘液,,鳞片,蛇皮, | T53: 皮革,鹿角,粘液,,鳞片,蛇皮, | U53: 防水皮革 | V53: 水晶石 | W53: 寒冰气息 | Z53: =T53&","&U53&","&V53&","&W53 -> 皮革,鹿角,粘液,,鳞片,蛇皮,,防水皮革,水晶石,寒冰气息
G54: =$I54&","&$J54&","&$K54&","&$L54 -> ,,,
G55: =$I55&","&$J55&","&$K55&","&$L55 -> ,,,
E56: 毛线 | G56: =$I56&","&$J56&","&$K56&","&$L56 -> 纺线,羊毛,, | I56: 纺线 | J56: 羊毛
E57: 布片 | G57: =$I57&","&$J57&","&$K57&","&$L57 -> 纺织,毛线,, | I57: 纺织 | J57: 毛线
E58: 皮革 | G58: =$I58&","&$J58&","&$K58&","&$L58 -> 鞣制,兽皮,, | I58: 鞣制 | J58: 兽皮
E59: 铁块 | G59: =$I59&","&$J59&","&$K59&","&$L59 -> 铸造,废铁,焦炭, | I59: 铸造 | J59: 废铁 | K59: 焦炭
E60: 铁块 | G60: =$I60&","&$J60&","&$K60&","&$L60 -> 铸造,铁矿,焦炭, | I60: 铸造 | J60: 铁矿 | K60: 焦炭
E61: 钢 | G61: =$I61&","&$J61&","&$K61&","&$L61 -> 铸造,铁块,焦炭, | I61: 铸造 | J61: 铁块 | K61: 焦炭
G62: =$I62&","&$J62&","&$K62&","&$L62 -> ,,,
E63: 回春卷轴 | G63: =$I63&","&$J63&","&$K63&","&$L63 -> 月之光华,暗夜之露,仙人掌, | I63: 月之光华 | J63: 暗夜之露 | K63: 仙人掌
E64: 振奋卷轴 | G64: =$I64&","&$J64&","&$K64&","&$L64 -> 图腾号角,星的眼泪,草药茶, | I64: 图腾号角 | J64: 星的眼泪 | K64: 草药茶
E65: 昏睡卷轴 | G65: =$I65&","&$J65&","&$K65&","&$L65 -> 妖精粉,迷幻孢子,诅咒宝珠, | I65: 妖精粉 | J65: 迷幻孢子 | K65: 诅咒宝珠
E66: 感电卷轴 | G66: =$I66&","&$J66&","&$K66&","&$L66 -> 月之光华,电偶瓶,魔力之土, | I66: 月之光华 | J66: 电偶瓶 | K66: 魔力之土
E67: 冰氛卷轴 | G67: =$I67&","&$J67&","&$K67&","&$L67 -> 寒冰气息,冰的结晶,魔力之土, | I67: 寒冰气息 | J67: 冰的结晶 | K67: 魔力之土
E68: 火氛卷轴 | G68: =$I68&","&$J68&","&$K68&","&$L68 -> 白磷粉末,萤火树汁,魔力之土, | I68: 白磷粉末 | J68: 萤火树汁 | K68: 魔力之土
E69: 沉默卷轴 | G69: =$I69&","&$J69&","&$K69&","&$L69 -> 石化之眼,亡者之土,琥珀, | I69: 石化之眼 | J69: 亡者之土 | K69: 琥珀
E70: 减速卷轴 | G70: =$I70&","&$J70&","&$K70&","&$L70 -> 神奇泥浆,魔族之血,遗骨, | I70: 神奇泥浆 | J70: 魔族之血 | K70: 遗骨
E71: 闪避卷轴 | G71: =$I71&","&$J71&","&$K71&","&$L71 -> 暮光结晶,粘液,贤者晶石, | I71: 暮光结晶 | J71: 粘液 | K71: 贤者晶石
E72: 力量卷轴 | G72: =$I72&","&$J72&","&$K72&","&$L72 -> 力量果实,咒术药水,象牙, | I72: 力量果实 | J72: 咒术药水 | K72: 象牙
E73: 魅惑卷轴 | G73: =$I73&","&$J73&","&$K73&","&$L73 -> 魅惑药水,恶魔花瓣,毒淤泥, | I73: 魅惑药水 | J73: 恶魔花瓣 | K73: 毒淤泥

Sheet Sheet1
C3: 1 | D3: 2 | E3: 3 | F3: 4 | G3: 5 | H3: 6 | I3: 7 | J3: 8
D4: hp | E4: mp | F4: 体力 | G4: 攻击buff | H4: 防御buff | I4: 速度buff | J4: 幸运buff
C5: 腌芜菁 | D5: 15
C6: 蔬菜沙拉 | D6: 15
C7: 三明治 | F7: 10 | I7: 7
C8: 腌萝卜 | D8: 20
C9: 拉面 | F9: 20
C10: 蜂蜜蛋糕 | F10: 20
C11: 披萨 | F11: 30
C12: 腌黄瓜 | D12: 25
C13: 烤西兰花 | D13: 35
C14: 水煮蛋 | E14: 10
C15: 烤肉串 | H15: 10
C16: 饭团 | F16: 30
C17: 面包 | F17: 40
C18: 烤海苔 | I18: 10
C19: 烤肉饼 | H19: 15
C20: 汉堡 | F20: 60
C21: 辣蟹堡 | E21: 20
C22: 土豆泥 | D22: 40
C23: 海鲜饭 | F23: 80
C24: 烤玉米 | D24: 50
C25: 蔬菜汁 | I25: 15
C26: 西瓜果汁 | J26: 15
C27: 奇异果汁 | J27: 15
C28: 葡萄汁 | J28: 20
C29: 菠萝汁 | J29: 20
C30: 草莓汁 | J30: 20
C31: 蓝莓汁 | J31: 20
C32: 玉米汁 | I32: 15
C33: 烤蜜薯 | D33: 60
C34: 甜菜汁 | I34: 20
C35: 黄油
C36: 奶酪
C37: 烤茄子 | D37: 70
C38: 饺子 | D38: 80 | E38: 30 | F38: 70
C39: 炖菜 | D39: 100 | E39: 40
C40: 烤芦笋 | D40: 100
C41: 红菜汤 | E41: 50
C42: 豌豆汤 | E42: 60
C43: 草莓牛奶 | E43: 70 | J43: 30
C44: 莓莓果汁 | I44: 20 | J44: 30
C45: 鲑鱼饭团 | F45: 100
C46: 拿铁 | E46: 80 | J46: 40
C47: 黑咖啡 | I47: 30
C48: 葡萄酒 | G48: 10
C49: 伏特加 | G49: 20
C50: 啤酒 | G50: 15
C51: 朗姆 | G51: 25
C52: 野蜂拉格 | G52: 30
C53: 双莓白兰地 | G53: 40
C54: 绯红之吻 | G54: 40
C55: 阳光男孩 | G55: 35
C56: 盐烤鲮鱼 | H56: 20
C57: 盐烤丁鱼 | H57: 25
C58: 盐烤虹鳟鱼 | H58: 30
C59: 烤鲷鱼 | E59: 100
C60: 盐烤金鳟鱼 | H60: 40
C61: 盐烤鲑鱼 | H61: 40
C62: 烤沙丁鱼串 | F62: 130
C63: 烤竹荚鱼 | F63: 140
C64: 烤海鳗 | E64: 120
C65: 烤比目鱼 | D65: 160
C66: 烤河豚鱼 | D66: 180
C67: 烤条石鲷 | D67: 180
C68: 烤红鲷鱼 | D68: 200
C69: 烤蓝蟹 | G69: 50
C70: 烤龙虾 | G70: 50
C71: 烤金枪鱼 | G71: 60
C72: 煮蟹肉 | E72: 150 | H72: 45
C73: 海鲜浓汤 | E73: 160
C74: 鳗鱼饭 | F74: 150 | H74: 45
C75: 鲫鱼蔬菜汤 | D75: 140 | E75: 100
C76: 鲮鱼丸 | H76: 50
C77: 鲑鱼刺身 | I77: 32
C78: 章鱼小丸子 | H78: 55
C79: 炖煮条石鲷 | E79: 180
C80: 红鲷刺身 | I80: 35
C81: 河豚刺身 | I81: 40
C82: 螃蟹煲 | D82: 170 | E82: 130
C83: 金枪鱼刺身 | I83: 45
C84: 龙虾鱼子酱 | E84: 200
C85: 凉茶 | I85: 50 | J85: 50
