Workbook

Sheet NPCBehaviorData
A2: int | B2: string | C2: int | D2: List<int> | E2: int | F2: List<int> | G2: List<int2> | H2: int | I2: int | J2: int | K2: int | L2: int | M2: int | N2: int | O2: int | P2: string | Q2: List<int> | R2: List<int2> | S2: List<int2> | T2: List<int2> | U2: int[] | V2: int[]
A3: id | B3: npcName | C3: home | D3: homeAreas | E3: workMap | F3: workMapAreas | G3: visitShops | H3: likeItem | I3: unLikeItem | J3: likeTalk | K3: unlikeTalk | L3: likeEmote | M3: unlikeEmote | N3: defaultTalk | O3: defaultEmote | P3: behaviorName | Q3: dailyTasks | R3: beds | S3: workItems | T3: npcFriends | U3: gameTimeRanges | V3: visitMaps
A4: 3 | B4: 班尼迪克 | C4: 1014 | E4: 0 | G4: 1000,500|1001,500|1002,500|1003,500|1004,500|1005,500|1006,500|1007,500|1008,500|1009,500|1010,500|1011,500 | H4: =VLOOKUP(B4,Sheet1!$E$2:$G$33,2,FALSE) -> 13 | I4: =VLOOKUP(B4,Sheet1!$E$2:$G$33,3,FALSE) -> 15 | J4: 30000 | K4: 30001 | L4: 30002 | M4: 30003 | N4: 30004 | O4: 30005 | P4: Default | Q4: 10,11,12,3 | R4: 1014,1089143 | T4: 5,100|9,100|10,100|12,100|21,100|23,100|25,100|26,100|27,100|30,100|35,100|36,100|39,100|41,100|37,100 | U4: 6,0,9,0,9,0,17,30,17,30,19,30,19,30, 22,0,22,0,24,0 | V4: 60001,60002,60003,60004,60005
A5: 4 | B5: 马 | C5: 0 | E5: 0 | H5: 0 | I5: 0 | J5: 0 | K5: 0 | L5: 0 | M5: 0 | N5: 0 | O5: 0
A6: 5 | B6: 玛德琳 | C6: 948 | E6: 948 | G6: 1000,500|1001,500|1002,500|1003,500|1004,500|1005,500|1006,500|1007,500|1008,500|1009,500|1010,500|1011,500 | H6: =VLOOKUP(B6,Sheet1!$E$2:$G$33,2,FALSE) -> 24 | I6: =VLOOKUP(B6,Sheet1!$E$2:$G$33,3,FALSE) -> 11 | J6: 30000 | K6: 30001 | L6: 30002 | M6: 30003 | N6: 30004 | O6: 30005 | P6: Default | Q6: 0,1,2,3 | R6: 948,1070089 | S6: 948,1068306 | T6: 3,100|9,100|10,100|12,100|21,100|23,100|25,100|26,100|27,100|30,100|35,100|36,100|39,100|41,100|7,100|18,100|24,100|16,100|17,100 | U6: 6,0,9,0,9,0,17,30,17,30,19,30,19,30, 22,0,22,0,24,0 | V6: 60001,60002,60003,60004,60005
A7: 6 | B7: 布莱兹 | C7: 948 | E7: 948 | G7: 1000,500|1001,500|1002,500|1003,500|1004,500|1005,500|1006,500|1007,500|1008,500|1009,500|1010,500|1011,500 | H7: =VLOOKUP(B7,Sheet1!$E$2:$G$33,2,FALSE) -> 25 | I7: =VLOOKUP(B7,Sheet1!$E$2:$G$33,3,FALSE) -> 1 | J7: 30000 | K7: 30001 | L7: 30002 | M7: 30003 | N7: 30004 | O7: 30005 | P7: Default | Q7: 0,1,2,3 | R7: 948,1071156 | S7: 948,1068306 | T7: 8,100|9,100|10,100|12,100|14,100|16,100|18,100|19,100|22,100|23,100|26,100|28,100|30,100|34,100|38,100|41,100|40,100 | U7: 6,0,9,0,9,0,17,30,17,30,19,30,19,30, 22,0,22,0,24,0 | V7: 60001,60002,60003,60004,60005
A8: 7 | B8: 丝特芬妮 | C8: 900 | E8: 900 | G8: 1000,500|1001,500|1002,500|1003,500|1004,500|1005,500|1006,500|1007,500|1008,500|1009,500|1010,500|1011,500 | H8: =VLOOKUP(B8,Sheet1!$E$2:$G$33,2,FALSE) -> 8 | I8: =VLOOKUP(B8,Sheet1!$E$2:$G$33,3,FALSE) -> 4 | J8: 30000 | K8: 30001 | L8: 30002 | M8: 30003 | N8: 30004 | O8: 30005 | P8: Default | Q8: 0,1,2,3 | R8: 900,1081513 | S8: 900,1079546 | T8: 5,100|12,100|14,100|16,100|17,100|21,100|22,100|24,100|36,100|38,100|41,100|40,100|23,100|10,100 | U8: 6,0,9,0,9,0,17,30,17,30,19,30,19,30, 22,0,22,0,24,0 | V8: 60001,60002,60003,60004,60005
A9: 8 | B9: 格吉尔 | C9: 900 | E9: 900 | G9: 1000,500|1001,500|1002,500|1003,500|1004,500|1005,500|1006,500|1007,500|1008,500|1009,500|1010,500|1011,500 | H9: =VLOOKUP(B9,Sheet1!$E$2:$G$33,2,FALSE) -> 4 | I9: =VLOOKUP(B9,Sheet1!$E$2:$G$33,3,FALSE) -> 6 | J9: 30000 | K9: 30001 | L9: 30002 | M9: 30003 | N9: 30004 | O9: 30005 | P9: Default | Q9: 0,1,2,3 | R9: 900,1080132 | S9: 900,1079546 | T9: 3,100|6,100|9,100|12,100|18,100|19,100|21,100|22,100|26,100|27,100|28,100|30,100|29,100|34,100|35,100|39,100|41,100|31,100 | U9: 6,0,9,0,9,0,17,30,17,30,19,30,19,30, 22,0,22,0,24,0 | V9: 60001,60002,60003,60004,60005
A10: 9 | B10: 亚度尼斯 | C10: 5170 | D10: 51702 | E10: 0 | G10: 1000,500|1001,500|1002,500|1003,500|1004,500|1005,500|1006,500|1007,500|1008,500|1009,500|1010,500|1011,500 | H10: =VLOOKUP(B10,Sheet1!$E$2:$G$33,2,FALSE) -> 10 | I10: =VLOOKUP(B10,Sheet1!$E$2:$G$33,3,FALSE) -> 20 | J10: 30000 | K10: 30001 | L10: 30002 | M10: 30003 | N10: 30004 | O10: 30005 | P10: Default | Q10: 10,11,12,3 | R10: 5170,1156253 | T10: 5,100|3,100|10,100|17,100|12,100|6,100|23,100|25,100|26,100|28,100|29,100|30,100|32,100|35,100|39,100|41,100 | U10: 6,0,9,0,9,0,17,30,17,30,19,30,19,30, 22,0,22,0,24,0 | V10: 60001,60002,60003,60004,60005
A11: 10 | B11: 琼 | C11: 5170 | D11: 51700 | E11: 3115 | G11: 1000,500|1001,500|1002,500|1003,500|1004,500|1005,500|1006,500|1007,500|1008,500|1009,500|1010,500|1011,500 | H11: =VLOOKUP(B11,Sheet1!$E$2:$G$33,2,FALSE) -> 23 | I11: =VLOOKUP(B11,Sheet1!$E$2:$G$33,3,FALSE) -> 21 | J11: 30000 | K11: 30001 | L11: 30002 | M11: 30003 | N11: 30004 | O11: 30005 | P11: Default | Q11: 0,1,2,3 | R11: 5170,1156284 | S11: 3115,1164186 | T11: 3,100|5,100|6,100|7,100|8,100|9,100|10,100|12,100|14,100|16,100|17,100|18,100|19,100|21,100|22,100|23,100|24,100|25,100|26,100|27,100|28,100|29,100|30,100|31,100|34,100|35,100|36,100|37,100|38,100|39,100|40,100|41,100 | U11: 6,0,9,0,9,0,17,30,17,30,19,30,19,30, 22,0,22,0,24,0 | V11: 60001,60002,60003,60004,60005
A12: 31 | B12: 强尼 | C12: 5170 | D12: 51701 | E12: 3115 | G12: 1000,500|1001,500|1002,500|1003,500|1004,500|1005,500|1006,500|1007,500|1008,500|1009,500|1010,500|1011,500 | H12: =VLOOKUP(B12,Sheet1!$E$2:$G$33,2,FALSE) -> 9 | I12: =VLOOKUP(B12,Sheet1!$E$2:$G$33,3,FALSE) -> 20 | J12: 30000 | K12: 30001 | L12: 30002 | M12: 30003 | N12: 30004 | O12: 30005 | P12: Default | Q12: 0,1,2,3 | R12: 5170,1156900 | S12: 3115,1164186 | T12: 3,100|6,100|9,100|12,100|18,100|19,100|21,100|22,100|26,100|27,100|28,100|30,100|29,100|34,100|35,100|39,100|41,100|8,100 | U12: 6,0,9,0,9,0,17,30,17,30,19,30,19,30, 22,0,22,0,24,0 | V12: 60001,60002,60003,60004,60005
A13: 12 | B13: 占卜婆婆 | C13: 4800 | E13: 4800 | G13: 1000,500|1001,500|1002,500|1003,500|1004,500|1005,500|1006,500|1007,500|1008,500|1009,500|1010,500|1011,500 | H13: =VLOOKUP(B13,Sheet1!$E$2:$G$33,2,FALSE) -> 21 | I13: =VLOOKUP(B13,Sheet1!$E$2:$G$33,3,FALSE) -> 23 | J13: 30000 | K13: 30001 | L13: 30002 | M13: 30003 | N13: 30004 | O13: 30005 | P13: Default | Q13: 0,1,2,3 | R13: 4800,1143244 | S13: 4800,1144907 | T13: 5,100|3,100|27,100|35,100|39,100|41,100|25,100|29,100 | U13: 6,0,9,0,9,0,17,30,17,30,19,30,19,30, 22,0,22,0,24,0 | V13: 60001,60002,60003,60004,60005
A14: 14 | B14: 奥蒂莉亚 | C14: 1112 | E14: 1014 | G14: 1000,500|1001,500|1002,500|1003,500|1004,500|1005,500|1006,500|1007,500|1008,500|1009,500|1010,500|1011,500 | H14: =VLOOKUP(B14,Sheet1!$E$2:$G$33,2,FALSE) -> 29 | I14: =VLOOKUP(B14,Sheet1!$E$2:$G$33,3,FALSE) -> 14 | J14: 30000 | K14: 30001 | L14: 30002 | M14: 30003 | N14: 30004 | O14: 30005 | P14: Default | Q14: 0,1,2,3 | R14: 1112,1090312 | S14: 1014,1088635 | T14: 3,100|5,100|7,100|10,100|12,100|16,100|17,100|18,100|21,100|22,100|36,100|38,100|40,100|41,100|14,100|23,100|30,100|39,100 | U14: 6,0,9,0,9,0,17,30,17,30,19,30,19,30, 22,0,22,0,24,0 | V14: 60001,60002,60003,60004,60005
A15: 40 | B15: 黛芙妮 | C15: 2270 | E15: 2180 | G15: 1000,500|1001,500|1002,500|1003,500|1004,500|1005,500|1006,500|1007,500|1008,500|1009,500|1010,500|1011,500 | H15: =VLOOKUP(B15,Sheet1!$E$2:$G$33,2,FALSE) -> 15 | I15: =VLOOKUP(B15,Sheet1!$E$2:$G$33,3,FALSE) -> 17 | J15: 30000 | K15: 30001 | L15: 30002 | M15: 30003 | N15: 30004 | O15: 30005 | P15: Default | Q15: 0,1,2,3 | R15: 2270,1167153 | S15: 2180,1165443 | T15: 3,100|5,100|7,100|10,100|12,100|16,100|17,100|18,100|21,100|22,100|36,100|14,100|38,100|41,100|23,100 | U15: 6,0,9,0,9,0,17,30,17,30,19,30,19,30, 22,0,22,0,24,0 | V15: 60001,60002,60003,60004,60005
A16: 36 | B16: 艾琳娜 | C16: 2270 | E16: 2180 | G16: 1000,500|1001,500|1002,500|1003,500|1004,500|1005,500|1006,500|1007,500|1008,500|1009,500|1010,500|1011,500 | H16: =VLOOKUP(B16,Sheet1!$E$2:$G$33,2,FALSE) -> 2 | I16: =VLOOKUP(B16,Sheet1!$E$2:$G$33,3,FALSE) -> 28 | J16: 30000 | K16: 30001 | L16: 30002 | M16: 30003 | N16: 30004 | O16: 30005 | P16: Default | Q16: 0,1,2,3 | R16: 2270,1166370 | S16: 2180,1166370 | T16: 3,100|9,100|10,100|12,100|21,100|23,100|25,100|26,100|27,100|30,100|35,100|5,100|39,100|41,100|7,100|18,100|24,100|16,100|17,100 | U16: 6,0,9,0,9,0,17,30,17,30,19,30,19,30, 22,0,22,0,24,0 | V16: 60001,60002,60003,60004,60005
A17: 16 | B17: 坎蒂丝 | C17: 2270 | E17: 2180 | G17: 1000,500|1001,500|1002,500|1003,500|1004,500|1005,500|1006,500|1007,500|1008,500|1009,500|1010,500|1011,500 | H17: =VLOOKUP(B17,Sheet1!$E$2:$G$33,2,FALSE) -> 26 | I17: =VLOOKUP(B17,Sheet1!$E$2:$G$33,3,FALSE) -> 16 | J17: 30000 | K17: 30001 | L17: 30002 | M17: 30003 | N17: 30004 | O17: 30005 | P17: Default | Q17: 0,1,2,3 | R17: 2270,1167418 | S17: 2180,1165443 | T17: 3,100|5,100|7,100|10,100|12,100|16,100|17,100|18,100|21,100|22,100|36,100|38,100|40,100|41,100|23,100 | U17: 6,0,9,0,9,0,17,30,17,30,19,30,19,30, 22,0,22,0,24,0 | V17: 60001,60002,60003,60004,60005
A18: 17 | B18: 希拉 | C18: 1112 | E18: 1014 | G18: 1000,500|1001,500|1002,500|1003,500|1004,500|1005,500|1006,500|1007,500|1008,500|1009,500|1010,500|1011,500 | H18: =VLOOKUP(B18,Sheet1!$E$2:$G$33,2,FALSE) -> 16 | I18: =VLOOKUP(B18,Sheet1!$E$2:$G$33,3,FALSE) -> 26 | J18: 30000 | K18: 30001 | L18: 30002 | M18: 30003 | N18: 30004 | O18: 30005 | P18: Default | Q18: 10,11,12,3 | R18: 1112,1090881 | T18: 3,100|5,100|7,100|10,100|12,100|16,100|18,100|21,100|22,100|36,100|38,100|40,100|41,100|14,100|23,100|30,100|39,100 | U18: 6,0,9,0,9,0,17,30,17,30,19,30,19,30, 22,0,22,0,24,0 | V18: 60001,60002,60003,60004,60005
A19: 29 | B19: 夏佐 | C19: 4918 | E19: 0 | G19: 1000,500|1001,500|1002,500|1003,500|1004,500|1005,500|1006,500|1007,500|1008,500|1009,500|1010,500|1011,500 | H19: =VLOOKUP(B19,Sheet1!$E$2:$G$33,2,FALSE) -> 27 | I19: =VLOOKUP(B19,Sheet1!$E$2:$G$33,3,FALSE) -> 8 | J19: 30000 | K19: 30001 | L19: 30002 | M19: 30003 | N19: 30004 | O19: 30005 | P19: Default | Q19: 10,11,12,3 | R19: 4918,1147517 | T19: 12,100|21,100|35,100|41,100|5,100|25,100 | U19: 6,0,9,0,9,0,17,30,17,30,19,30,19,30, 22,0,22,0,24,0 | V19: 60001,60002,60003,60004,60005
A20: 18 | B20: 希尔达 | C20: 5013 | E20: 5013 | G20: 1000,500|1001,500|1002,500|1003,500|1004,500|1005,500|1006,500|1007,500|1008,500|1009,500|1010,500|1011,500 | H20: =VLOOKUP(B20,Sheet1!$E$2:$G$33,2,FALSE) -> 3 | I20: =VLOOKUP(B20,Sheet1!$E$2:$G$33,3,FALSE) -> 30 | J20: 30000 | K20: 30001 | L20: 30002 | M20: 30003 | N20: 30004 | O20: 30005 | P20: Default | Q20: 0,1,2,3 | R20: 5013,1153081 | S20: 5013,1154408 | T20: 3,100|5,100|7,100|10,100|12,100|16,100|21,100|22,100|36,100|38,100|40,100|41,100|14,100|23,100|30,100|39,100|17,100 | U20: 6,0,9,0,9,0,17,30,17,30,19,30,19,30, 22,0,22,0,24,0 | V20: 60001,60002,60003,60004,60005
A21: 38 | B21: 爱丽丝 | C21: 5013 | E21: 5013 | G21: 1000,500|1001,500|1002,500|1003,500|1004,500|1005,500|1006,500|1007,500|1008,500|1009,500|1010,500|1011,500 | H21: =VLOOKUP(B21,Sheet1!$E$2:$G$33,2,FALSE) -> 26 | I21: =VLOOKUP(B21,Sheet1!$E$2:$G$33,3,FALSE) -> 15 | J21: 30000 | K21: 30001 | L21: 30002 | M21: 30003 | N21: 30004 | O21: 30005 | P21: Default | Q21: 0,1,2,3 | R21: 5013,1153488 | S21: 5013,1154408 | T21: 3,100|5,100|7,100|10,100|12,100|16,100|17,100|18,100|21,100|22,100|36,100|14,100|40,100|41,100|23,100 | U21: 6,0,9,0,9,0,17,30,17,30,19,30,19,30, 22,0,22,0,24,0 | V21: 60001,60002,60003,60004,60005
A22: 37 | B22: 莱特 | C22: 1856 | E22: 1756 | G22: 1000,500|1001,500|1002,500|1003,500|1004,500|1005,500|1006,500|1007,500|1008,500|1009,500|1010,500|1011,500 | H22: =VLOOKUP(B22,Sheet1!$E$2:$G$33,2,FALSE) -> 14 | I22: =VLOOKUP(B22,Sheet1!$E$2:$G$33,3,FALSE) -> 5 | J22: 30000 | K22: 30001 | L22: 30002 | M22: 30003 | N22: 30004 | O22: 30005 | P22: Default | Q22: 0,1,2,3 | R22: 1856,1071058 | S22: 1756,1019120 | T22: 8,100|9,100|10,100|12,100|14,100|16,100|18,100|19,100|22,100|23,100|28,100|30,100|34,100|38,100|41,100|40,100 | U22: 6,0,9,0,9,0,17,30,17,30,19,30,19,30, 22,0,22,0,24,0 | V22: 60001,60002,60003,60004,60005
A23: 19 | B23: 布拉德利 | C23: 1856 | E23: 1756 | G23: 1000,500|1001,500|1002,500|1003,500|1004,500|1005,500|1006,500|1007,500|1008,500|1009,500|1010,500|1011,500 | H23: =VLOOKUP(B23,Sheet1!$E$2:$G$33,2,FALSE) -> 28 | I23: =VLOOKUP(B23,Sheet1!$E$2:$G$33,3,FALSE) -> 12 | J23: 30000 | K23: 30001 | L23: 30002 | M23: 30003 | N23: 30004 | O23: 30005 | P23: Default | Q23: 0,1,2,3 | R23: 1856,1080475 | S23: 1756,1019120 | T23: 3,100|5,100|6,100|8,100|9,100|10,100|12,100|21,100|23,100|26,100|27,100|28,100|29,100|30,100|34,100|35,100|36,100|37,100|39,100|41,100 | U23: 6,0,9,0,9,0,17,30,17,30,19,30,19,30, 22,0,22,0,24,0 | V23: 60001,60002,60003,60004,60005
A24: 21 | B24: 布蓝达 | C24: 3300 | E24: 3297 | G24: 1000,500|1001,500|1002,500|1003,500|1004,500|1005,500|1006,500|1007,500|1008,500|1009,500|1010,500|1011,500 | H24: =VLOOKUP(B24,Sheet1!$E$2:$G$33,2,FALSE) -> 19 | I24: =VLOOKUP(B24,Sheet1!$E$2:$G$33,3,FALSE) -> 18 | J24: 30000 | K24: 30001 | L24: 30002 | M24: 30003 | N24: 30004 | O24: 30005 | P24: Default | Q24: 10,11,12,3 | R24: 3300,1070049 | T24: 3,100|5,100|6,100|7,100|10,100|9,100|12,100|16,100|17,100|18,100|23,100|27,100|28,100|29,100|30,100|35,100|36,100|37,100|39,100|41,100 | U24: 6,0,9,0,9,0,17,30,17,30,19,30,19,30, 22,0,22,0,24,0 | V24: 60001,60002,60003,60004,60005
A25: 22 | B25: 希贝儿 | C25: 3056 | E25: 3056 | G25: 1000,500|1001,500|1002,500|1003,500|1004,500|1005,500|1006,500|1007,500|1008,500|1009,500|1010,500|1011,500 | H25: =VLOOKUP(B25,Sheet1!$E$2:$G$33,2,FALSE) -> 20 | I25: =VLOOKUP(B25,Sheet1!$E$2:$G$33,3,FALSE) -> 22 | J25: 30000 | K25: 30001 | L25: 30002 | M25: 30003 | N25: 30004 | O25: 30005 | P25: Default | Q25: 0,1,2,3 | R25: 3056,1166131 | S25: 3056,1019972 | T25: 5,100|12,100|14,100|16,100|17,100|21,100|7,100|24,100|36,100|38,100|41,100|40,100|23,100|10,100 | U25: 6,0,9,0,9,0,17,30,17,30,19,30,19,30, 22,0,22,0,24,0 | V25: 60001,60002,60003,60004,60005
A26: 25 | B26: 梅林 | C26: 3056 | E26: 3056 | G26: 1000,500|1001,500|1002,500|1003,500|1004,500|1005,500|1006,500|1007,500|1008,500|1009,500|1010,500|1011,500 | H26: =VLOOKUP(B26,Sheet1!$E$2:$G$33,2,FALSE) -> 17 | I26: =VLOOKUP(B26,Sheet1!$E$2:$G$33,3,FALSE) -> 1 | J26: 30000 | K26: 30001 | L26: 30002 | M26: 30003 | N26: 30004 | O26: 30005 | P26: Default | Q26: 10,11,12,3 | R26: 3056,1166294 | T26: 12,100|41,100|35,100|21,100|5,100|29,100|3,100|27,100|39,100 | U26: 6,0,9,0,9,0,17,30,17,30,19,30,19,30, 22,0,22,0,24,0 | V26: 60001,60002,60003,60004,60005
A27: 23 | B27: 帕特里克 | C27: 2015 | E27: 0 | G27: 1000,500|1001,500|1002,500|1003,500|1004,500|1005,500|1006,500|1007,500|1008,500|1009,500|1010,500|1011,500 | H27: =VLOOKUP(B27,Sheet1!$E$2:$G$33,2,FALSE) -> 16 | I27: =VLOOKUP(B27,Sheet1!$E$2:$G$33,3,FALSE) -> 27 | J27: 30000 | K27: 30001 | L27: 30002 | M27: 30003 | N27: 30004 | O27: 30005 | P27: Default | Q27: 10,11,12,3 | R27: 2015,1071591 | T27: 3,100|5,100|6,100|7,100|9,100|10,100|12,100|16,100|17,100|18,100|19,100|21,100|25,100|26,100|27,100|28,100|29,100|30,100|31,100|34,100|35,100|36,100|37,100|39,100|41,100 | U27: 6,0,9,0,9,0,17,30,17,30,19,30,19,30, 22,0,22,0,24,0 | V27: 60001,60002,60003,60004,60005
A28: 24 | B28: 朵儿洁 | C28: 4765 | E28: 0 | G28: 1000,500|1001,500|1002,500|1003,500|1004,500|1005,500|1006,500|1007,500|1008,500|1009,500|1010,500|1011,500 | H28: =VLOOKUP(B28,Sheet1!$E$2:$G$33,2,FALSE) -> 5 | I28: =VLOOKUP(B28,Sheet1!$E$2:$G$33,3,FALSE) -> 1 | J28: 30000 | K28: 30001 | L28: 30002 | M28: 30003 | N28: 30004 | O28: 30005 | P28: Default | Q28: 10,11,12,3 | R28: 4765,1139029 | T28: 10,100|12,100|21,100|35,100|41,100|5,100|25,100 | U28: 6,0,9,0,9,0,17,30,17,30,19,30,19,30, 22,0,22,0,24,0 | V28: 60001,60002,60003,60004,60005
A29: 35 | B29: 阿普敦 | C29: 4696 | E29: 0 | G29: 1000,500|1001,500|1002,500|1003,500|1004,500|1005,500|1006,500|1007,500|1008,500|1009,500|1010,500|1011,500 | H29: =VLOOKUP(B29,Sheet1!$E$2:$G$33,2,FALSE) -> 18 | I29: =VLOOKUP(B29,Sheet1!$E$2:$G$33,3,FALSE) -> 2 | J29: 30000 | K29: 30001 | L29: 30002 | M29: 30003 | N29: 30004 | O29: 30005 | P29: Default | Q29: 10,11,12,3 | R29: 4696,1042715 | T29: 5,100|9,100|10,100|12,100|21,100|23,100|25,100|26,100|27,100|30,100|3,100|36,100|39,100|41,100|37,100 | U29: 6,0,9,0,9,0,17,30,17,30,19,30,19,30, 22,0,22,0,24,0 | V29: 60001,60002,60003,60004,60005
A30: 26 | B30: 摩尔根 | C30: 2902 | E30: 0 | G30: 1000,500|1001,500|1002,500|1003,500|1004,500|1005,500|1006,500|1007,500|1008,500|1009,500|1010,500|1011,500 | H30: =VLOOKUP(B30,Sheet1!$E$2:$G$33,2,FALSE) -> 1 | I30: =VLOOKUP(B30,Sheet1!$E$2:$G$33,3,FALSE) -> 24 | J30: 30000 | K30: 30001 | L30: 30002 | M30: 30003 | N30: 30004 | O30: 30005 | P30: Default | Q30: 0,1,2,3 | R30: 2902,1168177 | S30: 2497,1116139 | T30: 8,100|9,100|10,100|12,100|14,100|16,100|18,100|19,100|6,100|22,100|23,100|28,100|30,100|34,100|38,100|41,100|40,100 | U30: 6,0,9,0,9,0,17,30,17,30,19,30,19,30, 22,0,22,0,24,0 | V30: 60001,60002,60003,60004,60005
A31: 28 | B31: 考波特 | C31: 5476 | D31: 547601 | E31: 0 | G31: 1000,500|1001,500|1002,500|1003,500|1004,500|1005,500|1006,500|1007,500|1008,500|1009,500|1010,500|1011,500 | H31: =VLOOKUP(B31,Sheet1!$E$2:$G$33,2,FALSE) -> 11 | I31: =VLOOKUP(B31,Sheet1!$E$2:$G$33,3,FALSE) -> 25 | J31: 30000 | K31: 30001 | L31: 30002 | M31: 30003 | N31: 30004 | O31: 30005 | P31: Default | Q31: 10,11,12,3 | R31: 5476,1162796 | T31: 3,100|6,100|9,100|12,100|18,100|19,100|21,100|22,100|26,100|27,100|8,100|30,100|29,100|34,100|35,100|39,100|41,100|31,100 | U31: 6,0,9,0,9,0,17,30,17,30,19,30,19,30, 22,0,22,0,24,0 | V31: 60001,60002,60003,60004,60005
A32: 27 | B32: 马勒第兹 | C32: 5476 | D32: 547600 | E32: 0 | G32: 1000,500|1001,500|1002,500|1003,500|1004,500|1005,500|1006,500|1007,500|1008,500|1009,500|1010,500|1011,500 | H32: =VLOOKUP(B32,Sheet1!$E$2:$G$33,2,FALSE) -> 30 | I32: =VLOOKUP(B32,Sheet1!$E$2:$G$33,3,FALSE) -> 3 | J32: 30000 | K32: 30001 | L32: 30002 | M32: 30003 | N32: 30004 | O32: 30005 | P32: Default | Q32: 10,11,12,3 | R32: 5476,1001440 | T32: 5,100|9,100|10,100|12,100|21,100|23,100|25,100|26,100|3,100|30,100|35,100|36,100|39,100|41,100|37,100 | U32: 6,0,9,0,9,0,17,30,17,30,19,30,19,30, 22,0,22,0,24,0 | V32: 60001,60002,60003,60004,60005
A33: 30 | B33: 爱格伯特 | C33: 5293 | E33: 0 | G33: 1000,500|1001,500|1002,500|1003,500|1004,500|1005,500|1006,500|1007,500|1008,500|1009,500|1010,500|1011,500 | H33: =VLOOKUP(B33,Sheet1!$E$2:$G$33,2,FALSE) -> 22 | I33: =VLOOKUP(B33,Sheet1!$E$2:$G$33,3,FALSE) -> 10 | J33: 30000 | K33: 30001 | L33: 30002 | M33: 30003 | N33: 30004 | O33: 30005 | P33: Default | Q33: 10,11,12,3 | R33: 5293,1001490 | T33: 5,100|3,100|10,100|17,100|12,100|6,100|23,100|25,100|26,100|28,100|29,100|9,100|32,100|35,100|39,100|41,100 | U33: 6,0,9,0,9,0,17,30,17,30,19,30,19,30, 22,0,22,0,24,0 | V33: 60001,60002,60003,60004,60005
A34: 34 | B34: 瓦尔特 | C34: 1912 | E34: 0 | G34: 1000,500|1001,500|1002,500|1003,500|1004,500|1005,500|1006,500|1007,500|1008,500|1009,500|1010,500|1011,500 | H34: =VLOOKUP(B34,Sheet1!$E$2:$G$33,2,FALSE) -> 6 | I34: =VLOOKUP(B34,Sheet1!$E$2:$G$33,3,FALSE) -> 12 | J34: 30000 | K34: 30001 | L34: 30002 | M34: 30003 | N34: 30004 | O34: 30005 | P34: Default | Q34: 10,11,12,3 | R34: 1912,1080779 | T34: 3,100|6,100|9,100|12,100|18,100|19,100|21,100|22,100|26,100|27,100|28,100|30,100|29,100|31,100|35,100|39,100|41,100|8,100 | U34: 6,0,9,0,9,0,17,30,17,30,19,30,19,30, 22,0,22,0,24,0 | V34: 60001,60002,60003,60004,60005
A35: 39 | B35: 阿尔杰农 | C35: 1912 | E35: 0 | G35: 1000,500|1001,500|1002,500|1003,500|1004,500|1005,500|1006,500|1007,500|1008,500|1009,500|1010,500|1011,500 | H35: =VLOOKUP(B35,Sheet1!$E$2:$G$33,2,FALSE) -> 1 | I35: =VLOOKUP(B35,Sheet1!$E$2:$G$33,3,FALSE) -> 29 | J35: 30000 | K35: 30001 | L35: 30002 | M35: 30003 | N35: 30004 | O35: 30005 | P35: Default | Q35: 10,11,12,3 | R35: 1912,1080613 | T35: 5,100|9,100|10,100|12,100|21,100|23,100|25,100|26,100|27,100|30,100|35,100|36,100|3,100|41,100|37,100 | U35: 6,0,9,0,9,0,17,30,17,30,19,30,19,30, 22,0,22,0,24,0 | V35: 60001,60002,60003,60004,60005
A36: 41 | B36: 纺织婆婆 | C36: 5309 | D36: 530900 | E36: 5309 | F36: 539001 | G36: 1000,500|1001,500|1002,500|1003,500|1004,500|1005,500|1006,500|1007,500|1008,500|1009,500|1010,500|1011,500 | H36: 12 | I36: 19 | J36: 30000 | K36: 30001 | L36: 30002 | M36: 30003 | N36: 30004 | O36: 30005 | P36: Default | Q36: 0,1,2,3 | R36: 5309,1081691 | S36: 5309,1159783 | T36: 3,100|9,100|10,100|12,100|21,100|23,100|25,100|26,100|27,100|30,100|35,100|36,100|39,100|5,100|7,100|18,100|24,100|16,100|17,100 | U36: 6,0,9,0,9,0,17,30,17,30,19,30,19,30, 22,0,22,0,24,0 | V36: 60001,60002,60003,60004,60005

Sheet Sheet1
E2: 班尼迪克 | F2: 13 | G2: 15
E3: 玛德琳 | F3: 24 | G3: 11
E4: 布莱兹 | F4: 25 | G4: 1
E5: 丝特芬妮 | F5: 8 | G5: 4
E6: 格吉尔 | F6: 4 | G6: 6
E7: 亚度尼斯 | F7: 10 | G7: 20
E8: 琼 | F8: 23 | G8: 21
E9: 占卜婆婆 | F9: 21 | G9: 23
E10: 奥蒂莉亚 | F10: 29 | G10: 14
E11: 坎蒂丝 | F11: 26 | G11: 16
E12: 希拉 | F12: 16 | G12: 26
E13: 希尔达 | F13: 3 | G13: 30
... E33: 艾德文娜 | F33: 12 | G33: 19
